snapshot_utc,snapshot_ms,pair,best_bid_px,best_bid_qty,best_ask_px,best_ask_qty,bid_qty_sum_top20,ask_qty_sum_top20,mexc_timestamp_ms,raw_bids_json,raw_asks_json
2026-08-24T15:08:34.506377Z,1787584114506,PIPPINUSDT,0.019012,1424.82,0.019089,19223.83,187058.2,197695.07,1787584114348,"[[""0.019012"", ""1424.82""], [""0.019010"", ""82.86""], [""0.019002"", ""18387.73""], [""0.019001"", ""9139.78""], [""0.018999"", ""9141.30""], [""0.018980"", ""54818.98""], [""0.018979"", ""27409.49""], [""0.018903"", ""147.77""], [""0.018896"", ""1493.48""], [""0.018889"", ""129.21""], [""0.018853"", ""1622.09""], [""0.018840"", ""1265.99""], [""0.018833"", ""2914.95""], [""0.018829"", ""3026.67""], [""0.018828"", ""3157.86""], [""0.018823"", ""1144.53""], [""0.018751"", ""176.24""], [""0.018677"", ""192.12""], [""0.018606"", ""4365.13""], [""0.018605"", ""47017.20""]]","[[""0.019089"", ""19223.83""], [""0.019090"", ""5238.34""], [""0.019092"", ""11915.98""], [""0.019094"", ""4170.00""], [""0.019100"", ""9133.54""], [""0.019109"", ""10309.34""], [""0.019110"", ""8220.00""], [""0.019111"", ""27399.06""], [""0.019112"", ""8100.00""], [""0.019113"", ""9133.46""], [""0.019114"", ""2970.11""], [""0.019115"", ""27398.70""], [""0.019116"", ""27398.70""], [""0.019119"", ""201.60""], [""0.019161"", ""190.73""], [""0.019196"", ""8840.00""], [""0.019199"", ""3776.50""], [""0.019202"", ""1982.81""], [""0.019203"", ""6937.97""], [""0.019204"", ""5154.40""]]"
2026-08-24T15:08:34.506377Z,1787584114506,NILUSDT,0.04353,735.00,0.04367,117.30,58286.39,89652.46,1787584115013,"[[""0.04353"", ""735.00""], [""0.04350"", ""50.00""], [""0.04349"", ""641.10""], [""0.04348"", ""6075.00""], [""0.04345"", ""628.00""], [""0.04344"", ""3244.50""], [""0.04340"", ""2500.00""], [""0.04339"", ""1388.21""], [""0.04338"", ""2500.00""], [""0.04337"", ""21150.00""], [""0.04333"", ""1197.78""], [""0.04332"", ""7984.04""], [""0.04331"", ""1176.71""], [""0.04330"", ""8480.07""], [""0.04329"", ""210.78""], [""0.04328"", ""210.78""], [""0.04327"", ""29.17""], [""0.04326"", ""27.74""], [""0.04325"", ""27.75""], [""0.04324"", ""29.76""]]","[[""0.04367"", ""117.30""], [""0.04368"", ""3038.00""], [""0.04373"", ""880.60""], [""0.04374"", ""4326.00""], [""0.04378"", ""11203.00""], [""0.04383"", ""10075.10""], [""0.04385"", ""212.22""], [""0.04386"", ""329.85""], [""0.04387"", ""12671.52""], [""0.04388"", ""106.65""], [""0.04389"", ""329.94""], [""0.04390"", ""6041.31""], [""0.04391"", ""106.65""], [""0.04392"", ""106.65""], [""0.04393"", ""27.32""], [""0.04394"", ""282.15""], [""0.04397"", ""29250.00""], [""0.04398"", ""3244.50""], [""0.04400"", ""5947.66""], [""0.04416"", ""1356.04""]]"
2026-08-24T15:10:02.205726Z,1787584202205,PIPPINUSDT,0.019019,82.81,0.019101,19223.83,189556.22,175882.66999999998,1787584201949,"[[""0.019019"", ""82.81""], [""0.019006"", ""4365.13""], [""0.019004"", ""18263.72""], [""0.018986"", ""27389.71""], [""0.018985"", ""54779.42""], [""0.018977"", ""9129.55""], [""0.018903"", ""147.77""], [""0.018889"", ""129.21""], [""0.018881"", ""1504.90""], [""0.018853"", ""1622.09""], [""0.018840"", ""1265.99""], [""0.018833"", ""2914.95""], [""0.018829"", ""3026.67""], [""0.018828"", ""3157.86""], [""0.018823"", ""1144.53""], [""0.018751"", ""176.24""], [""0.018677"", ""192.12""], [""0.018601"", ""47027.31""], [""0.018600"", ""13127.38""], [""0.018597"", ""108.86""]]","[[""0.019101"", ""19223.83""], [""0.019102"", ""1739.29""], [""0.019108"", ""3667.00""], [""0.019110"", ""2751.15""], [""0.019119"", ""201.60""], [""0.019128"", ""13854.03""], [""0.019132"", ""8220.00""], [""0.019133"", ""6036.41""], [""0.019135"", ""18246.48""], [""0.019138"", ""54696.20""], [""0.019148"", ""27346.67""], [""0.019161"", ""190.73""], [""0.019170"", ""3650.00""], [""0.019171"", ""3155.41""], [""0.019172"", ""1773.08""], [""0.019173"", ""1771.72""], [""0.019189"", ""5748.01""], [""0.019193"", ""2024.52""], [""0.019202"", ""208.64""], [""0.019204"", ""1377.90""]]"
2026-08-24T15:10:02.205726Z,1787584202205,NILUSDT,0.04351,117.00,0.04365,822.68,115737.21,89491.0,1787584202314,"[[""0.04351"", ""117.00""], [""0.04350"", ""50.00""], [""0.04349"", ""641.10""], [""0.04348"", ""6075.00""], [""0.04342"", ""4398.18""], [""0.04341"", ""628.00""], [""0.04338"", ""2734.53""], [""0.04337"", ""29516.00""], [""0.04331"", ""987.00""], [""0.04329"", ""1867.03""], [""0.04328"", ""9628.98""], [""0.04327"", ""210.78""], [""0.04326"", ""458.64""], [""0.04325"", ""27.75""], [""0.04324"", ""32.75""], [""0.04323"", ""27.76""], [""0.04322"", ""31.98""], [""0.04321"", ""328.95""], [""0.04320"", ""27.78""], [""0.04318"", ""57948.00""]]","[[""0.04365"", ""822.68""], [""0.04368"", ""3038.00""], [""0.04371"", ""874.40""], [""0.04372"", ""4954.00""], [""0.04374"", ""7634.00""], [""0.04378"", ""10575.00""], [""0.04382"", ""3948.00""], [""0.04384"", ""3823.92""], [""0.04385"", ""8481.60""], [""0.04386"", ""27.36""], [""0.04387"", ""210.42""], [""0.04388"", ""210.42""], [""0.04389"", ""210.42""], [""0.04390"", ""5815.94""], [""0.04391"", ""210.51""], [""0.04392"", ""210.51""], [""0.04393"", ""27.32""], [""0.04395"", ""5922.00""], [""0.04397"", ""29250.00""], [""0.04398"", ""3244.50""]]"
2026-08-24T16:10:02.063890Z,1787587802063,PIPPINUSDT,0.019244,4365.13,0.019355,2401.22,139167.66,174247.65,1787587801949,"[[""0.019244"", ""4365.13""], [""0.019242"", ""4365.13""], [""0.019234"", ""181.59""], [""0.019224"", ""2601.35""], [""0.019222"", ""9017.02""], [""0.019215"", ""27052.24""], [""0.019214"", ""54098.88""], [""0.019207"", ""9021.23""], [""0.019197"", ""9016.60""], [""0.019195"", ""9016.60""], [""0.019166"", ""1215.59""], [""0.019162"", ""104.68""], [""0.019161"", ""1440.04""], [""0.019075"", ""221.21""], [""0.019069"", ""1105.35""], [""0.019028"", ""1269.81""], [""0.019021"", ""1212.45""], [""0.019020"", ""1383.47""], [""0.019018"", ""1209.48""], [""0.019017"", ""1269.81""]]","[[""0.019355"", ""2401.22""], [""0.019356"", ""1474.67""], [""0.019377"", ""4170.00""], [""0.019378"", ""37549.77""], [""0.019379"", ""54079.96""], [""0.019396"", ""10309.34""], [""0.019397"", ""8220.00""], [""0.019398"", ""27038.23""], [""0.019404"", ""1591.50""], [""0.019427"", ""175.76""], [""0.019430"", ""6036.41""], [""0.019439"", ""2671.15""], [""0.019446"", ""1717.00""], [""0.019447"", ""1373.70""], [""0.019457"", ""1619.98""], [""0.019481"", ""1717.00""], [""0.019491"", ""5427.81""], [""0.019494"", ""3359.11""], [""0.019498"", ""3156.38""], [""0.019503"", ""158.66""]]"
2026-08-24T16:10:02.063890Z,1787587802063,NILUSDT,0.04349,6075.00,0.04365,628.00,119734.6,89372.15,1787587802713,"[[""0.04349"", ""6075.00""], [""0.04343"", ""3231.52""], [""0.04341"", ""628.00""], [""0.04340"", ""21150.00""], [""0.04335"", ""234.53""], [""0.04334"", ""8070.00""], [""0.04330"", ""9648.15""], [""0.04329"", ""1092.57""], [""0.04328"", ""27.73""], [""0.04327"", ""211.14""], [""0.04326"", ""546.70""], [""0.04325"", ""9643.92""], [""0.04324"", ""30.23""], [""0.04323"", ""328.95""], [""0.04322"", ""30.64""], [""0.04321"", ""295.68""], [""0.04319"", ""54000.00""], [""0.04316"", ""3948.00""], [""0.04310"", ""515.60""], [""0.04300"", ""26.24""]]","[[""0.04365"", ""628.00""], [""0.04367"", ""427.10""], [""0.04368"", ""1018.85""], [""0.04369"", ""1307.81""], [""0.04370"", ""3038.00""], [""0.04371"", ""3948.00""], [""0.04376"", ""10575.00""], [""0.04380"", ""3244.50""], [""0.04381"", ""210.60""], [""0.04382"", ""210.42""], [""0.04383"", ""1942.54""], [""0.04384"", ""210.42""], [""0.04385"", ""8140.42""], [""0.04386"", ""634.68""], [""0.04387"", ""8735.31""], [""0.04388"", ""27.35""], [""0.04389"", ""9951.12""], [""0.04390"", ""210.33""], [""0.04395"", ""5661.70""], [""0.04397"", ""29250.00""]]"
2026-08-24T17:10:01.507957Z,1787591401507,PIPPINUSDT,0.018685,4892.39,0.018837,40125.64,171220.44,207254.61000000002,1787591401949,"[[""0.018685"", ""4892.39""], [""0.018684"", ""170.22""], [""0.018630"", ""3819.48""], [""0.018629"", ""27828.13""], [""0.018617"", ""55665.53""], [""0.018595"", ""192.47""], [""0.018594"", ""1586.40""], [""0.018592"", ""1538.79""], [""0.018585"", ""9271.68""], [""0.018584"", ""9271.68""], [""0.018546"", ""2463.14""], [""0.018537"", ""1075.19""], [""0.018528"", ""212.71""], [""0.018461"", ""1275.40""], [""0.018451"", ""1313.67""], [""0.018450"", ""159.00""], [""0.018444"", ""1275.40""], [""0.018440"", ""1152.69""], [""0.018392"", ""205.97""], [""0.018281"", ""47850.50""]]","[[""0.018837"", ""40125.64""], [""0.018838"", ""536.00""], [""0.018843"", ""1002.90""], [""0.018847"", ""12866.76""], [""0.018850"", ""27825.90""], [""0.018852"", ""55625.12""], [""0.018864"", ""226.08""], [""0.018866"", ""3335.58""], [""0.018867"", ""4118.50""], [""0.018868"", ""6729.31""], [""0.018870"", ""14256.41""], [""0.018871"", ""18539.72""], [""0.018872"", ""5873.56""], [""0.018875"", ""1592.05""], [""0.018911"", ""3700.00""], [""0.018912"", ""1760.91""], [""0.018917"", ""5280.00""], [""0.018918"", ""2024.52""], [""0.018928"", ""1619.98""], [""0.018967"", ""215.67""]]"
2026-08-24T17:10:01.507957Z,1787591401507,NILUSDT,0.04298,1674.70,0.04310,538.92,117039.38,156161.29,1787591399714,"[[""0.04298"", ""1674.70""], [""0.04292"", ""6075.00""], [""0.04289"", ""1608.52""], [""0.04285"", ""965.22""], [""0.04284"", ""1781.68""], [""0.04283"", ""21150.00""], [""0.04279"", ""28.69""], [""0.04278"", ""1200.57""], [""0.04277"", ""28.06""], [""0.04276"", ""8282.32""], [""0.04275"", ""1269.92""], [""0.04274"", ""8610.57""], [""0.04273"", ""28.83""], [""0.04272"", ""28.09""], [""0.04271"", ""28.10""], [""0.04270"", ""32.17""], [""0.04265"", ""3948.00""], [""0.04258"", ""54000.00""], [""0.04255"", ""489.27""], [""0.04248"", ""5809.67""]]","[[""0.04310"", ""538.92""], [""0.04311"", ""930.88""], [""0.04313"", ""3038.00""], [""0.04316"", ""429.95""], [""0.04317"", ""975.00""], [""0.04318"", ""4326.00""], [""0.04320"", ""628.00""], [""0.04322"", ""10575.00""], [""0.04325"", ""3244.50""], [""0.04328"", ""25124.72""], [""0.04329"", ""213.12""], [""0.04330"", ""213.12""], [""0.04331"", ""8744.76""], [""0.04332"", ""23426.19""], [""0.04333"", ""8028.29""], [""0.04334"", ""106.29""], [""0.04335"", ""11604.15""], [""0.04336"", ""19711.89""], [""0.04337"", ""31058.01""], [""0.04345"", ""3244.50""]]"
2026-08-24T18:10:01.793950Z,1787595001793,PIPPINUSDT,0.018775,4232.13,0.018874,2895.69,144490.38,196198.16,1787595001848,"[[""0.018775"", ""4232.13""], [""0.018774"", ""147.68""], [""0.018759"", ""3027.42""], [""0.018758"", ""2177.26""], [""0.018754"", ""4232.13""], [""0.018752"", ""18496.70""], [""0.018749"", ""27708.48""], [""0.018746"", ""55479.54""], [""0.018734"", ""9243.03""], [""0.018732"", ""1094.00""], [""0.018724"", ""9243.03""], [""0.018685"", ""211.66""], [""0.018639"", ""1146.82""], [""0.018633"", ""1149.10""], [""0.018630"", ""3532.37""], [""0.018624"", ""1773.03""], [""0.018617"", ""113.99""], [""0.018593"", ""1160.11""], [""0.018556"", ""198.91""], [""0.018468"", ""122.99""]]","[[""0.018874"", ""2895.69""], [""0.018877"", ""1572.13""], [""0.018894"", ""36552.58""], [""0.018895"", ""12304.84""], [""0.018904"", ""536.00""], [""0.018905"", ""4170.00""], [""0.018906"", ""27706.27""], [""0.018907"", ""27706.27""], [""0.018908"", ""27706.27""], [""0.018918"", ""192.15""], [""0.018925"", ""8220.00""], [""0.018926"", ""18460.56""], [""0.018951"", ""8100.00""], [""0.018952"", ""3690.00""], [""0.018988"", ""190.40""], [""0.019007"", ""5260.00""], [""0.019008"", ""1855.21""], [""0.019010"", ""1758.50""], [""0.019011"", ""3642.44""], [""0.019012"", ""3678.85""]]"
2026-08-24T18:10:01.793950Z,1787595001793,NILUSDT,0.04396,6075.00,0.04411,586.95,126979.33,102351.76,1787595002513,"[[""0.04396"", ""6075.00""], [""0.04385"", ""855.24""], [""0.04384"", ""21150.00""], [""0.04378"", ""1221.53""], [""0.04376"", ""1075.32""], [""0.04375"", ""2745.98""], [""0.04374"", ""4034.71""], [""0.04373"", ""32.64""], [""0.04372"", ""27.45""], [""0.04371"", ""208.89""], [""0.04370"", ""208.89""], [""0.04369"", ""27.47""], [""0.04368"", ""55164.96""], [""0.04367"", ""2163.00""], [""0.04365"", ""11025.00""], [""0.04355"", ""409.00""], [""0.04346"", ""3052.42""], [""0.04345"", ""5363.54""], [""0.04344"", ""4857.08""], [""0.04343"", ""7281.21""]]","[[""0.04411"", ""586.95""], [""0.04412"", ""115.90""], [""0.04413"", ""2500.00""], [""0.04414"", ""3773.20""], [""0.04415"", ""4326.00""], [""0.04417"", ""3038.00""], [""0.04425"", ""11203.00""], [""0.04427"", ""3244.50""], [""0.04428"", ""208.08""], [""0.04429"", ""5020.17""], [""0.04430"", ""3288.24""], [""0.04431"", ""34702.11""], [""0.04432"", ""207.90""], [""0.04433"", ""207.90""], [""0.04434"", ""9238.41""], [""0.04435"", ""631.17""], [""0.04436"", ""209.52""], [""0.04437"", ""9898.11""], [""0.04440"", ""8868.00""], [""0.04443"", ""1084.60""]]"
2026-08-24T19:10:02.121047Z,1787598602121,PIPPINUSDT,0.018509,848.26,0.018578,20350.28,63655.08,172306.75,1787598601949,"[[""0.018509"", ""848.26""], [""0.018498"", ""18761.79""], [""0.018477"", ""28164.45""], [""0.018474"", ""1334.88""], [""0.018468"", ""122.99""], [""0.018459"", ""208.51""], [""0.018404"", ""2395.78""], [""0.018391"", ""169.90""], [""0.018375"", ""2102.83""], [""0.018370"", ""2102.83""], [""0.018366"", ""2102.83""], [""0.018347"", ""1703.39""], [""0.018334"", ""1332.11""], [""0.018323"", ""202.33""], [""0.018313"", ""1144.53""], [""0.018266"", ""128.76""], [""0.018255"", ""218.81""], [""0.018217"", ""121.92""], [""0.018200"", ""194.86""], [""0.018001"", ""293.32""]]","[[""0.018578"", ""20350.28""], [""0.018579"", ""1248.26""], [""0.018583"", ""15067.53""], [""0.018587"", ""731.22""], [""0.018599"", ""4170.00""], [""0.018600"", ""2775.71""], [""0.018637"", ""3750.00""], [""0.018638"", ""6036.41""], [""0.018642"", ""1328.50""], [""0.018656"", ""28083.39""], [""0.018657"", ""28083.39""], [""0.018658"", ""28079.61""], [""0.018668"", ""5350.00""], [""0.018669"", ""1762.73""], [""0.018670"", ""10260.45""], [""0.018673"", ""9361.13""], [""0.018686"", ""2305.93""], [""0.018704"", ""1603.00""], [""0.018705"", ""1760.91""], [""0.018724"", ""198.30""]]"
2026-08-24T19:10:02.121047Z,1787598602121,NILUSDT,0.04372,6075.00,0.04385,371.60,105433.01,74929.19,1787598602214,"[[""0.04372"", ""6075.00""], [""0.04365"", ""132.14""], [""0.04364"", ""866.60""], [""0.04363"", ""21150.00""], [""0.04362"", ""628.00""], [""0.04354"", ""234.53""], [""0.04353"", ""210.15""], [""0.04352"", ""8280.64""], [""0.04351"", ""2746.13""], [""0.04350"", ""1014.59""], [""0.04349"", ""30.05""], [""0.04348"", ""360.45""], [""0.04347"", ""1353.06""], [""0.04346"", ""3243.69""], [""0.04345"", ""27.62""], [""0.04344"", ""33.06""], [""0.04342"", ""3948.00""], [""0.04340"", ""622.79""], [""0.04336"", ""54000.00""], [""0.04329"", ""476.51""]]","[[""0.04385"", ""371.60""], [""0.04386"", ""628.00""], [""0.04388"", ""2500.00""], [""0.04389"", ""3038.00""], [""0.04391"", ""296.52""], [""0.04393"", ""4326.00""], [""0.04398"", ""10575.00""], [""0.04402"", ""3244.50""], [""0.04403"", ""703.50""], [""0.04404"", ""450.72""], [""0.04405"", ""327.15""], [""0.04406"", ""450.72""], [""0.04407"", ""9778.41""], [""0.04408"", ""846.36""], [""0.04409"", ""27.22""], [""0.04410"", ""384.66""], [""0.04411"", ""10036.53""], [""0.04412"", ""16491.25""], [""0.04413"", ""4531.05""], [""0.04415"", ""5922.00""]]"
2026-08-24T20:10:02.293695Z,1787602202293,PIPPINUSDT,0.018485,788.17,0.018639,39580.00,170795.21,191891.61,1787602202449,"[[""0.018485"", ""788.17""], [""0.018484"", ""9370.12""], [""0.018483"", ""9379.38""], [""0.018481"", ""84337.50""], [""0.018459"", ""208.51""], [""0.018419"", ""1346.17""], [""0.018391"", ""169.90""], [""0.018357"", ""1958.70""], [""0.018346"", ""1977.39""], [""0.018341"", ""2268.40""], [""0.018338"", ""2151.88""], [""0.018326"", ""2878.09""], [""0.018323"", ""202.33""], [""0.018315"", ""2003.83""], [""0.018266"", ""128.76""], [""0.018255"", ""218.81""], [""0.018217"", ""121.92""], [""0.018200"", ""194.86""], [""0.018077"", ""48390.49""], [""0.018076"", ""2700.00""]]","[[""0.018639"", ""39580.00""], [""0.018640"", ""3576.95""], [""0.018642"", ""215.23""], [""0.018644"", ""9363.40""], [""0.018654"", ""13133.91""], [""0.018655"", ""28083.77""], [""0.018656"", ""28080.75""], [""0.018658"", ""28080.75""], [""0.018692"", ""8756.00""], [""0.018694"", ""8100.00""], [""0.018696"", ""1585.36""], [""0.018700"", ""5198.77""], [""0.018705"", ""3740.00""], [""0.018706"", ""2305.93""], [""0.018722"", ""1762.73""], [""0.018724"", ""198.30""], [""0.018725"", ""2055.65""], [""0.018735"", ""1630.84""], [""0.018742"", ""5330.00""], [""0.018743"", ""1113.27""]]"
2026-08-24T20:10:02.293695Z,1787602202293,NILUSDT,0.04422,628.00,0.04438,524.29,123658.76,84087.93000000001,1787602203215,"[[""0.04422"", ""628.00""], [""0.04419"", ""6075.00""], [""0.04413"", ""234.53""], [""0.04412"", ""21150.00""], [""0.04409"", ""2745.77""], [""0.04408"", ""1412.55""], [""0.04407"", ""8377.29""], [""0.04406"", ""207.54""], [""0.04405"", ""30.55""], [""0.04404"", ""1194.63""], [""0.04403"", ""30.08""], [""0.04402"", ""28.16""], [""0.04401"", ""27.27""], [""0.04400"", ""3433.05""], [""0.04392"", ""804.18""], [""0.04391"", ""8312.00""], [""0.04390"", ""3948.00""], [""0.04384"", ""54000.00""], [""0.04378"", ""5361.11""], [""0.04377"", ""5659.05""]]","[[""0.04438"", ""524.29""], [""0.04439"", ""2500.00""], [""0.04440"", ""3038.00""], [""0.04444"", ""378.00""], [""0.04448"", ""1054.98""], [""0.04449"", ""628.00""], [""0.04450"", ""3244.50""], [""0.04453"", ""10575.00""], [""0.04459"", ""3948.00""], [""0.04460"", ""2920.32""], [""0.04461"", ""968.40""], [""0.04462"", ""521.82""], [""0.04463"", ""26.89""], [""0.04464"", ""7293.14""], [""0.04465"", ""29620.89""], [""0.04466"", ""3071.29""], [""0.04467"", ""103.14""], [""0.04468"", ""411.57""], [""0.04469"", ""10015.20""], [""0.04472"", ""3244.50""]]"
2026-08-24T21:10:02.099923Z,1787605802099,PIPPINUSDT,0.018671,1106.23,0.018727,3258.90,153458.73,169277.71,1787605800349,"[[""0.018671"", ""1106.23""], [""0.018670"", ""9300.59""], [""0.018662"", ""9300.34""], [""0.018653"", ""27920.78""], [""0.018651"", ""210.82""], [""0.018650"", ""27893.56""], [""0.018649"", ""27893.56""], [""0.018640"", ""9296.61""], [""0.018636"", ""9296.61""], [""0.018628"", ""1360.77""], [""0.018607"", ""16437.20""], [""0.018523"", ""209.43""], [""0.018478"", ""1967.54""], [""0.018475"", ""2137.79""], [""0.018472"", ""1346.40""], [""0.018471"", ""2877.42""], [""0.018469"", ""1953.36""], [""0.018465"", ""1589.10""], [""0.018459"", ""216.09""], [""0.018431"", ""1144.53""]]","[[""0.018727"", ""3258.90""], [""0.018728"", ""771.19""], [""0.018742"", ""23087.44""], [""0.018743"", ""3258.90""], [""0.018745"", ""14937.31""], [""0.018766"", ""182.85""], [""0.018767"", ""55780.40""], [""0.018774"", ""536.00""], [""0.018775"", ""27894.30""], [""0.018788"", ""4170.00""], [""0.018789"", ""2305.93""], [""0.018808"", ""8559.65""], [""0.018819"", ""3710.00""], [""0.018820"", ""6391.65""], [""0.018821"", ""2992.37""], [""0.018840"", ""1507.41""], [""0.018864"", ""5300.00""], [""0.018865"", ""1759.23""], [""0.018866"", ""1113.27""], [""0.018870"", ""1760.91""]]"
2026-08-24T21:10:02.099923Z,1787605802099,NILUSDT,0.04460,71.19,0.04473,69.71,116013.54,79534.5,1787605802713,"[[""0.04460"", ""71.19""], [""0.04456"", ""307.72""], [""0.04455"", ""6075.00""], [""0.04449"", ""2718.55""], [""0.04448"", ""21150.00""], [""0.04443"", ""234.53""], [""0.04442"", ""628.00""], [""0.04439"", ""987.00""], [""0.04437"", ""102.78""], [""0.04436"", ""8653.86""], [""0.04435"", ""370.62""], [""0.04434"", ""28.49""], [""0.04433"", ""54027.07""], [""0.04432"", ""1149.08""], [""0.04431"", ""15576.32""], [""0.04430"", ""669.96""], [""0.04429"", ""29.73""], [""0.04428"", ""1655.64""], [""0.04426"", ""786.00""], [""0.04425"", ""792.00""]]","[[""0.04473"", ""69.71""], [""0.04477"", ""3038.00""], [""0.04483"", ""929.58""], [""0.04484"", ""4326.00""], [""0.04487"", ""10575.00""], [""0.04491"", ""8783.00""], [""0.04492"", ""3244.50""], [""0.04493"", ""102.78""], [""0.04494"", ""278.10""], [""0.04495"", ""102.78""], [""0.04496"", ""9959.97""], [""0.04497"", ""28.12""], [""0.04498"", ""26.68""], [""0.04499"", ""2006.97""], [""0.04500"", ""126.10""], [""0.04501"", ""30.91""], [""0.04502"", ""30.80""], [""0.04506"", ""3948.00""], [""0.04514"", ""29250.00""], [""0.04521"", ""2677.50""]]"
2026-08-24T22:10:02.001993Z,1787609402001,PIPPINUSDT,0.018703,666.22,0.018766,182.85,197327.77,142516.56,1787609401949,"[[""0.018703"", ""666.22""], [""0.018702"", ""2810.70""], [""0.018695"", ""27818.49""], [""0.018694"", ""18547.64""], [""0.018693"", ""55638.83""], [""0.018680"", ""9277.77""], [""0.018676"", ""9277.77""], [""0.018617"", ""207.68""], [""0.018574"", ""1380.54""], [""0.018550"", ""1094.00""], [""0.018536"", ""2208.88""], [""0.018523"", ""209.43""], [""0.018478"", ""1967.54""], [""0.018475"", ""2137.79""], [""0.018471"", ""2877.42""], [""0.018470"", ""57267.86""], [""0.018469"", ""1953.36""], [""0.018465"", ""1589.10""], [""0.018459"", ""216.09""], [""0.018421"", ""180.66""]]","[[""0.018766"", ""182.85""], [""0.018792"", ""303.60""], [""0.018801"", ""3812.01""], [""0.018805"", ""12629.61""], [""0.018824"", ""4170.00""], [""0.018825"", ""536.00""], [""0.018826"", ""27819.97""], [""0.018827"", ""55635.50""], [""0.018844"", ""16320.00""], [""0.018850"", ""2656.34""], [""0.018851"", ""1844.69""], [""0.018854"", ""2994.82""], [""0.018857"", ""3120.28""], [""0.018866"", ""1113.27""], [""0.018867"", ""3710.00""], [""0.018868"", ""1760.91""], [""0.018869"", ""1762.73""], [""0.018871"", ""1808.12""], [""0.018877"", ""152.33""], [""0.018918"", ""183.53""]]"
2026-08-24T22:10:02.001993Z,1787609402001,NILUSDT,0.04492,33.39,0.04500,23.41,88789.11,97125.02,1787609402613,"[[""0.04492"", ""33.39""], [""0.04491"", ""7621.39""], [""0.04485"", ""226.00""], [""0.04484"", ""628.00""], [""0.04481"", ""6075.00""], [""0.04479"", ""3244.50""], [""0.04475"", ""670.83""], [""0.04474"", ""21150.00""], [""0.04471"", ""2718.55""], [""0.04470"", ""2163.00""], [""0.04469"", ""204.48""], [""0.04468"", ""204.66""], [""0.04467"", ""7825.03""], [""0.04466"", ""6744.03""], [""0.04465"", ""204.75""], [""0.04464"", ""204.84""], [""0.04463"", ""558.18""], [""0.04462"", ""204.84""], [""0.04461"", ""20120.94""], [""0.04460"", ""7986.70""]]","[[""0.04500"", ""23.41""], [""0.04505"", ""66.78""], [""0.04506"", ""1055.89""], [""0.04507"", ""3038.00""], [""0.04508"", ""4326.00""], [""0.04511"", ""628.00""], [""0.04513"", ""8676.00""], [""0.04515"", ""10575.00""], [""0.04520"", ""3244.50""], [""0.04521"", ""3948.00""], [""0.04522"", ""985.68""], [""0.04523"", ""8239.50""], [""0.04524"", ""21386.88""], [""0.04525"", ""4632.30""], [""0.04526"", ""103.41""], [""0.04527"", ""278.91""], [""0.04528"", ""103.32""], [""0.04529"", ""10305.00""], [""0.04530"", ""30.42""], [""0.04531"", ""15478.02""]]"
2026-08-24T23:10:01.562749Z,1787613001562,PIPPINUSDT,0.018653,576.43,0.018743,3788.70,212067.88,174825.48,1787613001248,"[[""0.018653"", ""576.43""], [""0.018652"", ""2683.09""], [""0.018643"", ""10980.06""], [""0.018642"", ""9293.47""], [""0.018641"", ""92953.48""], [""0.018634"", ""9296.11""], [""0.018632"", ""9288.42""], [""0.018617"", ""207.68""], [""0.018585"", ""1094.00""], [""0.018557"", ""1414.91""], [""0.018523"", ""213.42""], [""0.018522"", ""2064.74""], [""0.018519"", ""3713.41""], [""0.018502"", ""2884.23""], [""0.018491"", ""2639.56""], [""0.018470"", ""57267.86""], [""0.018459"", ""216.09""], [""0.018453"", ""3955.73""], [""0.018432"", ""1144.53""], [""0.018421"", ""180.66""]]","[[""0.018743"", ""3788.70""], [""0.018744"", ""93.06""], [""0.018759"", ""28599.94""], [""0.018760"", ""1571.00""], [""0.018761"", ""4519.00""], [""0.018767"", ""158.52""], [""0.018779"", ""13845.25""], [""0.018786"", ""27876.43""], [""0.018787"", ""27876.43""], [""0.018794"", ""536.00""], [""0.018795"", ""4170.00""], [""0.018796"", ""27876.43""], [""0.018818"", ""16320.00""], [""0.018821"", ""1808.12""], [""0.018855"", ""3710.00""], [""0.018856"", ""2110.28""], [""0.018860"", ""1751.74""], [""0.018861"", ""1811.31""], [""0.018874"", ""5290.00""], [""0.018875"", ""1113.27""]]"
2026-08-24T23:10:01.562749Z,1787613001562,NILUSDT,0.04484,6635.30,0.04500,23.41,114188.33,107135.21,1787613002213,"[[""0.04484"", ""6635.30""], [""0.04477"", ""3244.50""], [""0.04474"", ""21778.00""], [""0.04469"", ""2953.08""], [""0.04468"", ""2163.00""], [""0.04467"", ""31.19""], [""0.04466"", ""204.84""], [""0.04465"", ""204.84""], [""0.04464"", ""204.84""], [""0.04463"", ""1739.87""], [""0.04462"", ""204.84""], [""0.04461"", ""558.27""], [""0.04460"", ""26.91""], [""0.04459"", ""28.82""], [""0.04458"", ""26.92""], [""0.04454"", ""652.49""], [""0.04453"", ""7210.00""], [""0.04448"", ""56163.00""], [""0.04435"", ""6214.54""], [""0.04434"", ""3943.08""]]","[[""0.04500"", ""23.41""], [""0.04503"", ""913.23""], [""0.04504"", ""1607.78""], [""0.04506"", ""3038.00""], [""0.04507"", ""4326.00""], [""0.04511"", ""10575.00""], [""0.04516"", ""3244.50""], [""0.04519"", ""4152.21""], [""0.04520"", ""204.30""], [""0.04521"", ""2155.68""], [""0.04522"", ""428.85""], [""0.04523"", ""13163.48""], [""0.04524"", ""103.41""], [""0.04525"", ""8993.79""], [""0.04526"", ""1781.19""], [""0.04527"", ""18590.91""], [""0.04528"", ""278.91""], [""0.04533"", ""3244.50""], [""0.04536"", ""29250.00""], [""0.04551"", ""1060.06""]]"
2026-08-25T00:10:01.625728Z,1787616601625,PIPPINUSDT,0.018829,1081.51,0.018912,869.90,180857.79,125888.56,1787616601349,"[[""0.018829"", ""1081.51""], [""0.018828"", ""137.55""], [""0.018784"", ""38710.10""], [""0.018783"", ""1081.51""], [""0.018779"", ""3171.78""], [""0.018775"", ""1573.26""], [""0.018769"", ""147.62""], [""0.018765"", ""18449.80""], [""0.018764"", ""9226.98""], [""0.018756"", ""55353.04""], [""0.018752"", ""27668.09""], [""0.018748"", ""9222.70""], [""0.018709"", ""168.39""], [""0.018663"", ""1499.59""], [""0.018637"", ""2836.54""], [""0.018617"", ""192.45""], [""0.018598"", ""1898.29""], [""0.018570"", ""2880.37""], [""0.018552"", ""3168.36""], [""0.018524"", ""2389.86""]]","[[""0.018912"", ""869.90""], [""0.018913"", ""3283.61""], [""0.018930"", ""4170.00""], [""0.018931"", ""27666.62""], [""0.018942"", ""27656.00""], [""0.018943"", ""27663.69""], [""0.018981"", ""3680.00""], [""0.018982"", ""8100.00""], [""0.018984"", ""2784.50""], [""0.018989"", ""2784.50""], [""0.018998"", ""2362.17""], [""0.019001"", ""1747.81""], [""0.019011"", ""2655.23""], [""0.019016"", ""172.69""], [""0.019018"", ""5250.00""], [""0.019019"", ""1760.91""], [""0.019027"", ""1113.27""], [""0.019068"", ""1808.12""], [""0.019080"", ""167.07""], [""0.019174"", ""192.47""]]"
2026-08-25T00:10:01.625728Z,1787616601625,NILUSDT,0.04500,33.33,0.04519,634.81,48777.58,50259.37,1787616601413,"[[""0.04500"", ""33.33""], [""0.04497"", ""580.80""], [""0.04494"", ""3872.50""], [""0.04487"", ""416.80""], [""0.04486"", ""1348.29""], [""0.04485"", ""2163.00""], [""0.04481"", ""8152.02""], [""0.04480"", ""101.97""], [""0.04479"", ""13528.55""], [""0.04478"", ""26.80""], [""0.04477"", ""1213.97""], [""0.04476"", ""8152.11""], [""0.04475"", ""343.35""], [""0.04474"", ""29.40""], [""0.04473"", ""102.15""], [""0.04472"", ""3250.26""], [""0.04468"", ""2163.00""], [""0.04463"", ""505.63""], [""0.04462"", ""1994.65""], [""0.04461"", ""799.00""]]","[[""0.04519"", ""634.81""], [""0.04520"", ""628.00""], [""0.04525"", ""3244.50""], [""0.04532"", ""3244.50""], [""0.04535"", ""8084.70""], [""0.04536"", ""4738.52""], [""0.04537"", ""101.52""], [""0.04538"", ""2982.33""], [""0.04539"", ""281.85""], [""0.04540"", ""101.43""], [""0.04541"", ""8075.88""], [""0.04542"", ""324.81""], [""0.04543"", ""8661.69""], [""0.04544"", ""101.52""], [""0.04549"", ""1081.50""], [""0.04559"", ""440.50""], [""0.04561"", ""3244.50""], [""0.04567"", ""1224.80""], [""0.04569"", ""1428.94""], [""0.04571"", ""1633.07""]]"
2026-08-25T01:10:01.802672Z,1787620201802,PIPPINUSDT,0.019196,885.06,0.019291,3077.83,146233.45,240606.34,1787620201848,"[[""0.019196"", ""885.06""], [""0.019195"", ""199.29""], [""0.019184"", ""30062.79""], [""0.019183"", ""9048.52""], [""0.019182"", ""9050.48""], [""0.019163"", ""27126.39""], [""0.019162"", ""27126.39""], [""0.019161"", ""27125.69""], [""0.019152"", ""1094.00""], [""0.019141"", ""1672.38""], [""0.019136"", ""1345.55""], [""0.019121"", ""1870.26""], [""0.019115"", ""205.83""], [""0.019095"", ""2853.02""], [""0.019089"", ""2433.55""], [""0.019079"", ""1966.73""], [""0.019059"", ""1569.89""], [""0.019029"", ""159.50""], [""0.018929"", ""245.18""], [""0.018873"", ""192.95""]]","[[""0.019291"", ""3077.83""], [""0.019292"", ""4170.00""], [""0.019294"", ""140.63""], [""0.019304"", ""536.00""], [""0.019306"", ""13467.31""], [""0.019316"", ""27060.30""], [""0.019317"", ""27116.53""], [""0.019318"", ""27124.28""], [""0.019333"", ""1808.12""], [""0.019334"", ""9025.60""], [""0.019335"", ""9025.60""], [""0.019400"", ""3600.00""], [""0.019401"", ""5150.00""], [""0.019402"", ""1531.86""], [""0.019403"", ""160.21""], [""0.019441"", ""189.44""], [""0.019491"", ""1539.00""], [""0.019492"", ""3207.62""], [""0.019497"", ""2676.01""], [""0.019500"", ""100000.00""]]"
2026-08-25T01:10:01.802672Z,1787620201802,NILUSDT,0.04487,49.21,0.04499,125.10,112508.41,88258.64,1787620202514,"[[""0.04487"", ""49.21""], [""0.04483"", ""789.60""], [""0.04482"", ""6075.00""], [""0.04480"", ""323.54""], [""0.04479"", ""3244.50""], [""0.04475"", ""21778.00""], [""0.04474"", ""8061.00""], [""0.04472"", ""234.53""], [""0.04471"", ""2163.00""], [""0.04466"", ""1140.63""], [""0.04465"", ""3513.24""], [""0.04464"", ""28.77""], [""0.04463"", ""2616.39""], [""0.04462"", ""1216.33""], [""0.04461"", ""3181.14""], [""0.04460"", ""102.42""], [""0.04459"", ""3936.31""], [""0.04458"", ""26.92""], [""0.04457"", ""27.88""], [""0.04455"", ""54000.00""]]","[[""0.04499"", ""125.10""], [""0.04505"", ""83.28""], [""0.04506"", ""3666.00""], [""0.04511"", ""3948.00""], [""0.04515"", ""349.44""], [""0.04516"", ""18490.00""], [""0.04520"", ""7352.59""], [""0.04521"", ""203.76""], [""0.04522"", ""203.58""], [""0.04523"", ""4568.37""], [""0.04524"", ""8209.98""], [""0.04525"", ""203.58""], [""0.04526"", ""203.58""], [""0.04527"", ""482.49""], [""0.04528"", ""28.86""], [""0.04529"", ""26.50""], [""0.04536"", ""29250.00""], [""0.04542"", ""3244.50""], [""0.04545"", ""5922.00""], [""0.04552"", ""1697.03""]]"
2026-08-25T02:10:01.586278Z,1787623801586,PIPPINUSDT,0.019029,159.50,0.019091,1455.94,79560.64,130822.57,1787623801349,"[[""0.019029"", ""159.50""], [""0.019005"", ""9795.29""], [""0.018935"", ""3159.23""], [""0.018934"", ""2330.28""], [""0.018933"", ""2473.91""], [""0.018931"", ""1599.65""], [""0.018929"", ""245.18""], [""0.018927"", ""1550.51""], [""0.018898"", ""1877.94""], [""0.018887"", ""1330.17""], [""0.018886"", ""1468.16""], [""0.018873"", ""192.95""], [""0.018864"", ""1144.53""], [""0.018797"", ""184.16""], [""0.018784"", ""125.20""], [""0.018680"", ""259.59""], [""0.018617"", ""1574.67""], [""0.018616"", ""46989.41""], [""0.018583"", ""470.31""], [""0.018553"", ""2630.00""]]","[[""0.019091"", ""1455.94""], [""0.019092"", ""1518.28""], [""0.019103"", ""54814.30""], [""0.019104"", ""27406.97""], [""0.019150"", ""4170.00""], [""0.019176"", ""536.00""], [""0.019177"", ""1113.27""], [""0.019178"", ""202.55""], [""0.019179"", ""6036.41""], [""0.019180"", ""9670.35""], [""0.019181"", ""4436.92""], [""0.019183"", ""2250.49""], [""0.019190"", ""3276.80""], [""0.019192"", ""2998.20""], [""0.019267"", ""186.81""], [""0.019294"", ""140.63""], [""0.019403"", ""160.21""], [""0.019441"", ""189.44""], [""0.019490"", ""8720.00""], [""0.019491"", ""1539.00""]]"
2026-08-25T02:10:01.586278Z,1787623801586,NILUSDT,0.04418,500.82,0.04432,979.53,108350.59,110520.34,1787623802113,"[[""0.04418"", ""500.82""], [""0.04417"", ""690.10""], [""0.04415"", ""6075.00""], [""0.04412"", ""3244.50""], [""0.04408"", ""29427.00""], [""0.04407"", ""628.00""], [""0.04406"", ""505.63""], [""0.04404"", ""234.53""], [""0.04403"", ""2163.00""], [""0.04401"", ""27.27""], [""0.04400"", ""4390.47""], [""0.04399"", ""1141.04""], [""0.04398"", ""3184.65""], [""0.04397"", ""32.37""], [""0.04396"", ""27.30""], [""0.04395"", ""29.35""], [""0.04394"", ""102.24""], [""0.04393"", ""54027.32""], [""0.04392"", ""1159.00""], [""0.04391"", ""761.00""]]","[[""0.04432"", ""979.53""], [""0.04437"", ""3666.00""], [""0.04439"", ""4326.00""], [""0.04449"", ""10575.00""], [""0.04450"", ""7429.00""], [""0.04451"", ""207.00""], [""0.04452"", ""4155.18""], [""0.04453"", ""207.09""], [""0.04454"", ""8344.35""], [""0.04455"", ""206.82""], [""0.04456"", ""630.81""], [""0.04457"", ""29.01""], [""0.04458"", ""12301.47""], [""0.04459"", ""206.64""], [""0.04460"", ""16829.90""], [""0.04466"", ""5922.00""], [""0.04470"", ""29250.00""], [""0.04474"", ""3244.50""], [""0.04483"", ""1253.30""], [""0.04484"", ""756.74""]]"
2026-08-25T03:10:01.967271Z,1787627401967,PIPPINUSDT,0.019306,23223.57,0.019377,788.44,161604.77,259297.04,1787627401948,"[[""0.019306"", ""23223.57""], [""0.019305"", ""3970.91""], [""0.019303"", ""3970.91""], [""0.019300"", ""1534.04""], [""0.019294"", ""18002.80""], [""0.019289"", ""3826.99""], [""0.019282"", ""12326.00""], [""0.019278"", ""80967.54""], [""0.019236"", ""151.04""], [""0.019162"", ""168.19""], [""0.019126"", ""2050.08""], [""0.019125"", ""1981.52""], [""0.019083"", ""1504.66""], [""0.019082"", ""1063.04""], [""0.019073"", ""1375.22""], [""0.019070"", ""1784.09""], [""0.019056"", ""2047.74""], [""0.019053"", ""224.12""], [""0.019019"", ""1281.59""], [""0.019017"", ""150.72""]]","[[""0.019377"", ""788.44""], [""0.019378"", ""12901.22""], [""0.019392"", ""4706.00""], [""0.019396"", ""26971.52""], [""0.019397"", ""26971.52""], [""0.019401"", ""8220.00""], [""0.019403"", ""156.62""], [""0.019406"", ""8100.00""], [""0.019407"", ""26971.52""], [""0.019412"", ""17990.70""], [""0.019418"", ""1808.12""], [""0.019431"", ""3600.00""], [""0.019432"", ""9185.53""], [""0.019433"", ""1735.44""], [""0.019437"", ""1113.27""], [""0.019441"", ""1760.91""], [""0.019442"", ""1032.21""], [""0.019457"", ""164.02""], [""0.019499"", ""5120.00""], [""0.019500"", ""100000.00""]]"
2026-08-25T03:10:01.967271Z,1787627401967,NILUSDT,0.04370,452.05,0.04393,3038.00,110293.17,78403.44,1787627402513,"[[""0.04370"", ""452.05""], [""0.04369"", ""6075.00""], [""0.04362"", ""36.12""], [""0.04360"", ""234.53""], [""0.04359"", ""21150.00""], [""0.04358"", ""3244.50""], [""0.04352"", ""2163.00""], [""0.04351"", ""1144.00""], [""0.04350"", ""834.41""], [""0.04346"", ""1108.26""], [""0.04345"", ""623.43""], [""0.04344"", ""208.26""], [""0.04343"", ""3978.08""], [""0.04342"", ""27.64""], [""0.04341"", ""312.75""], [""0.04340"", ""54027.65""], [""0.04339"", ""208.35""], [""0.04338"", ""32.92""], [""0.04333"", ""12269.22""], [""0.04331"", ""2163.00""]]","[[""0.04393"", ""3038.00""], [""0.04394"", ""4326.00""], [""0.04398"", ""529.25""], [""0.04399"", ""369.23""], [""0.04400"", ""11203.00""], [""0.04402"", ""3948.00""], [""0.04403"", ""3244.50""], [""0.04405"", ""1113.76""], [""0.04406"", ""1113.00""], [""0.04410"", ""27.44""], [""0.04411"", ""209.34""], [""0.04412"", ""3699.45""], [""0.04413"", ""31.13""], [""0.04414"", ""27.19""], [""0.04415"", ""7863.12""], [""0.04416"", ""28.08""], [""0.04417"", ""27.17""], [""0.04418"", ""8328.62""], [""0.04419"", ""27.16""], [""0.04420"", ""29250.00""]]"
2026-08-25T04:10:02.121304Z,1787631002121,PIPPINUSDT,0.019042,3021.26,0.019128,1343.86,197386.47999999998,187984.37,1787631001949,"[[""0.019042"", ""3021.26""], [""0.019041"", ""15443.24""], [""0.019040"", ""3021.26""], [""0.019038"", ""9114.32""], [""0.019037"", ""9114.32""], [""0.019035"", ""54686.88""], [""0.019032"", ""27344.88""], [""0.019016"", ""165.14""], [""0.018970"", ""162.23""], [""0.018944"", ""1555.91""], [""0.018894"", ""212.22""], [""0.018890"", ""1864.50""], [""0.018887"", ""2969.77""], [""0.018860"", ""183.73""], [""0.018789"", ""173.05""], [""0.018726"", ""189.68""], [""0.018643"", ""53638.77""], [""0.018602"", ""2620.00""], [""0.018561"", ""6657.32""], [""0.018526"", ""5248.00""]]","[[""0.019128"", ""1343.86""], [""0.019130"", ""1343.86""], [""0.019133"", ""3790.00""], [""0.019139"", ""12017.34""], [""0.019161"", ""46996.99""], [""0.019164"", ""536.00""], [""0.019165"", ""81977.73""], [""0.019188"", ""4170.00""], [""0.019191"", ""203.00""], [""0.019197"", ""8100.00""], [""0.019198"", ""1808.12""], [""0.019209"", ""3640.00""], [""0.019210"", ""2096.00""], [""0.019227"", ""1411.06""], [""0.019242"", ""182.53""], [""0.019247"", ""5190.00""], [""0.019248"", ""3142.00""], [""0.019287"", ""147.14""], [""0.019310"", ""1553.00""], [""0.019312"", ""8335.74""]]"
2026-08-25T04:10:02.121304Z,1787631002121,NILUSDT,0.04345,1198.40,0.04360,234.53,56525.26,92219.55,1787631002713,"[[""0.04345"", ""1198.40""], [""0.04344"", ""6075.00""], [""0.04339"", ""628.00""], [""0.04336"", ""1196.49""], [""0.04335"", ""4326.00""], [""0.04334"", ""21150.00""], [""0.04333"", ""1590.33""], [""0.04329"", ""987.00""], [""0.04328"", ""7921.00""], [""0.04326"", ""2163.00""], [""0.04325"", ""1150.00""], [""0.04324"", ""32.66""], [""0.04323"", ""1798.68""], [""0.04322"", ""30.06""], [""0.04321"", ""211.41""], [""0.04320"", ""27.78""], [""0.04319"", ""31.54""], [""0.04318"", ""28.79""], [""0.04317"", ""2705.31""], [""0.04316"", ""3273.81""]]","[[""0.04360"", ""234.53""], [""0.04361"", ""656.89""], [""0.04362"", ""1017.50""], [""0.04364"", ""723.91""], [""0.04365"", ""3038.00""], [""0.04368"", ""5439.00""], [""0.04370"", ""10575.00""], [""0.04375"", ""8104.00""], [""0.04377"", ""2541.00""], [""0.04379"", ""210.51""], [""0.04380"", ""3975.40""], [""0.04381"", ""210.42""], [""0.04382"", ""210.42""], [""0.04383"", ""210.33""], [""0.04384"", ""363.51""], [""0.04385"", ""20401.49""], [""0.04386"", ""27.36""], [""0.04387"", ""4925.34""], [""0.04388"", ""104.94""], [""0.04389"", ""29250.00""]]"
2026-08-25T05:10:02.121590Z,1787634602121,PIPPINUSDT,0.019176,3076.44,0.019241,1091.28,142026.65,235640.34,1787634601449,"[[""0.019176"", ""3076.44""], [""0.019175"", ""9049.93""], [""0.019174"", ""9051.03""], [""0.019172"", ""54301.46""], [""0.019171"", ""27157.09""], [""0.019141"", ""18107.08""], [""0.019045"", ""208.44""], [""0.019019"", ""1546.28""], [""0.019007"", ""1311.94""], [""0.018970"", ""162.23""], [""0.018894"", ""212.22""], [""0.018890"", ""1864.50""], [""0.018888"", ""1564.62""], [""0.018887"", ""2969.77""], [""0.018860"", ""183.73""], [""0.018789"", ""173.05""], [""0.018719"", ""2600.00""], [""0.018663"", ""3273.84""], [""0.018662"", ""3128.00""], [""0.018652"", ""2085.00""]]","[[""0.019241"", ""1091.28""], [""0.019242"", ""182.53""], [""0.019248"", ""36503.56""], [""0.019249"", ""13247.44""], [""0.019275"", ""46996.99""], [""0.019276"", ""54301.12""], [""0.019278"", ""27150.03""], [""0.019285"", ""198.69""], [""0.019286"", ""4170.00""], [""0.019287"", ""147.14""], [""0.019293"", ""8220.00""], [""0.019294"", ""18096.10""], [""0.019308"", ""536.00""], [""0.019309"", ""3923.21""], [""0.019326"", ""1411.06""], [""0.019337"", ""1113.27""], [""0.019338"", ""11710.00""], [""0.019339"", ""3142.00""], [""0.019341"", ""1719.00""], [""0.019342"", ""1780.92""]]"
2026-08-25T05:10:02.121590Z,1787634602121,NILUSDT,0.04410,115.20,0.04430,1001.60,39473.29,38706.77,1787634602513,"[[""0.04410"", ""115.20""], [""0.04405"", ""172.63""], [""0.04404"", ""3244.50""], [""0.04400"", ""789.27""], [""0.04399"", ""628.00""], [""0.04397"", ""234.53""], [""0.04396"", ""2163.00""], [""0.04393"", ""545.05""], [""0.04392"", ""382.50""], [""0.04391"", ""2722.23""], [""0.04390"", ""1343.26""], [""0.04389"", ""208.17""], [""0.04388"", ""8398.44""], [""0.04387"", ""361.71""], [""0.04386"", ""27.36""], [""0.04385"", ""8518.69""], [""0.04384"", ""1804.77""], [""0.04381"", ""3837.18""], [""0.04378"", ""2163.00""], [""0.04362"", ""1813.80""]]","[[""0.04430"", ""1001.60""], [""0.04432"", ""540.75""], [""0.04440"", ""1069.89""], [""0.04441"", ""3244.50""], [""0.04442"", ""3948.00""], [""0.04443"", ""207.45""], [""0.04444"", ""547.74""], [""0.04445"", ""448.92""], [""0.04446"", ""207.45""], [""0.04447"", ""8397.90""], [""0.04448"", ""784.89""], [""0.04449"", ""27.62""], [""0.04450"", ""208.71""], [""0.04451"", ""9008.38""], [""0.04452"", ""28.31""], [""0.04456"", ""424.06""], [""0.04463"", ""3244.50""], [""0.04475"", ""1533.17""], [""0.04477"", ""1788.70""], [""0.04479"", ""2044.23""]]"
2026-08-25T06:10:02.086635Z,1787638202086,PIPPINUSDT,0.019158,3580.45,0.019211,784.68,139278.09,191625.18,1787638201949,"[[""0.019158"", ""3580.45""], [""0.019156"", ""3580.45""], [""0.019149"", ""4462.29""], [""0.019144"", ""15389.06""], [""0.019143"", ""63455.75""], [""0.019142"", ""9066.51""], [""0.019141"", ""2555.20""], [""0.019137"", ""27195.29""], [""0.019122"", ""179.50""], [""0.019045"", ""208.44""], [""0.019027"", ""1776.27""], [""0.019023"", ""1323.79""], [""0.019019"", ""1546.28""], [""0.019018"", ""1523.79""], [""0.019016"", ""1371.53""], [""0.019007"", ""1311.94""], [""0.019003"", ""165.14""], [""0.018970"", ""162.75""], [""0.018894"", ""205.38""], [""0.018866"", ""218.28""]]","[[""0.019211"", ""784.68""], [""0.019212"", ""2006.00""], [""0.019229"", ""1540.20""], [""0.019234"", ""24190.94""], [""0.019235"", ""46996.99""], [""0.019236"", ""27190.33""], [""0.019255"", ""536.00""], [""0.019256"", ""27181.48""], [""0.019261"", ""4160.00""], [""0.019262"", ""10150.00""], [""0.019263"", ""3238.72""], [""0.019266"", ""27187.15""], [""0.019269"", ""4380.91""], [""0.019272"", ""1113.27""], [""0.019276"", ""4686.41""], [""0.019277"", ""2408.87""], [""0.019280"", ""2096.00""], [""0.019347"", ""130.77""], [""0.019361"", ""136.62""], [""0.019412"", ""1509.84""]]"
2026-08-25T06:10:02.086635Z,1787638202086,NILUSDT,0.04362,36.30,0.04373,687.40,49507.56,139177.82,1787638201913,"[[""0.04362"", ""36.30""], [""0.04358"", ""526.93""], [""0.04357"", ""6075.00""], [""0.04354"", ""3244.50""], [""0.04352"", ""628.00""], [""0.04350"", ""234.53""], [""0.04349"", ""8959.00""], [""0.04347"", ""21150.00""], [""0.04345"", ""2163.00""], [""0.04341"", ""2056.77""], [""0.04340"", ""543.11""], [""0.04339"", ""27.66""], [""0.04338"", ""1247.31""], [""0.04337"", ""1398.01""], [""0.04336"", ""27.68""], [""0.04335"", ""457.02""], [""0.04334"", ""27.69""], [""0.04333"", ""28.96""], [""0.04332"", ""33.22""], [""0.04331"", ""642.87""]]","[[""0.04373"", ""687.40""], [""0.04375"", ""230.83""], [""0.04376"", ""3038.00""], [""0.04379"", ""1081.50""], [""0.04386"", ""1069.89""], [""0.04387"", ""10575.00""], [""0.04388"", ""3244.50""], [""0.04389"", ""3948.00""], [""0.04391"", ""27.33""], [""0.04392"", ""28.32""], [""0.04393"", ""209.97""], [""0.04394"", ""7168.79""], [""0.04395"", ""209.61""], [""0.04396"", ""12854.61""], [""0.04397"", ""209.61""], [""0.04398"", ""12096.45""], [""0.04399"", ""2738.16""], [""0.04400"", ""75943.32""], [""0.04403"", ""3245.53""], [""0.04405"", ""571.00""]]"
2026-08-25T07:10:01.338408Z,1787641801338,PIPPINUSDT,0.018978,1710.36,0.019055,2235.32,138062.97,156203.1,1787641801448,"[[""0.018978"", ""1710.36""], [""0.018977"", ""1044.64""], [""0.018975"", ""18283.56""], [""0.018964"", ""27441.19""], [""0.018962"", ""27441.19""], [""0.018961"", ""27441.19""], [""0.018894"", ""205.38""], [""0.018866"", ""218.28""], [""0.018864"", ""2237.15""], [""0.018841"", ""1440.66""], [""0.018838"", ""1316.30""], [""0.018836"", ""1267.14""], [""0.018826"", ""2540.51""], [""0.018754"", ""226.31""], [""0.018737"", ""157.98""], [""0.018596"", ""139.21""], [""0.018570"", ""6741.67""], [""0.018524"", ""2630.00""], [""0.018487"", ""3162.00""], [""0.018483"", ""12418.25""]]","[[""0.019055"", ""2235.32""], [""0.019056"", ""2555.15""], [""0.019075"", ""37869.64""], [""0.019078"", ""1541.20""], [""0.019080"", ""11792.45""], [""0.019089"", ""150.77""], [""0.019097"", ""536.00""], [""0.019098"", ""27412.37""], [""0.019101"", ""27408.77""], [""0.019134"", ""4160.00""], [""0.019135"", ""8813.24""], [""0.019136"", ""9450.00""], [""0.019138"", ""3650.00""], [""0.019139"", ""2620.00""], [""0.019140"", ""2096.00""], [""0.019158"", ""3142.00""], [""0.019170"", ""1113.27""], [""0.019184"", ""5428.66""], [""0.019185"", ""1760.91""], [""0.019197"", ""2467.35""]]"
2026-08-25T07:10:01.338408Z,1787641801338,NILUSDT,0.04347,117.10,0.04359,1691.00,105543.97,203234.68,1787641801613,"[[""0.04347"", ""117.10""], [""0.04345"", ""6075.00""], [""0.04340"", ""304.48""], [""0.04339"", ""744.99""], [""0.04338"", ""3244.50""], [""0.04337"", ""628.00""], [""0.04335"", ""21150.00""], [""0.04329"", ""2397.53""], [""0.04327"", ""8398.10""], [""0.04326"", ""385.74""], [""0.04325"", ""211.41""], [""0.04324"", ""3511.08""], [""0.04323"", ""27.76""], [""0.04322"", ""426.43""], [""0.04321"", ""1180.72""], [""0.04320"", ""27.78""], [""0.04319"", ""30.96""], [""0.04318"", ""54028.89""], [""0.04317"", ""490.50""], [""0.04308"", ""2163.00""]]","[[""0.04359"", ""1691.00""], [""0.04365"", ""230.83""], [""0.04366"", ""983.91""], [""0.04367"", ""3038.00""], [""0.04370"", ""1081.50""], [""0.04375"", ""3244.50""], [""0.04377"", ""10785.60""], [""0.04378"", ""210.51""], [""0.04379"", ""7969.69""], [""0.04380"", ""37403.07""], [""0.04381"", ""13821.84""], [""0.04382"", ""3488.94""], [""0.04383"", ""8471.16""], [""0.04384"", ""363.96""], [""0.04385"", ""8479.89""], [""0.04386"", ""9845.73""], [""0.04392"", ""29250.00""], [""0.04398"", ""3244.50""], [""0.04400"", ""58506.16""], [""0.04408"", ""1123.89""]]"
2026-08-25T08:10:02.189339Z,1787645402189,PIPPINUSDT,0.018757,36375.43,0.018882,545.65,177402.1,184273.04,1787645401949,"[[""0.018757"", ""36375.43""], [""0.018756"", ""1909.74""], [""0.018754"", ""2718.81""], [""0.018745"", ""1544.62""], [""0.018739"", ""9235.18""], [""0.018737"", ""9235.34""], [""0.018732"", ""9238.49""], [""0.018731"", ""9238.49""], [""0.018729"", ""83127.63""], [""0.018690"", ""129.99""], [""0.018688"", ""1094.00""], [""0.018661"", ""1805.32""], [""0.018655"", ""1270.23""], [""0.018649"", ""1494.01""], [""0.018645"", ""1592.78""], [""0.018638"", ""1328.66""], [""0.018636"", ""1321.12""], [""0.018570"", ""4292.86""], [""0.018552"", ""234.05""], [""0.018518"", ""215.35""]]","[[""0.018882"", ""545.65""], [""0.018883"", ""83.97""], [""0.018890"", ""3204.57""], [""0.018891"", ""12042.77""], [""0.018892"", ""227.33""], [""0.018896"", ""28236.60""], [""0.018897"", ""55395.64""], [""0.018899"", ""27697.82""], [""0.018923"", ""9233.46""], [""0.018924"", ""9233.46""], [""0.018928"", ""4160.00""], [""0.018929"", ""2096.00""], [""0.018930"", ""2079.96""], [""0.018933"", ""1411.06""], [""0.018934"", ""9450.00""], [""0.018935"", ""2623.34""], [""0.018938"", ""2620.00""], [""0.018942"", ""10150.00""], [""0.018943"", ""2515.41""], [""0.018946"", ""1266.00""]]"
2026-08-25T08:10:02.189339Z,1787645402189,NILUSDT,0.04294,292.38,0.04305,1712.21,122756.11,138234.85,1787645402413,"[[""0.04294"", ""292.38""], [""0.04288"", ""722.91""], [""0.04287"", ""3244.50""], [""0.04285"", ""6075.00""], [""0.04279"", ""21384.53""], [""0.04278"", ""10507.00""], [""0.04269"", ""1192.11""], [""0.04268"", ""1461.93""], [""0.04267"", ""107.01""], [""0.04266"", ""6725.07""], [""0.04265"", ""213.93""], [""0.04264"", ""8660.70""], [""0.04263"", ""28.15""], [""0.04262"", ""28.16""], [""0.04261"", ""1895.31""], [""0.04260"", ""578.34""], [""0.04259"", ""661.34""], [""0.04258"", ""2163.00""], [""0.04256"", ""54000.00""], [""0.04238"", ""2814.74""]]","[[""0.04305"", ""1712.21""], [""0.04308"", ""234.53""], [""0.04309"", ""4119.50""], [""0.04313"", ""1019.88""], [""0.04314"", ""10575.00""], [""0.04315"", ""628.00""], [""0.04316"", ""597.79""], [""0.04319"", ""636.66""], [""0.04320"", ""213.39""], [""0.04321"", ""19378.98""], [""0.04322"", ""18672.54""], [""0.04323"", ""20164.86""], [""0.04324"", ""8659.98""], [""0.04325"", ""213.21""], [""0.04326"", ""330.75""], [""0.04327"", ""4611.42""], [""0.04328"", ""13268.15""], [""0.04338"", ""1785.00""], [""0.04343"", ""29250.00""], [""0.04344"", ""2163.00""]]"
2026-08-25T09:10:01.556528Z,1787649001556,PIPPINUSDT,0.018867,36454.56,0.018934,1033.30,178427.6,192461.09,1787649001348,"[[""0.018867"", ""36454.56""], [""0.018866"", ""6801.48""], [""0.018864"", ""3848.48""], [""0.018859"", ""18402.32""], [""0.018851"", ""55187.00""], [""0.018849"", ""27593.50""], [""0.018825"", ""9200.99""], [""0.018822"", ""9202.09""], [""0.018819"", ""215.06""], [""0.018800"", ""237.25""], [""0.018757"", ""1094.00""], [""0.018705"", ""1809.32""], [""0.018690"", ""129.99""], [""0.018678"", ""1574.67""], [""0.018671"", ""1324.93""], [""0.018669"", ""1321.35""], [""0.018659"", ""1296.21""], [""0.018649"", ""173.07""], [""0.018637"", ""1240.21""], [""0.018636"", ""1321.12""]]","[[""0.018934"", ""1033.30""], [""0.018935"", ""1529.13""], [""0.018952"", ""536.00""], [""0.018953"", ""3125.44""], [""0.018954"", ""11475.15""], [""0.018956"", ""18398.10""], [""0.018962"", ""28236.60""], [""0.018964"", ""27607.00""], [""0.018965"", ""55200.86""], [""0.018977"", ""4160.00""], [""0.018978"", ""2620.00""], [""0.018980"", ""2096.00""], [""0.018999"", ""18263.24""], [""0.019002"", ""1808.12""], [""0.019004"", ""177.89""], [""0.019007"", ""3680.00""], [""0.019008"", ""2898.00""], [""0.019010"", ""4969.26""], [""0.019025"", ""1505.00""], [""0.019028"", ""3142.00""]]"
2026-08-25T09:10:01.556528Z,1787649001556,NILUSDT,0.04297,811.76,0.04313,312.30,81395.68,96354.45,1787649002213,"[[""0.04297"", ""811.76""], [""0.04296"", ""1667.11""], [""0.04295"", ""917.56""], [""0.04294"", ""6075.00""], [""0.04291"", ""3244.50""], [""0.04285"", ""234.53""], [""0.04284"", ""628.00""], [""0.04282"", ""2163.00""], [""0.04280"", ""21150.00""], [""0.04279"", ""3735.81""], [""0.04278"", ""1511.82""], [""0.04277"", ""3735.00""], [""0.04276"", ""429.30""], [""0.04275"", ""32.52""], [""0.04274"", ""10462.75""], [""0.04273"", ""2933.64""], [""0.04272"", ""567.45""], [""0.04271"", ""2556.43""], [""0.04270"", ""17944.69""], [""0.04268"", ""594.81""]]","[[""0.04313"", ""312.30""], [""0.04314"", ""1081.50""], [""0.04315"", ""3786.92""], [""0.04319"", ""10575.00""], [""0.04323"", ""2163.00""], [""0.04326"", ""3948.00""], [""0.04337"", ""664.59""], [""0.04338"", ""1693.61""], [""0.04339"", ""36032.55""], [""0.04340"", ""213.12""], [""0.04341"", ""4181.58""], [""0.04342"", ""27.64""], [""0.04343"", ""15251.36""], [""0.04344"", ""31.73""], [""0.04345"", ""8040.78""], [""0.04346"", ""30.89""], [""0.04347"", ""27.61""], [""0.04349"", ""2163.00""], [""0.04366"", ""2163.00""], [""0.04369"", ""3966.27""]]"
2026-08-25T10:10:02.151706Z,1787652602151,PIPPINUSDT,0.018957,39580.00,0.019032,115.49,184505.51,175141.0,1787652601949,"[[""0.018957"", ""39580.00""], [""0.018956"", ""4336.37""], [""0.018954"", ""4336.37""], [""0.018951"", ""2634.36""], [""0.018950"", ""1206.65""], [""0.018948"", ""1190.63""], [""0.018928"", ""18289.48""], [""0.018923"", ""82358.21""], [""0.018910"", ""9152.23""], [""0.018891"", ""9161.63""], [""0.018821"", ""203.54""], [""0.018774"", ""194.27""], [""0.018699"", ""203.03""], [""0.018691"", ""2481.97""], [""0.018681"", ""2184.43""], [""0.018675"", ""1133.17""], [""0.018673"", ""2058.47""], [""0.018637"", ""1221.61""], [""0.018636"", ""1313.71""], [""0.018635"", ""1265.38""]]","[[""0.019032"", ""115.49""], [""0.019069"", ""11930.35""], [""0.019072"", ""9147.46""], [""0.019084"", ""28236.60""], [""0.019085"", ""82333.34""], [""0.019098"", ""8813.24""], [""0.019099"", ""2620.00""], [""0.019101"", ""1525.37""], [""0.019102"", ""1370.92""], [""0.019107"", ""3660.00""], [""0.019110"", ""2096.00""], [""0.019124"", ""2368.31""], [""0.019131"", ""1760.91""], [""0.019135"", ""7759.35""], [""0.019138"", ""3142.00""], [""0.019142"", ""1113.27""], [""0.019143"", ""238.67""], [""0.019183"", ""5210.00""], [""0.019223"", ""1560.00""], [""0.019247"", ""139.72""]]"
2026-08-25T10:10:02.151706Z,1787652602151,NILUSDT,0.04237,94.40,0.04252,288.57,109686.22,113090.06,1787652602714,"[[""0.04237"", ""94.40""], [""0.04235"", ""397.82""], [""0.04234"", ""9319.50""], [""0.04227"", ""21384.53""], [""0.04226"", ""2163.00""], [""0.04222"", ""528.39""], [""0.04221"", ""3528.09""], [""0.04220"", ""28.44""], [""0.04219"", ""29.76""], [""0.04218"", ""28.45""], [""0.04217"", ""1901.44""], [""0.04216"", ""31.36""], [""0.04215"", ""28.47""], [""0.04210"", ""7847.00""], [""0.04205"", ""788.00""], [""0.04204"", ""3017.00""], [""0.04202"", ""837.00""], [""0.04201"", ""54000.00""], [""0.04200"", ""24.64""], [""0.04193"", ""3708.93""]]","[[""0.04252"", ""288.57""], [""0.04253"", ""495.52""], [""0.04255"", ""3038.00""], [""0.04259"", ""10575.00""], [""0.04264"", ""379.81""], [""0.04265"", ""1382.87""], [""0.04269"", ""2163.00""], [""0.04271"", ""438.75""], [""0.04272"", ""2087.10""], [""0.04273"", ""3634.47""], [""0.04274"", ""3038.21""], [""0.04275"", ""8607.51""], [""0.04276"", ""20822.13""], [""0.04277"", ""107.64""], [""0.04278"", ""31072.59""], [""0.04279"", ""3638.43""], [""0.04280"", ""8607.24""], [""0.04281"", ""2163.00""], [""0.04284"", ""8356.00""], [""0.04302"", ""2194.22""]]"
2026-08-25T11:10:01.487288Z,1787656201487,PIPPINUSDT,0.018925,4227.24,0.019026,82514.43,165751.18,151992.78999999998,1787656201449,"[[""0.018925"", ""4227.24""], [""0.018924"", ""108.89""], [""0.018899"", ""39580.00""], [""0.018898"", ""55049.50""], [""0.018897"", ""27526.93""], [""0.018889"", ""9181.49""], [""0.018867"", ""9179.15""], [""0.018859"", ""9179.03""], [""0.018834"", ""1615.20""], [""0.018832"", ""1359.21""], [""0.018830"", ""1601.83""], [""0.018825"", ""1205.25""], [""0.018824"", ""2407.66""], [""0.018821"", ""203.54""], [""0.018790"", ""1373.45""], [""0.018774"", ""194.27""], [""0.018772"", ""1317.87""], [""0.018711"", ""192.80""], [""0.018598"", ""96.16""], [""0.018595"", ""151.71""]]","[[""0.019026"", ""82514.43""], [""0.019037"", ""4160.00""], [""0.019038"", ""536.00""], [""0.019040"", ""2096.00""], [""0.019046"", ""18341.21""], [""0.019055"", ""8813.24""], [""0.019056"", ""4686.41""], [""0.019059"", ""2620.00""], [""0.019078"", ""3142.00""], [""0.019083"", ""1411.06""], [""0.019085"", ""2800.92""], [""0.019086"", ""2596.28""], [""0.019095"", ""4169.78""], [""0.019098"", ""1769.95""], [""0.019105"", ""1113.27""], [""0.019109"", ""176.91""], [""0.019184"", ""251.42""], [""0.019189"", ""5210.00""], [""0.019190"", ""2805.27""], [""0.019241"", ""2778.64""]]"
2026-08-25T11:10:01.487288Z,1787656201487,NILUSDT,0.04256,119.70,0.04269,1561.50,102066.94,72807.05,1787656202113,"[[""0.04256"", ""119.70""], [""0.04255"", ""6075.00""], [""0.04248"", ""1159.52""], [""0.04247"", ""3244.50""], [""0.04246"", ""628.00""], [""0.04243"", ""234.53""], [""0.04242"", ""21150.00""], [""0.04239"", ""2163.00""], [""0.04238"", ""517.33""], [""0.04236"", ""215.82""], [""0.04235"", ""215.91""], [""0.04234"", ""216.00""], [""0.04233"", ""7829.00""], [""0.04232"", ""1203.36""], [""0.04231"", ""54031.85""], [""0.04230"", ""28.37""], [""0.04229"", ""28.38""], [""0.04228"", ""32.23""], [""0.04227"", ""811.44""], [""0.04224"", ""2163.00""]]","[[""0.04269"", ""1561.50""], [""0.04271"", ""3038.00""], [""0.04276"", ""628.00""], [""0.04277"", ""2163.00""], [""0.04280"", ""673.65""], [""0.04281"", ""10575.00""], [""0.04285"", ""3278.10""], [""0.04286"", ""28.00""], [""0.04287"", ""8417.71""], [""0.04288"", ""27.99""], [""0.04289"", ""609.93""], [""0.04290"", ""4163.19""], [""0.04291"", ""1187.46""], [""0.04292"", ""287.46""], [""0.04293"", ""30.19""], [""0.04294"", ""27.95""], [""0.04302"", ""3948.00""], [""0.04307"", ""2163.00""], [""0.04308"", ""29250.00""], [""0.04315"", ""748.92""]]"
2026-08-25T12:10:02.143850Z,1787659802143,PIPPINUSDT,0.018672,7411.21,0.018774,211.73,234114.72,179556.48,1787659801949,"[[""0.018672"", ""7411.21""], [""0.018671"", ""2490.68""], [""0.018654"", ""20084.34""], [""0.018653"", ""27882.01""], [""0.018652"", ""55708.22""], [""0.018619"", ""18562.48""], [""0.018598"", ""96.16""], [""0.018595"", ""151.71""], [""0.018570"", ""4292.86""], [""0.018549"", ""218.90""], [""0.018500"", ""30977.53""], [""0.018499"", ""1956.03""], [""0.018490"", ""1655.01""], [""0.018471"", ""1325.85""], [""0.018462"", ""1210.74""], [""0.018455"", ""1332.62""], [""0.018447"", ""1165.34""], [""0.018430"", ""57188.28""], [""0.018374"", ""202.35""], [""0.018337"", ""202.40""]]","[[""0.018774"", ""211.73""], [""0.018810"", ""536.00""], [""0.018811"", ""19495.66""], [""0.018813"", ""1545.47""], [""0.018815"", ""18550.44""], [""0.018824"", ""28515.01""], [""0.018825"", ""28042.17""], [""0.018832"", ""10150.00""], [""0.018833"", ""27838.52""], [""0.018837"", ""4160.00""], [""0.018838"", ""2620.00""], [""0.018839"", ""2096.00""], [""0.018850"", ""12527.11""], [""0.018851"", ""2609.78""], [""0.018856"", ""5470.91""], [""0.018857"", ""1113.27""], [""0.018858"", ""1403.01""], [""0.018862"", ""5218.14""], [""0.018863"", ""5869.26""], [""0.018932"", ""1584.00""]]"
2026-08-25T12:10:02.143850Z,1787659802143,NILUSDT,0.04219,1710.93,0.04235,819.61,108239.3,66216.73,1787659801313,"[[""0.04219"", ""1710.93""], [""0.04215"", ""6075.00""], [""0.04210"", ""1414.16""], [""0.04209"", ""3244.50""], [""0.04204"", ""1113.41""], [""0.04203"", ""21150.00""], [""0.04201"", ""3348.00""], [""0.04200"", ""1322.26""], [""0.04199"", ""9340.84""], [""0.04198"", ""28.59""], [""0.04197"", ""575.64""], [""0.04196"", ""28.60""], [""0.04195"", ""363.24""], [""0.04194"", ""29.54""], [""0.04193"", ""28.62""], [""0.04192"", ""28.63""], [""0.04191"", ""216.09""], [""0.04189"", ""3344.25""], [""0.04187"", ""54000.00""], [""0.04183"", ""877.00""]]","[[""0.04235"", ""819.61""], [""0.04236"", ""3038.00""], [""0.04238"", ""628.00""], [""0.04240"", ""3244.50""], [""0.04241"", ""1144.98""], [""0.04242"", ""1171.00""], [""0.04244"", ""932.93""], [""0.04245"", ""10575.00""], [""0.04248"", ""2866.50""], [""0.04251"", ""28.23""], [""0.04252"", ""33.27""], [""0.04253"", ""28.22""], [""0.04254"", ""8145.47""], [""0.04255"", ""29278.77""], [""0.04256"", ""216.45""], [""0.04257"", ""28.19""], [""0.04258"", ""33.26""], [""0.04259"", ""28.18""], [""0.04260"", ""28.17""], [""0.04261"", ""3948.00""]]"
2026-08-25T13:10:02.185630Z,1787663402185,PIPPINUSDT,0.018717,2489.72,0.018762,1741.50,184389.1,188400.13,1787663402449,"[[""0.018717"", ""2489.72""], [""0.018716"", ""201.99""], [""0.018693"", ""15662.76""], [""0.018692"", ""18568.42""], [""0.018679"", ""55686.68""], [""0.018678"", ""27843.34""], [""0.018645"", ""9284.83""], [""0.018643"", ""9284.83""], [""0.018636"", ""1549.62""], [""0.018616"", ""1367.10""], [""0.018607"", ""1513.14""], [""0.018604"", ""1361.40""], [""0.018602"", ""1200.39""], [""0.018598"", ""96.16""], [""0.018595"", ""151.71""], [""0.018591"", ""1305.81""], [""0.018570"", ""4292.86""], [""0.018549"", ""218.90""], [""0.018521"", ""1331.91""], [""0.018500"", ""30977.53""]]","[[""0.018762"", ""1741.50""], [""0.018770"", ""10298.76""], [""0.018802"", ""536.00""], [""0.018803"", ""23917.24""], [""0.018804"", ""18568.42""], [""0.018807"", ""4160.00""], [""0.018808"", ""2620.00""], [""0.018812"", ""14210.00""], [""0.018819"", ""2096.00""], [""0.018822"", ""4686.41""], [""0.018825"", ""55629.56""], [""0.018826"", ""27814.78""], [""0.018841"", ""197.60""], [""0.018856"", ""1769.95""], [""0.018867"", ""3142.00""], [""0.018912"", ""3938.30""], [""0.018913"", ""5134.82""], [""0.018916"", ""5064.61""], [""0.018926"", ""1113.27""], [""0.018930"", ""1760.91""]]"
2026-08-25T13:10:02.185630Z,1787663402185,NILUSDT,0.04287,771.48,0.04299,2015.73,105339.32,37884.24,1787663403217,"[[""0.04287"", ""771.48""], [""0.04286"", ""288.50""], [""0.04283"", ""6075.00""], [""0.04278"", ""3244.50""], [""0.04276"", ""628.00""], [""0.04274"", ""21150.00""], [""0.04273"", ""2163.00""], [""0.04269"", ""234.53""], [""0.04268"", ""213.93""], [""0.04267"", ""30.16""], [""0.04266"", ""214.20""], [""0.04265"", ""7987.14""], [""0.04264"", ""107.28""], [""0.04263"", ""501.93""], [""0.04262"", ""3260.52""], [""0.04261"", ""1198.87""], [""0.04260"", ""28.17""], [""0.04259"", ""54028.18""], [""0.04252"", ""2685.40""], [""0.04240"", ""528.53""]]","[[""0.04299"", ""2015.73""], [""0.04303"", ""1171.00""], [""0.04305"", ""1000.00""], [""0.04306"", ""3578.75""], [""0.04311"", ""628.00""], [""0.04312"", ""1000.00""], [""0.04313"", ""10575.00""], [""0.04317"", ""1650.05""], [""0.04318"", ""213.39""], [""0.04319"", ""677.53""], [""0.04320"", ""8567.44""], [""0.04321"", ""213.21""], [""0.04322"", ""213.21""], [""0.04323"", ""27.76""], [""0.04324"", ""1349.01""], [""0.04325"", ""213.12""], [""0.04326"", ""27.74""], [""0.04333"", ""405.12""], [""0.04334"", ""3948.00""], [""0.04337"", ""410.18""]]"
2026-08-25T14:10:02.142258Z,1787667002142,PIPPINUSDT,0.018756,8747.82,0.018895,29106.47,69187.52,200488.37,1787667001848,"[[""0.018756"", ""8747.82""], [""0.018755"", ""1548.86""], [""0.018754"", ""1259.48""], [""0.018752"", ""18479.59""], [""0.018749"", ""191.87""], [""0.018743"", ""9242.78""], [""0.018734"", ""9243.64""], [""0.018673"", ""203.18""], [""0.018642"", ""1138.43""], [""0.018632"", ""1248.52""], [""0.018607"", ""125.62""], [""0.018585"", ""126.60""], [""0.018573"", ""1094.00""], [""0.018480"", ""2146.85""], [""0.018467"", ""123.75""], [""0.018466"", ""1702.47""], [""0.018457"", ""1414.42""], [""0.018447"", ""1360.22""], [""0.018440"", ""1326.96""], [""0.018407"", ""8462.46""]]","[[""0.018895"", ""29106.47""], [""0.018896"", ""536.00""], [""0.018897"", ""13494.20""], [""0.018900"", ""83129.85""], [""0.018901"", ""9233.95""], [""0.018902"", ""9233.95""], [""0.018908"", ""4160.00""], [""0.018909"", ""2096.00""], [""0.018917"", ""8813.24""], [""0.018918"", ""2620.00""], [""0.018930"", ""186.54""], [""0.018940"", ""10530.00""], [""0.018941"", ""8022.72""], [""0.018942"", ""4162.68""], [""0.018946"", ""3690.00""], [""0.018947"", ""3142.00""], [""0.018952"", ""1760.91""], [""0.018988"", ""5260.00""], [""0.018989"", ""1113.27""], [""0.019031"", ""196.59""]]"
2026-08-25T14:10:02.142258Z,1787667002142,NILUSDT,0.04163,122.30,0.04176,122.50,52521.55,41019.26,1787667002713,"[[""0.04163"", ""122.30""], [""0.04160"", ""553.66""], [""0.04159"", ""1178.03""], [""0.04158"", ""6075.00""], [""0.04156"", ""4326.00""], [""0.04150"", ""234.53""], [""0.04149"", ""21150.00""], [""0.04148"", ""11896.50""], [""0.04145"", ""2624.40""], [""0.04144"", ""28.96""], [""0.04143"", ""34.48""], [""0.04142"", ""1231.88""], [""0.04141"", ""28.98""], [""0.04140"", ""28.99""], [""0.04139"", ""33.09""], [""0.04138"", ""29.00""], [""0.04137"", ""1154.61""], [""0.04136"", ""29.14""], [""0.04133"", ""874.00""], [""0.04131"", ""888.00""]]","[[""0.04176"", ""122.50""], [""0.04177"", ""2500.00""], [""0.04178"", ""3038.00""], [""0.04184"", ""1020.61""], [""0.04185"", ""2500.00""], [""0.04186"", ""1202.00""], [""0.04188"", ""2500.00""], [""0.04189"", ""10575.00""], [""0.04192"", ""2163.00""], [""0.04196"", ""3081.75""], [""0.04197"", ""32.60""], [""0.04198"", ""636.48""], [""0.04199"", ""222.03""], [""0.04200"", ""246.55""], [""0.04201"", ""33.29""], [""0.04202"", ""7376.56""], [""0.04203"", ""111.78""], [""0.04204"", ""31.15""], [""0.04205"", ""28.54""], [""0.04206"", ""3597.42""]]"
2026-08-25T15:10:01.638107Z,1787670601638,PIPPINUSDT,0.018640,7787.62,0.018727,39580.00,261561.14,205207.58,1787670601849,"[[""0.018640"", ""7787.62""], [""0.018639"", ""9311.87""], [""0.018638"", ""9311.87""], [""0.018628"", ""83804.94""], [""0.018607"", ""125.62""], [""0.018599"", ""10408.90""], [""0.018589"", ""9314.90""], [""0.018585"", ""126.60""], [""0.018556"", ""1241.47""], [""0.018553"", ""1450.92""], [""0.018503"", ""1156.89""], [""0.018499"", ""1334.25""], [""0.018467"", ""123.75""], [""0.018457"", ""2771.96""], [""0.018450"", ""13724.04""], [""0.018447"", ""2526.15""], [""0.018419"", ""132.35""], [""0.018344"", ""57456.39""], [""0.018303"", ""176.78""], [""0.018241"", ""49273.87""]]","[[""0.018727"", ""39580.00""], [""0.018728"", ""14416.91""], [""0.018729"", ""2338.00""], [""0.018730"", ""64.66""], [""0.018742"", ""536.00""], [""0.018743"", ""18619.59""], [""0.018745"", ""83771.68""], [""0.018748"", ""4160.00""], [""0.018749"", ""2096.00""], [""0.018757"", ""10530.00""], [""0.018758"", ""2620.00""], [""0.018791"", ""3720.00""], [""0.018792"", ""674.83""], [""0.018793"", ""8813.24""], [""0.018797"", ""3142.00""], [""0.018800"", ""1444.15""], [""0.018802"", ""1411.06""], [""0.018809"", ""198.55""], [""0.018814"", ""5310.00""], [""0.018815"", ""1760.91""]]"
2026-08-25T15:10:01.638107Z,1787670601638,NILUSDT,0.04153,865.20,0.04166,122.80,121401.98000000001,75036.03,1787670602713,"[[""0.04153"", ""865.20""], [""0.04151"", ""283.12""], [""0.04150"", ""392.17""], [""0.04149"", ""2500.00""], [""0.04148"", ""68902.32""], [""0.04146"", ""6075.00""], [""0.04145"", ""4326.00""], [""0.04140"", ""234.53""], [""0.04139"", ""21150.00""], [""0.04137"", ""3244.50""], [""0.04135"", ""29.37""], [""0.04134"", ""29.03""], [""0.04133"", ""221.31""], [""0.04132"", ""221.31""], [""0.04131"", ""581.13""], [""0.04130"", ""1861.06""], [""0.04129"", ""30.46""], [""0.04128"", ""7486.58""], [""0.04127"", ""2939.04""], [""0.04126"", ""29.85""]]","[[""0.04166"", ""122.80""], [""0.04168"", ""3038.00""], [""0.04170"", ""1081.50""], [""0.04172"", ""1825.00""], [""0.04176"", ""1195.13""], [""0.04177"", ""3741.29""], [""0.04178"", ""21473.00""], [""0.04179"", ""3948.00""], [""0.04183"", ""2275.74""], [""0.04184"", ""33.38""], [""0.04185"", ""32.73""], [""0.04186"", ""542.79""], [""0.04187"", ""1804.68""], [""0.04188"", ""32.37""], [""0.04189"", ""28.65""], [""0.04190"", ""28.64""], [""0.04191"", ""4175.70""], [""0.04192"", ""28.63""], [""0.04194"", ""29250.00""], [""0.04199"", ""378.00""]]"
2026-08-25T16:10:01.373439Z,1787674201373,PIPPINUSDT,0.018804,39580.00,0.018875,1541.64,219940.33000000002,146107.41,1787674201449,"[[""0.018804"", ""39580.00""], [""0.018803"", ""9226.45""], [""0.018801"", ""9225.30""], [""0.018791"", ""55340.58""], [""0.018790"", ""27670.29""], [""0.018758"", ""9226.98""], [""0.018747"", ""9223.92""], [""0.018671"", ""188.46""], [""0.018620"", ""1325.55""], [""0.018603"", ""123.88""], [""0.018551"", ""1204.33""], [""0.018532"", ""117.84""], [""0.018521"", ""1807.47""], [""0.018480"", ""1438.17""], [""0.018478"", ""1423.78""], [""0.018467"", ""121.32""], [""0.018458"", ""48694.58""], [""0.018457"", ""2528.97""], [""0.018456"", ""1340.11""], [""0.018419"", ""132.35""]]","[[""0.018875"", ""1541.64""], [""0.018886"", ""196.23""], [""0.018916"", ""536.00""], [""0.018917"", ""1213.75""], [""0.018919"", ""4160.00""], [""0.018922"", ""4026.80""], [""0.018928"", ""2620.00""], [""0.018930"", ""182.55""], [""0.018932"", ""8813.24""], [""0.018935"", ""82921.13""], [""0.018937"", ""18449.80""], [""0.018952"", ""3690.00""], [""0.018953"", ""1411.06""], [""0.018957"", ""3142.00""], [""0.018975"", ""2062.75""], [""0.018978"", ""1760.91""], [""0.018981"", ""2893.96""], [""0.018985"", ""5260.00""], [""0.018986"", ""1097.00""], [""0.019012"", ""128.59""]]"
2026-08-25T16:10:01.373439Z,1787674201373,NILUSDT,0.04182,219.30,0.04195,3038.00,104726.75,147342.79,1787674201113,"[[""0.04182"", ""219.30""], [""0.04177"", ""266.92""], [""0.04176"", ""1081.63""], [""0.04175"", ""2500.00""], [""0.04174"", ""10401.00""], [""0.04168"", ""21778.00""], [""0.04166"", ""7623.00""], [""0.04163"", ""234.53""], [""0.04162"", ""3244.50""], [""0.04160"", ""28.85""], [""0.04159"", ""1746.24""], [""0.04158"", ""32.42""], [""0.04157"", ""110.07""], [""0.04156"", ""30.52""], [""0.04155"", ""32.55""], [""0.04154"", ""1307.16""], [""0.04153"", ""31.81""], [""0.04152"", ""29.34""], [""0.04151"", ""28.91""], [""0.04150"", ""54000.00""]]","[[""0.04195"", ""3038.00""], [""0.04199"", ""617.98""], [""0.04200"", ""79557.22""], [""0.04202"", ""8377.00""], [""0.04207"", ""14523.00""], [""0.04209"", ""33.81""], [""0.04210"", ""32.98""], [""0.04211"", ""218.97""], [""0.04212"", ""218.97""], [""0.04213"", ""218.79""], [""0.04214"", ""28.48""], [""0.04215"", ""28.47""], [""0.04216"", ""32.76""], [""0.04217"", ""28.46""], [""0.04218"", ""28.45""], [""0.04220"", ""3192.00""], [""0.04226"", ""29250.00""], [""0.04229"", ""1785.00""], [""0.04240"", ""2830.36""], [""0.04242"", ""3302.09""]]"
2026-08-25T17:10:01.776113Z,1787677801776,PIPPINUSDT,0.018686,3964.68,0.018801,1139.27,257578.41,180410.3,1787677801549,"[[""0.018686"", ""3964.68""], [""0.018685"", ""13513.51""], [""0.018676"", ""55637.71""], [""0.018675"", ""27822.56""], [""0.018671"", ""188.46""], [""0.018667"", ""9277.20""], [""0.018652"", ""9302.74""], [""0.018616"", ""9302.57""], [""0.018603"", ""123.88""], [""0.018600"", ""9302.57""], [""0.018567"", ""2882.92""], [""0.018556"", ""1373.45""], [""0.018553"", ""5147.16""], [""0.018544"", ""1393.96""], [""0.018541"", ""1331.20""], [""0.018532"", ""117.84""], [""0.018483"", ""230.31""], [""0.018379"", ""214.77""], [""0.018345"", ""48994.53""], [""0.018344"", ""57456.39""]]","[[""0.018801"", ""1139.27""], [""0.018802"", ""3986.53""], [""0.018822"", ""39580.00""], [""0.018823"", ""9278.93""], [""0.018828"", ""9280.49""], [""0.018833"", ""536.00""], [""0.018834"", ""27812.56""], [""0.018835"", ""31973.67""], [""0.018836"", ""27813.67""], [""0.018839"", ""2096.00""], [""0.018842"", ""2203.72""], [""0.018846"", ""1837.21""], [""0.018848"", ""4031.06""], [""0.018857"", ""202.79""], [""0.018863"", ""1174.00""], [""0.018864"", ""1113.27""], [""0.018884"", ""8813.24""], [""0.018885"", ""3606.41""], [""0.018886"", ""3700.00""], [""0.018905"", ""231.48""]]"
2026-08-25T17:10:01.776113Z,1787677801776,NILUSDT,0.04162,122.40,0.04178,3038.00,55482.88,91618.41,1787677802613,"[[""0.04162"", ""122.40""], [""0.04160"", ""276.24""], [""0.04159"", ""805.23""], [""0.04158"", ""2500.00""], [""0.04157"", ""6075.00""], [""0.04153"", ""2500.00""], [""0.04152"", ""4326.00""], [""0.04145"", ""234.53""], [""0.04144"", ""3872.50""], [""0.04143"", ""21150.00""], [""0.04142"", ""29.85""], [""0.04141"", ""28.98""], [""0.04140"", ""580.59""], [""0.04139"", ""220.77""], [""0.04138"", ""9772.00""], [""0.04137"", ""29.01""], [""0.04136"", ""32.56""], [""0.04135"", ""33.42""], [""0.04134"", ""2862.45""], [""0.04133"", ""31.35""]]","[[""0.04178"", ""3038.00""], [""0.04184"", ""2163.00""], [""0.04187"", ""10575.00""], [""0.04191"", ""3192.00""], [""0.04194"", ""461.34""], [""0.04195"", ""1160.83""], [""0.04196"", ""3464.37""], [""0.04197"", ""840.33""], [""0.04198"", ""3201.20""], [""0.04199"", ""28.58""], [""0.04200"", ""21395.03""], [""0.04201"", ""29.04""], [""0.04202"", ""28.56""], [""0.04203"", ""1788.39""], [""0.04206"", ""29250.00""], [""0.04212"", ""1785.00""], [""0.04225"", ""5384.62""], [""0.04227"", ""2117.05""], [""0.04229"", ""1682.41""], [""0.04231"", ""33.66""]]"
2026-08-25T18:10:02.287091Z,1787681402287,PIPPINUSDT,0.019319,15811.79,0.019394,1269.45,206332.96,168363.6,1787681402449,"[[""0.019319"", ""15811.79""], [""0.019318"", ""7193.01""], [""0.019317"", ""13200.80""], [""0.019286"", ""26972.56""], [""0.019285"", ""53973.02""], [""0.019283"", ""8990.39""], [""0.019282"", ""17976.14""], [""0.019274"", ""1510.97""], [""0.019204"", ""220.61""], [""0.019137"", ""168.28""], [""0.019102"", ""1290.65""], [""0.019045"", ""1651.30""], [""0.019037"", ""3109.68""], [""0.019032"", ""1460.31""], [""0.019022"", ""2395.10""], [""0.019013"", ""176.20""], [""0.019012"", ""1274.54""], [""0.018942"", ""162.88""], [""0.018835"", ""980.89""], [""0.018798"", ""47813.84""]]","[[""0.019394"", ""1269.45""], [""0.019395"", ""20471.01""], [""0.019396"", ""10259.84""], [""0.019397"", ""171.64""], [""0.019407"", ""536.00""], [""0.019408"", ""4160.00""], [""0.019411"", ""4026.80""], [""0.019415"", ""26967.69""], [""0.019416"", ""53927.70""], [""0.019434"", ""174.52""], [""0.019436"", ""8982.89""], [""0.019449"", ""10150.00""], [""0.019450"", ""2620.00""], [""0.019466"", ""3606.41""], [""0.019467"", ""3590.00""], [""0.019470"", ""2096.00""], [""0.019479"", ""3142.00""], [""0.019511"", ""5120.00""], [""0.019512"", ""5317.86""], [""0.019519"", ""1773.79""]]"
2026-08-25T18:10:02.287091Z,1787681402287,NILUSDT,0.04188,1223.30,0.04200,12801.30,46696.2,82316.62,1787681403513,"[[""0.04188"", ""1223.30""], [""0.04186"", ""324.52""], [""0.04185"", ""923.71""], [""0.04184"", ""2500.00""], [""0.04183"", ""6826.00""], [""0.04182"", ""6075.00""], [""0.04181"", ""628.00""], [""0.04177"", ""234.53""], [""0.04176"", ""2500.00""], [""0.04175"", ""3244.50""], [""0.04173"", ""28.76""], [""0.04172"", ""21183.76""], [""0.04171"", ""219.06""], [""0.04170"", ""219.06""], [""0.04169"", ""33.14""], [""0.04168"", ""219.60""], [""0.04167"", ""219.60""], [""0.04166"", ""33.05""], [""0.04165"", ""31.79""], [""0.04164"", ""28.82""]]","[[""0.04200"", ""12801.30""], [""0.04203"", ""3038.00""], [""0.04208"", ""2163.00""], [""0.04214"", ""707.40""], [""0.04215"", ""10575.00""], [""0.04218"", ""2163.00""], [""0.04220"", ""2331.54""], [""0.04223"", ""28.42""], [""0.04224"", ""194.67""], [""0.04225"", ""8674.18""], [""0.04226"", ""911.79""], [""0.04227"", ""29278.39""], [""0.04228"", ""2193.86""], [""0.04229"", ""110.97""], [""0.04230"", ""416.43""], [""0.04231"", ""28.48""], [""0.04232"", ""425.97""], [""0.04233"", ""1785.00""], [""0.04252"", ""2163.00""], [""0.04254"", ""2326.22""]]"
2026-08-25T19:02:25.646454Z,1787684545646,PIPPINUSDT,0.019180,5222.50,0.019266,3239.95,228248.28,156947.11,1787684545349,"[[""0.019180"", ""5222.50""], [""0.019171"", ""6837.61""], [""0.019158"", ""39580.00""], [""0.019157"", ""54308.52""], [""0.019151"", ""27204.86""], [""0.019150"", ""18118.64""], [""0.019145"", ""144.25""], [""0.019131"", ""9059.67""], [""0.019125"", ""9059.67""], [""0.019047"", ""1370.65""], [""0.019045"", ""176.34""], [""0.019030"", ""2535.97""], [""0.019025"", ""1219.75""], [""0.019020"", ""1117.25""], [""0.019011"", ""2469.76""], [""0.018998"", ""1466.47""], [""0.018981"", ""208.40""], [""0.018909"", ""221.20""], [""0.018881"", ""156.13""], [""0.018815"", ""47770.64""]]","[[""0.019266"", ""3239.95""], [""0.019267"", ""536.00""], [""0.019269"", ""5189.68""], [""0.019276"", ""14007.05""], [""0.019278"", ""214.04""], [""0.019280"", ""2096.00""], [""0.019285"", ""3606.41""], [""0.019286"", ""54254.20""], [""0.019288"", ""543.66""], [""0.019290"", ""9054.33""], [""0.019291"", ""27127.10""], [""0.019298"", ""10150.00""], [""0.019299"", ""2620.00""], [""0.019308"", ""3620.00""], [""0.019309"", ""3142.00""], [""0.019322"", ""4160.00""], [""0.019326"", ""9043.82""], [""0.019363"", ""164.10""], [""0.019382"", ""1768.00""], [""0.019386"", ""2410.77""]]"
2026-08-25T19:02:25.646454Z,1787684545646,NILUSDT,0.04195,121.50,0.04208,2376.42,55651.36,70339.19,1787684545313,"[[""0.04195"", ""121.50""], [""0.04193"", ""243.89""], [""0.04192"", ""1068.41""], [""0.04191"", ""2500.00""], [""0.04190"", ""6075.00""], [""0.04186"", ""2500.00""], [""0.04185"", ""4954.00""], [""0.04181"", ""8952.53""], [""0.04180"", ""21150.00""], [""0.04178"", ""3244.50""], [""0.04175"", ""218.52""], [""0.04174"", ""218.52""], [""0.04173"", ""2732.58""], [""0.04172"", ""218.61""], [""0.04171"", ""109.17""], [""0.04170"", ""1220.78""], [""0.04169"", ""29.96""], [""0.04168"", ""31.33""], [""0.04167"", ""28.80""], [""0.04166"", ""33.26""]]","[[""0.04208"", ""2376.42""], [""0.04209"", ""3038.00""], [""0.04221"", ""691.93""], [""0.04222"", ""9445.00""], [""0.04224"", ""10603.41""], [""0.04225"", ""218.25""], [""0.04226"", ""709.65""], [""0.04227"", ""218.25""], [""0.04228"", ""642.15""], [""0.04229"", ""28.38""], [""0.04230"", ""218.07""], [""0.04231"", ""29.61""], [""0.04232"", ""28.36""], [""0.04233"", ""28.35""], [""0.04241"", ""3948.00""], [""0.04243"", ""29250.00""], [""0.04248"", ""2163.00""], [""0.04255"", ""1914.96""], [""0.04257"", ""2234.12""], [""0.04259"", ""2553.28""]]"
2026-08-25T19:02:25.646454Z,1787684545646,MINAUSDT,0.06129,16030.50,0.06142,6379.20,1373592.54,388214.71,1787684546353,"[[""0.06129"", ""16030.50""], [""0.06120"", ""41223.15""], [""0.06107"", ""51708.20""], [""0.06099"", ""2594.12""], [""0.06098"", ""86306.66""], [""0.06090"", ""1017.66""], [""0.06089"", ""566026.23""], [""0.06082"", ""560.22""], [""0.06080"", ""283153.53""], [""0.06066"", ""30064.10""], [""0.06048"", ""84580.54""], [""0.06027"", ""109502.80""], [""0.06026"", ""15399.45""], [""0.06017"", ""30444.53""], [""0.06009"", ""26337.63""], [""0.06008"", ""2506.41""], [""0.05995"", ""2506.41""], [""0.05986"", ""14563.71""], [""0.05977"", ""4734.63""], [""0.05968"", ""4332.06""]]","[[""0.06142"", ""6379.20""], [""0.06152"", ""4001.02""], [""0.06153"", ""17646.80""], [""0.06160"", ""28777.00""], [""0.06170"", ""324.34""], [""0.06171"", ""36051.73""], [""0.06182"", ""28611.99""], [""0.06193"", ""55515.90""], [""0.06200"", ""8227.56""], [""0.06222"", ""65395.99""], [""0.06240"", ""21471.23""], [""0.06242"", ""11512.26""], [""0.06253"", ""2504.79""], [""0.06262"", ""77664.29""], [""0.06264"", ""6809.12""], [""0.06275"", ""4481.55""], [""0.06282"", ""4481.55""], [""0.06293"", ""2504.34""], [""0.06304"", ""3424.05""], [""0.06315"", ""2430.00""]]"
2026-08-25T19:02:25.646454Z,1787684545646,SFPUSDT,0.2625,480.00,0.2628,3645.00,9719.289999999999,65159.34,1787684538213,"[[""0.2625"", ""480.00""], [""0.2624"", ""1750.00""], [""0.2623"", ""20.00""], [""0.2622"", ""1375.00""], [""0.2621"", ""1122.00""], [""0.2620"", ""1519.20""], [""0.2619"", ""316.80""], [""0.2617"", ""44.00""], [""0.2616"", ""2184.49""], [""0.2615"", ""543.40""], [""0.2614"", ""16.00""], [""0.2613"", ""82.00""], [""0.2612"", ""16.00""], [""0.2611"", ""16.00""], [""0.2610"", ""16.00""], [""0.2609"", ""16.00""], [""0.2608"", ""154.40""], [""0.2607"", ""16.00""], [""0.2606"", ""16.00""], [""0.2605"", ""16.00""]]","[[""0.2628"", ""3645.00""], [""0.2629"", ""2619.37""], [""0.2630"", ""27276.00""], [""0.2631"", ""22.00""], [""0.2632"", ""1122.00""], [""0.2633"", ""1509.30""], [""0.2634"", ""600.60""], [""0.2636"", ""2297.90""], [""0.2638"", ""3657.62""], [""0.2639"", ""2313.60""], [""0.2640"", ""2996.20""], [""0.2641"", ""26.40""], [""0.2642"", ""1645.60""], [""0.2643"", ""16.00""], [""0.2644"", ""902.40""], [""0.2645"", ""884.80""], [""0.2646"", ""198.40""], [""0.2651"", ""1724.00""], [""0.2653"", ""10357.69""], [""0.2667"", ""1344.46""]]"
2026-08-25T19:02:25.646454Z,1787684545646,XYOUSDT,0.00329,303646.00,0.00332,1656.62,1497501.93,1747530.08,1787684546467,"[[""0.00329"", ""303646.00""], [""0.00328"", ""371137.00""], [""0.00327"", ""169726.16""], [""0.00326"", ""90105.00""], [""0.00325"", ""60127.80""], [""0.00324"", ""2773.41""], [""0.00323"", ""355483.19""], [""0.00322"", ""2088.73""], [""0.00321"", ""20580.30""], [""0.00320"", ""1934.31""], [""0.00319"", ""8102.36""], [""0.00317"", ""2517.36""], [""0.00315"", ""2517.36""], [""0.00314"", ""3123.75""], [""0.00313"", ""91052.40""], [""0.00311"", ""2517.36""], [""0.00309"", ""2517.36""], [""0.00307"", ""2517.36""], [""0.00305"", ""2517.36""], [""0.00303"", ""2517.36""]]","[[""0.00332"", ""1656.62""], [""0.00333"", ""23049.09""], [""0.00334"", ""121596.61""], [""0.00335"", ""144355.40""], [""0.00336"", ""235277.19""], [""0.00337"", ""179780.42""], [""0.00339"", ""15649.19""], [""0.00342"", ""2340.31""], [""0.00352"", ""35301.12""], [""0.00420"", ""297950.46""], [""0.00481"", ""56157.86""], [""0.00577"", ""376411.05""], [""0.00715"", ""16091.36""], [""0.00800"", ""4996.33""], [""0.00900"", ""17433.75""], [""0.01190"", ""84.04""], [""0.01200"", ""3783.13""], [""0.01300"", ""49740.34""], [""0.01400"", ""91190.59""], [""0.01500"", ""74685.22""]]"
2026-08-25T19:02:25.646454Z,1787684545646,GOATUSDT,0.01669,405.00,0.01675,12033.99,191744.58000000002,200666.97,1787684549068,"[[""0.01669"", ""405.00""], [""0.01668"", ""8174.90""], [""0.01667"", ""30866.90""], [""0.01666"", ""72.03""], [""0.01665"", ""5276.53""], [""0.01664"", ""12845.16""], [""0.01663"", ""72.16""], [""0.01662"", ""7496.25""], [""0.01661"", ""19672.97""], [""0.01660"", ""14847.59""], [""0.01659"", ""4926.72""], [""0.01658"", ""8692.67""], [""0.01657"", ""7869.91""], [""0.01656"", ""82.58""], [""0.01655"", ""3759.96""], [""0.01654"", ""5870.67""], [""0.01653"", ""1899.26""], [""0.01652"", ""21564.82""], [""0.01651"", ""19642.48""], [""0.01650"", ""17706.02""]]","[[""0.01675"", ""12033.99""], [""0.01676"", ""13913.63""], [""0.01677"", ""709.56""], [""0.01678"", ""10981.62""], [""0.01679"", ""22564.23""], [""0.01680"", ""1266.17""], [""0.01681"", ""6366.55""], [""0.01682"", ""1194.74""], [""0.01683"", ""29644.08""], [""0.01684"", ""16458.93""], [""0.01685"", ""3816.44""], [""0.01686"", ""4900.94""], [""0.01687"", ""22441.61""], [""0.01688"", ""20123.23""], [""0.01689"", ""6761.09""], [""0.01690"", ""71.01""], [""0.01691"", ""10668.89""], [""0.01692"", ""74.24""], [""0.01693"", ""16605.18""], [""0.01694"", ""70.84""]]"
2026-08-25T19:02:25.646454Z,1787684545646,XPRUSDT,0.0027884,16028.00,0.0027976,21293.80,313054.08999999997,442482.45,1787684549468,"[[""0.0027884"", ""16028.00""], [""0.0027871"", ""7537.44""], [""0.0027869"", ""35027.76""], [""0.0027868"", ""7537.44""], [""0.0027865"", ""7537.44""], [""0.0027862"", ""7537.44""], [""0.0027859"", ""7537.44""], [""0.0027856"", ""7537.44""], [""0.0027835"", ""60568.64""], [""0.0027834"", ""72374.06""], [""0.0027830"", ""9018.16""], [""0.0027829"", ""7537.44""], [""0.0027823"", ""7537.44""], [""0.0027820"", ""7537.44""], [""0.0027817"", ""7537.44""], [""0.0027814"", ""7537.44""], [""0.0027811"", ""7537.44""], [""0.0027805"", ""7537.44""], [""0.0027804"", ""11260.16""], [""0.0027802"", ""10790.59""]]","[[""0.0027976"", ""21293.80""], [""0.0027992"", ""58135.38""], [""0.0027993"", ""168185.65""], [""0.0028006"", ""428.48""], [""0.0028016"", ""6345.12""], [""0.0028018"", ""59553.47""], [""0.0028053"", ""20289.34""], [""0.0028054"", ""52729.63""], [""0.0028056"", ""7537.44""], [""0.0028058"", ""427.69""], [""0.0028064"", ""7537.44""], [""0.0028067"", ""427.55""], [""0.0028088"", ""7537.44""], [""0.0028100"", ""7537.44""], [""0.0028105"", ""429.05""], [""0.0028106"", ""7537.44""], [""0.0028109"", ""426.91""], [""0.0028114"", ""480.69""], [""0.0028115"", ""7537.44""], [""0.0028116"", ""8105.05""]]"
2026-08-25T19:02:25.646454Z,1787684545646,SUSDT,0.02848,8542.90,0.02849,1400.00,352462.1,230343.83,1787684550651,"[[""0.02848"", ""8542.90""], [""0.02847"", ""16662.50""], [""0.02846"", ""11896.60""], [""0.02845"", ""17513.32""], [""0.02844"", ""18522.13""], [""0.02843"", ""14517.47""], [""0.02842"", ""18522.13""], [""0.02840"", ""34492.15""], [""0.02838"", ""34691.14""], [""0.02837"", ""9456.00""], [""0.02836"", ""69520.97""], [""0.02835"", ""9456.00""], [""0.02834"", ""4351.15""], [""0.02833"", ""19564.40""], [""0.02832"", ""1698.60""], [""0.02831"", ""16347.10""], [""0.02830"", ""9051.84""], [""0.02829"", ""29083.80""], [""0.02828"", ""7400.43""], [""0.02827"", ""1171.47""]]","[[""0.02849"", ""1400.00""], [""0.02850"", ""3897.70""], [""0.02851"", ""8668.10""], [""0.02852"", ""24142.91""], [""0.02853"", ""9525.12""], [""0.02854"", ""9520.83""], [""0.02855"", ""32168.62""], [""0.02856"", ""6322.44""], [""0.02857"", ""14636.05""], [""0.02858"", ""2111.19""], [""0.02859"", ""36509.55""], [""0.02860"", ""4208.95""], [""0.02861"", ""41968.32""], [""0.02862"", ""9113.50""], [""0.02863"", ""10272.05""], [""0.02864"", ""1021.85""], [""0.02865"", ""4244.50""], [""0.02866"", ""4226.05""], [""0.02867"", ""1608.60""], [""0.02868"", ""4777.50""]]"
2026-08-25T19:10:02.310856Z,1787685002310,PIPPINUSDT,0.019111,7032.88,0.019210,536.00,235189.38999999998,149313.84,1787685002449,"[[""0.019111"", ""7032.88""], [""0.019110"", ""6193.78""], [""0.019099"", ""5220.00""], [""0.019064"", ""39580.00""], [""0.019063"", ""54556.14""], [""0.019059"", ""27273.08""], [""0.019054"", ""18192.44""], [""0.019051"", ""9096.85""], [""0.019049"", ""9097.33""], [""0.019045"", ""176.34""], [""0.018981"", ""208.40""], [""0.018934"", ""1305.48""], [""0.018909"", ""221.20""], [""0.018881"", ""156.13""], [""0.018788"", ""179.08""], [""0.018735"", ""47974.63""], [""0.018734"", ""2921.19""], [""0.018728"", ""1482.70""], [""0.018724"", ""3329.58""], [""0.018669"", ""992.16""]]","[[""0.019210"", ""536.00""], [""0.019213"", ""13402.38""], [""0.019216"", ""54467.91""], [""0.019222"", ""27230.76""], [""0.019226"", ""4160.00""], [""0.019227"", ""1513.11""], [""0.019228"", ""18168.52""], [""0.019229"", ""2620.00""], [""0.019248"", ""1411.06""], [""0.019262"", ""150.12""], [""0.019264"", ""3606.41""], [""0.019265"", ""10150.00""], [""0.019268"", ""3142.00""], [""0.019278"", ""214.04""], [""0.019288"", ""543.66""], [""0.019361"", ""1549.00""], [""0.019363"", ""164.10""], [""0.019382"", ""1768.00""], [""0.019386"", ""2410.77""], [""0.019390"", ""2106.00""]]"
2026-08-25T19:10:02.310856Z,1787685002310,NILUSDT,0.04184,248.98,0.04199,3159.70,58826.0,70167.13,1787685002814,"[[""0.04184"", ""248.98""], [""0.04181"", ""850.23""], [""0.04180"", ""2500.00""], [""0.04179"", ""2007.05""], [""0.04176"", ""2500.00""], [""0.04175"", ""6075.00""], [""0.04170"", ""628.00""], [""0.04169"", ""12620.00""], [""0.04167"", ""21384.53""], [""0.04166"", ""609.16""], [""0.04161"", ""3244.50""], [""0.04159"", ""31.80""], [""0.04158"", ""1978.56""], [""0.04157"", ""28.87""], [""0.04156"", ""1225.03""], [""0.04155"", ""2768.22""], [""0.04154"", ""28.89""], [""0.04153"", ""34.67""], [""0.04152"", ""33.60""], [""0.04151"", ""28.91""]]","[[""0.04199"", ""3159.70""], [""0.04202"", ""2163.00""], [""0.04207"", ""623.09""], [""0.04208"", ""18503.00""], [""0.04210"", ""3281.97""], [""0.04211"", ""3598.50""], [""0.04212"", ""640.35""], [""0.04213"", ""416.16""], [""0.04214"", ""218.79""], [""0.04215"", ""28.47""], [""0.04216"", ""31.80""], [""0.04217"", ""28.46""], [""0.04218"", ""218.61""], [""0.04219"", ""218.70""], [""0.04221"", ""1785.00""], [""0.04224"", ""29250.00""], [""0.04229"", ""546.54""], [""0.04241"", ""1558.57""], [""0.04243"", ""1818.33""], [""0.04245"", ""2078.09""]]"
2026-08-25T19:10:02.310856Z,1787685002310,MINAUSDT,0.06147,7415.90,0.06160,20221.40,1243396.73,305178.13,1787685003153,"[[""0.06147"", ""7415.90""], [""0.06138"", ""8633.21""], [""0.06137"", ""37908.50""], [""0.06129"", ""54034.20""], [""0.06121"", ""2112.54""], [""0.06120"", ""130721.80""], [""0.06108"", ""1017.66""], [""0.06107"", ""526547.78""], [""0.06098"", ""117197.85""], [""0.06091"", ""908.01""], [""0.06089"", ""44978.12""], [""0.06066"", ""71283.30""], [""0.06048"", ""118618.01""], [""0.06035"", ""15064.28""], [""0.06027"", ""80905.22""], [""0.06026"", ""22.53""], [""0.06017"", ""4478.85""], [""0.06008"", ""4478.85""], [""0.05995"", ""2506.41""], [""0.05986"", ""14563.71""]]","[[""0.06160"", ""20221.40""], [""0.06168"", ""324.34""], [""0.06169"", ""2500.39""], [""0.06171"", ""25469.18""], [""0.06182"", ""18739.20""], [""0.06193"", ""24473.46""], [""0.06200"", ""43956.00""], [""0.06211"", ""47650.35""], [""0.06222"", ""18954.65""], [""0.06240"", ""73220.84""], [""0.06262"", ""9183.79""], [""0.06264"", ""2504.52""], [""0.06275"", ""2504.52""], [""0.06282"", ""5896.11""], [""0.06293"", ""2504.34""], [""0.06304"", ""3424.05""], [""0.06315"", ""2430.00""], [""0.06322"", ""108.00""], [""0.06324"", ""1038.38""], [""0.06344"", ""74.61""]]"
2026-08-25T19:10:02.310856Z,1787685002310,SFPUSDT,0.2620,100.00,0.2623,3489.00,10080.41,51209.63,1787684992013,"[[""0.2620"", ""100.00""], [""0.2619"", ""340.00""], [""0.2618"", ""20.00""], [""0.2617"", ""2478.30""], [""0.2616"", ""1322.86""], [""0.2615"", ""1144.10""], [""0.2614"", ""22.00""], [""0.2612"", ""541.20""], [""0.2610"", ""545.60""], [""0.2609"", ""2440.54""], [""0.2608"", ""82.00""], [""0.2607"", ""16.00""], [""0.2606"", ""16.00""], [""0.2605"", ""16.00""], [""0.2604"", ""16.00""], [""0.2603"", ""16.80""], [""0.2598"", ""4.62""], [""0.2597"", ""878.40""], [""0.2595"", ""4.65""], [""0.2583"", ""75.34""]]","[[""0.2623"", ""3489.00""], [""0.2624"", ""636.73""], [""0.2625"", ""2204.39""], [""0.2626"", ""849.00""], [""0.2627"", ""1020.00""], [""0.2628"", ""1600.60""], [""0.2629"", ""66.00""], [""0.2631"", ""33284.90""], [""0.2633"", ""3356.22""], [""0.2634"", ""54.40""], [""0.2635"", ""2389.20""], [""0.2636"", ""16.00""], [""0.2637"", ""16.00""], [""0.2638"", ""508.80""], [""0.2639"", ""16.00""], [""0.2640"", ""1551.20""], [""0.2641"", ""26.40""], [""0.2642"", ""16.00""], [""0.2643"", ""16.00""], [""0.2657"", ""92.79""]]"
2026-08-25T19:10:02.310856Z,1787685002310,XYOUSDT,0.00328,82214.00,0.00332,1656.62,1504793.93,1679128.36,1787685004867,"[[""0.00328"", ""82214.00""], [""0.00327"", ""461444.75""], [""0.00326"", ""308019.66""], [""0.00325"", ""94843.30""], [""0.00324"", ""8358.41""], [""0.00323"", ""408535.19""], [""0.00322"", ""2088.73""], [""0.00321"", ""20580.30""], [""0.00320"", ""1934.31""], [""0.00319"", ""2517.36""], [""0.00317"", ""2517.36""], [""0.00315"", ""5103.53""], [""0.00314"", ""3066.64""], [""0.00313"", ""88466.23""], [""0.00311"", ""2517.36""], [""0.00309"", ""2517.36""], [""0.00307"", ""2517.36""], [""0.00305"", ""2517.36""], [""0.00303"", ""2517.36""], [""0.00301"", ""2517.36""]]","[[""0.00332"", ""1656.62""], [""0.00333"", ""99962.53""], [""0.00334"", ""282967.32""], [""0.00335"", ""208075.80""], [""0.00336"", ""72270.07""], [""0.00337"", ""47028.02""], [""0.00338"", ""6807.50""], [""0.00339"", ""8873.13""], [""0.00341"", ""2347.34""], [""0.00352"", ""35301.12""], [""0.00420"", ""297950.46""], [""0.00481"", ""56157.86""], [""0.00577"", ""376411.05""], [""0.00715"", ""16091.36""], [""0.00800"", ""4996.33""], [""0.00900"", ""17433.75""], [""0.01190"", ""84.04""], [""0.01200"", ""3783.13""], [""0.01300"", ""49740.34""], [""0.01400"", ""91190.59""]]"
2026-08-25T19:10:02.310856Z,1787685002310,GOATUSDT,0.01669,17978.58,0.01674,405.00,174488.91,189903.76,1787685004768,"[[""0.01669"", ""17978.58""], [""0.01668"", ""78.52""], [""0.01667"", ""53059.62""], [""0.01666"", ""72.03""], [""0.01665"", ""10466.81""], [""0.01664"", ""72.12""], [""0.01663"", ""6410.23""], [""0.01661"", ""10859.40""], [""0.01660"", ""72.29""], [""0.01659"", ""13753.20""], [""0.01658"", ""72.38""], [""0.01657"", ""5781.92""], [""0.01656"", ""78.57""], [""0.01655"", ""8105.17""], [""0.01654"", ""6908.91""], [""0.01653"", ""15404.32""], [""0.01652"", ""5795.06""], [""0.01651"", ""17363.88""], [""0.01650"", ""1912.90""], [""0.01649"", ""243.00""]]","[[""0.01674"", ""405.00""], [""0.01675"", ""8879.06""], [""0.01676"", ""15718.04""], [""0.01677"", ""4641.61""], [""0.01678"", ""20805.36""], [""0.01679"", ""24157.34""], [""0.01680"", ""7869.07""], [""0.01681"", ""5050.51""], [""0.01682"", ""5428.65""], [""0.01683"", ""1266.14""], [""0.01684"", ""17708.43""], [""0.01685"", ""14588.95""], [""0.01686"", ""10871.70""], [""0.01687"", ""3574.09""], [""0.01688"", ""73.34""], [""0.01689"", ""3472.67""], [""0.01690"", ""71.01""], [""0.01691"", ""1620.62""], [""0.01692"", ""30308.41""], [""0.01693"", ""13393.76""]]"
2026-08-25T19:10:02.310856Z,1787685002310,XPRUSDT,0.0027882,7537.44,0.0027944,9421.80,274522.34,958299.13,1787685007068,"[[""0.0027882"", ""7537.44""], [""0.0027881"", ""7537.44""], [""0.0027880"", ""35027.76""], [""0.0027876"", ""7537.44""], [""0.0027870"", ""7537.44""], [""0.0027867"", ""7537.44""], [""0.0027859"", ""7537.44""], [""0.0027856"", ""7537.44""], [""0.0027853"", ""7537.44""], [""0.0027850"", ""7537.44""], [""0.0027841"", ""7537.44""], [""0.0027838"", ""7537.44""], [""0.0027835"", ""7537.44""], [""0.0027833"", ""39743.62""], [""0.0027832"", ""7537.44""], [""0.0027829"", ""7537.44""], [""0.0027827"", ""8857.23""], [""0.0027826"", ""70294.69""], [""0.0027823"", ""7537.44""], [""0.0027820"", ""7537.44""]]","[[""0.0027944"", ""9421.80""], [""0.0027967"", ""1075.48""], [""0.0027968"", ""89387.87""], [""0.0027973"", ""7537.44""], [""0.0027984"", ""6345.12""], [""0.0027996"", ""9245.60""], [""0.0028006"", ""288232.31""], [""0.0028007"", ""81782.75""], [""0.0028008"", ""300263.66""], [""0.0028018"", ""59553.47""], [""0.0028053"", ""20289.34""], [""0.0028054"", ""52729.63""], [""0.0028064"", ""7537.44""], [""0.0028067"", ""427.55""], [""0.0028087"", ""429.04""], [""0.0028106"", ""7537.44""], [""0.0028109"", ""426.91""], [""0.0028114"", ""437.38""], [""0.0028115"", ""7537.44""], [""0.0028116"", ""8101.46""]]"
2026-08-25T19:10:02.310856Z,1787685002310,SUSDT,0.02844,3897.70,0.02846,3218.50,288466.43,264822.16,1787685006450,"[[""0.02844"", ""3897.70""], [""0.02843"", ""18409.00""], [""0.02842"", ""10093.00""], [""0.02841"", ""13269.85""], [""0.02840"", ""6927.69""], [""0.02839"", ""33674.41""], [""0.02838"", ""10986.14""], [""0.02836"", ""14723.83""], [""0.02834"", ""41360.99""], [""0.02833"", ""4998.90""], [""0.02832"", ""55303.80""], [""0.02831"", ""13183.95""], [""0.02830"", ""11844.49""], [""0.02829"", ""1698.75""], [""0.02828"", ""22313.13""], [""0.02827"", ""1698.80""], [""0.02826"", ""4320.60""], [""0.02825"", ""4325.25""], [""0.02824"", ""14379.50""], [""0.02821"", ""1056.65""]]","[[""0.02846"", ""3218.50""], [""0.02847"", ""8989.80""], [""0.02848"", ""8965.30""], [""0.02849"", ""23094.61""], [""0.02850"", ""5131.83""], [""0.02851"", ""23094.61""], [""0.02852"", ""4067.58""], [""0.02854"", ""44807.94""], [""0.02856"", ""42995.81""], [""0.02857"", ""3438.95""], [""0.02858"", ""45517.05""], [""0.02859"", ""7619.66""], [""0.02860"", ""11272.74""], [""0.02861"", ""4588.38""], [""0.02862"", ""6870.55""], [""0.02863"", ""10125.19""], [""0.02864"", ""1021.85""], [""0.02865"", ""4572.35""], [""0.02866"", ""4226.05""], [""0.02881"", ""1203.41""]]"
2026-08-25T20:10:02.374220Z,1787688602374,PIPPINUSDT,0.018987,3777.60,0.019068,14559.79,147431.75999999998,189775.6,1787688602449,"[[""0.018987"", ""3777.60""], [""0.018977"", ""13109.21""], [""0.018956"", ""25020.21""], [""0.018955"", ""27465.01""], [""0.018954"", ""27448.76""], [""0.018944"", ""240.39""], [""0.018930"", ""1526.87""], [""0.018929"", ""9152.19""], [""0.018913"", ""27465.01""], [""0.018906"", ""2609.52""], [""0.018847"", ""1138.15""], [""0.018829"", ""1203.04""], [""0.018827"", ""137.95""], [""0.018816"", ""1313.71""], [""0.018780"", ""203.55""], [""0.018777"", ""1527.13""], [""0.018767"", ""1352.71""], [""0.018749"", ""1192.16""], [""0.018736"", ""191.11""], [""0.018689"", ""1357.48""]]","[[""0.019068"", ""14559.79""], [""0.019069"", ""12192.56""], [""0.019075"", ""54858.59""], [""0.019088"", ""4160.00""], [""0.019089"", ""2620.00""], [""0.019090"", ""27421.73""], [""0.019101"", ""11066.00""], [""0.019102"", ""4890.95""], [""0.019103"", ""2721.02""], [""0.019104"", ""3772.75""], [""0.019108"", ""9141.06""], [""0.019111"", ""12698.56""], [""0.019120"", ""5400.98""], [""0.019126"", ""160.44""], [""0.019155"", ""10150.00""], [""0.019156"", ""3650.00""], [""0.019158"", ""3142.00""], [""0.019184"", ""1769.95""], [""0.019215"", ""199.22""], [""0.019223"", ""5200.00""]]"
2026-08-25T20:10:02.374220Z,1787688602374,NILUSDT,0.04147,2022.54,0.04160,2403.84,71433.39,68621.43,1787688602513,"[[""0.04147"", ""2022.54""], [""0.04145"", ""2500.00""], [""0.04144"", ""6075.00""], [""0.04138"", ""2500.00""], [""0.04137"", ""4326.00""], [""0.04136"", ""628.00""], [""0.04132"", ""234.53""], [""0.04131"", ""519.19""], [""0.04130"", ""9888.00""], [""0.04129"", ""24394.50""], [""0.04127"", ""221.40""], [""0.04126"", ""1092.51""], [""0.04125"", ""3333.42""], [""0.04124"", ""221.85""], [""0.04123"", ""221.85""], [""0.04122"", ""10132.01""], [""0.04121"", ""519.66""], [""0.04120"", ""29.13""], [""0.04119"", ""2351.77""], [""0.04118"", ""222.03""]]","[[""0.04160"", ""2403.84""], [""0.04163"", ""358.54""], [""0.04164"", ""3038.00""], [""0.04167"", ""1325.93""], [""0.04168"", ""10575.00""], [""0.04169"", ""2163.00""], [""0.04172"", ""8587.00""], [""0.04175"", ""546.54""], [""0.04176"", ""28.74""], [""0.04177"", ""4366.32""], [""0.04178"", ""640.89""], [""0.04179"", ""418.32""], [""0.04180"", ""28.71""], [""0.04181"", ""32.26""], [""0.04182"", ""33.80""], [""0.04183"", ""28.69""], [""0.04184"", ""110.25""], [""0.04185"", ""31.01""], [""0.04189"", ""31791.00""], [""0.04206"", ""2113.59""]]"
2026-08-25T20:10:02.374220Z,1787688602374,MINAUSDT,0.06160,136629.30,0.06172,14367.94,1000966.35,293954.76,1787688603853,"[[""0.06160"", ""136629.30""], [""0.06148"", ""8350.63""], [""0.06147"", ""54201.10""], [""0.06137"", ""45557.30""], [""0.06132"", ""179.34""], [""0.06131"", ""471.46""], [""0.06129"", ""107197.97""], [""0.06125"", ""592.51""], [""0.06122"", ""2112.20""], [""0.06120"", ""305876.89""], [""0.06107"", ""62683.61""], [""0.06101"", ""774.23""], [""0.06098"", ""26861.01""], [""0.06080"", ""39530.26""], [""0.06058"", ""92261.40""], [""0.06057"", ""15591.60""], [""0.06048"", ""15423.93""], [""0.06040"", ""79464.33""], [""0.06035"", ""2505.78""], [""0.06026"", ""4701.50""]]","[[""0.06172"", ""14367.94""], [""0.06173"", ""14043.60""], [""0.06184"", ""24404.09""], [""0.06195"", ""29368.00""], [""0.06202"", ""30545.20""], [""0.06213"", ""25123.23""], [""0.06224"", ""65617.86""], [""0.06235"", ""21501.15""], [""0.06253"", ""37405.39""], [""0.06275"", ""4399.32""], [""0.06282"", ""2504.43""], [""0.06293"", ""2504.34""], [""0.06304"", ""3912.75""], [""0.06315"", ""21.88""], [""0.06322"", ""108.00""], [""0.06324"", ""1038.38""], [""0.06344"", ""74.61""], [""0.06362"", ""2430.00""], [""0.06373"", ""9700.65""], [""0.06395"", ""4883.94""]]"
2026-08-25T20:10:02.374220Z,1787688602374,SFPUSDT,0.2610,100.00,0.2614,2792.73,5459.52,21905.1,1787688600113,"[[""0.2610"", ""100.00""], [""0.2609"", ""120.00""], [""0.2608"", ""109.00""], [""0.2607"", ""2644.40""], [""0.2606"", ""1022.00""], [""0.2605"", ""22.00""], [""0.2604"", ""503.80""], [""0.2602"", ""541.20""], [""0.2600"", ""66.00""], [""0.2599"", ""16.00""], [""0.2598"", ""82.00""], [""0.2597"", ""16.00""], [""0.2596"", ""116.00""], [""0.2595"", ""16.00""], [""0.2594"", ""16.00""], [""0.2593"", ""16.00""], [""0.2592"", ""16.00""], [""0.2591"", ""16.00""], [""0.2590"", ""16.00""], [""0.2577"", ""5.12""]]","[[""0.2614"", ""2792.73""], [""0.2615"", ""2568.40""], [""0.2616"", ""1190.00""], [""0.2617"", ""1812.80""], [""0.2618"", ""1572.00""], [""0.2619"", ""499.40""], [""0.2620"", ""2275.90""], [""0.2622"", ""1205.60""], [""0.2624"", ""2834.70""], [""0.2625"", ""2029.60""], [""0.2626"", ""172.32""], [""0.2627"", ""16.00""], [""0.2628"", ""16.00""], [""0.2629"", ""16.00""], [""0.2630"", ""16.00""], [""0.2631"", ""4.61""], [""0.2637"", ""1131.20""], [""0.2639"", ""4.55""], [""0.2641"", ""10.40""], [""0.2655"", ""1736.89""]]"
2026-08-25T20:10:02.374220Z,1787688602374,XYOUSDT,0.00325,17869.76,0.00328,26808.88,903973.63,1997369.05,1787688604667,"[[""0.00325"", ""17869.76""], [""0.00324"", ""8541.74""], [""0.00323"", ""148689.60""], [""0.00322"", ""38604.67""], [""0.00321"", ""53052.00""], [""0.00320"", ""101297.64""], [""0.00319"", ""364113.11""], [""0.00318"", ""53052.00""], [""0.00317"", ""5036.59""], [""0.00315"", ""2517.36""], [""0.00314"", ""2594.05""], [""0.00313"", ""88466.23""], [""0.00311"", ""2517.36""], [""0.00309"", ""2517.36""], [""0.00307"", ""2517.36""], [""0.00305"", ""2517.36""], [""0.00303"", ""2517.36""], [""0.00301"", ""2517.36""], [""0.00299"", ""2517.36""], [""0.00297"", ""2517.36""]]","[[""0.00328"", ""26808.88""], [""0.00329"", ""114372.98""], [""0.00330"", ""340576.00""], [""0.00331"", ""171144.00""], [""0.00332"", ""345074.80""], [""0.00333"", ""22991.18""], [""0.00334"", ""15981.74""], [""0.00337"", ""8907.86""], [""0.00340"", ""2371.58""], [""0.00356"", ""35301.12""], [""0.00420"", ""297950.46""], [""0.00481"", ""56157.86""], [""0.00577"", ""376411.05""], [""0.00715"", ""16091.36""], [""0.00800"", ""4996.33""], [""0.00900"", ""17433.75""], [""0.01190"", ""84.04""], [""0.01200"", ""3783.13""], [""0.01300"", ""49740.34""], [""0.01400"", ""91190.59""]]"
2026-08-25T20:10:02.374220Z,1787688602374,GOATUSDT,0.01648,405.00,0.01653,28790.65,178449.6,231247.34,1787688606568,"[[""0.01648"", ""405.00""], [""0.01647"", ""72.86""], [""0.01646"", ""39428.83""], [""0.01645"", ""12527.52""], [""0.01644"", ""12638.27""], [""0.01643"", ""73.04""], [""0.01642"", ""13915.52""], [""0.01640"", ""318.33""], [""0.01639"", ""73.22""], [""0.01638"", ""4665.40""], [""0.01637"", ""31550.32""], [""0.01636"", ""7656.31""], [""0.01635"", ""3971.38""], [""0.01634"", ""9298.69""], [""0.01633"", ""11710.77""], [""0.01632"", ""17259.81""], [""0.01631"", ""1455.45""], [""0.01630"", ""9616.98""], [""0.01629"", ""1437.78""], [""0.01628"", ""374.12""]]","[[""0.01653"", ""28790.65""], [""0.01654"", ""11883.11""], [""0.01655"", ""25129.12""], [""0.01656"", ""7312.11""], [""0.01657"", ""19961.06""], [""0.01658"", ""10246.65""], [""0.01659"", ""19536.23""], [""0.01661"", ""9140.16""], [""0.01662"", ""9740.54""], [""0.01663"", ""20664.46""], [""0.01664"", ""144.24""], [""0.01665"", ""4582.96""], [""0.01666"", ""144.06""], [""0.01667"", ""5816.22""], [""0.01668"", ""78.87""], [""0.01670"", ""6802.96""], [""0.01671"", ""73.45""], [""0.01672"", ""12839.89""], [""0.01673"", ""6810.28""], [""0.01674"", ""31550.32""]]"
2026-08-25T20:10:02.374220Z,1787688602374,XPRUSDT,0.0027724,6118.17,0.0027811,6852.50,550728.87,700571.06,1787688607568,"[[""0.0027724"", ""6118.17""], [""0.0027723"", ""8284.60""], [""0.0027696"", ""85049.59""], [""0.0027695"", ""7537.44""], [""0.0027694"", ""2746.88""], [""0.0027690"", ""38428.64""], [""0.0027672"", ""62757.25""], [""0.0027671"", ""93028.40""], [""0.0027670"", ""29072.65""], [""0.0027659"", ""11616.48""], [""0.0027658"", ""7838.16""], [""0.0027657"", ""7537.44""], [""0.0027656"", ""682.72""], [""0.0027653"", ""10038.01""], [""0.0027651"", ""8493.85""], [""0.0027650"", ""9403.33""], [""0.0027648"", ""26508.42""], [""0.0027644"", ""7444.10""], [""0.0027633"", ""13762.52""], [""0.0027622"", ""114380.22""]]","[[""0.0027811"", ""6852.50""], [""0.0027812"", ""15902.24""], [""0.0027831"", ""7537.44""], [""0.0027861"", ""81782.75""], [""0.0027862"", ""369127.81""], [""0.0027870"", ""5119.28""], [""0.0027872"", ""43583.19""], [""0.0027873"", ""450.49""], [""0.0027885"", ""25114.99""], [""0.0027915"", ""59553.47""], [""0.0027929"", ""440.21""], [""0.0027930"", ""7537.44""], [""0.0027933"", ""7537.44""], [""0.0027934"", ""492.26""], [""0.0027936"", ""449.39""], [""0.0027937"", ""53159.17""], [""0.0027999"", ""7537.44""], [""0.0028001"", ""428.56""], [""0.0028064"", ""7537.44""], [""0.0028067"", ""427.55""]]"
2026-08-25T20:10:02.374220Z,1787688602374,SUSDT,0.02814,26077.40,0.02816,3768.70,369267.07,285158.47,1787688606850,"[[""0.02814"", ""26077.40""], [""0.02813"", ""9231.20""], [""0.02812"", ""15253.81""], [""0.02811"", ""15253.81""], [""0.02810"", ""28492.20""], [""0.02809"", ""27788.42""], [""0.02808"", ""11748.24""], [""0.02806"", ""27589.22""], [""0.02804"", ""24646.05""], [""0.02803"", ""4348.05""], [""0.02802"", ""80885.36""], [""0.02801"", ""29261.20""], [""0.02800"", ""5030.40""], [""0.02799"", ""1790.70""], [""0.02798"", ""19578.00""], [""0.02797"", ""6840.40""], [""0.02796"", ""7513.00""], [""0.02795"", ""7074.54""], [""0.02794"", ""19610.50""], [""0.02792"", ""1254.57""]]","[[""0.02816"", ""3768.70""], [""0.02817"", ""3901.60""], [""0.02818"", ""10139.40""], [""0.02819"", ""23303.50""], [""0.02820"", ""7625.42""], [""0.02821"", ""19096.44""], [""0.02822"", ""20578.69""], [""0.02824"", ""47680.77""], [""0.02826"", ""52215.79""], [""0.02827"", ""8580.55""], [""0.02828"", ""42542.78""], [""0.02829"", ""7006.50""], [""0.02830"", ""3283.21""], [""0.02831"", ""9540.05""], [""0.02832"", ""4350.05""], [""0.02833"", ""5430.02""], [""0.02834"", ""4193.65""], [""0.02835"", ""5904.05""], [""0.02836"", ""3744.88""], [""0.02839"", ""2272.42""]]"
2026-08-25T21:10:01.775257Z,1787692201775,PIPPINUSDT,0.018420,748.31,0.018564,1925.95,159851.68,122918.18,1787692201949,"[[""0.018420"", ""748.31""], [""0.018419"", ""275.72""], [""0.018385"", ""13757.11""], [""0.018384"", ""18787.79""], [""0.018352"", ""186.37""], [""0.018270"", ""6536.51""], [""0.018269"", ""1279.44""], [""0.018266"", ""1250.07""], [""0.018260"", ""1351.33""], [""0.018259"", ""1428.00""], [""0.018257"", ""1248.99""], [""0.018256"", ""1630.42""], [""0.018249"", ""1547.60""], [""0.018224"", ""58074.83""], [""0.018190"", ""1334.25""], [""0.018150"", ""60.00""], [""0.018134"", ""208.04""], [""0.018100"", ""232.77""], [""0.018086"", ""110.58""], [""0.018047"", ""49803.55""]]","[[""0.018564"", ""1925.95""], [""0.018565"", ""148.90""], [""0.018609"", ""157.02""], [""0.018628"", ""4160.00""], [""0.018632"", ""28131.44""], [""0.018633"", ""28131.44""], [""0.018639"", ""28131.06""], [""0.018661"", ""1408.53""], [""0.018665"", ""4717.90""], [""0.018687"", ""3142.00""], [""0.018688"", ""1760.91""], [""0.018690"", ""536.00""], [""0.018693"", ""6686.00""], [""0.018695"", ""2753.57""], [""0.018704"", ""3330.49""], [""0.018708"", ""1769.95""], [""0.018712"", ""5517.84""], [""0.018741"", ""149.38""], [""0.018766"", ""180.83""], [""0.018860"", ""178.97""]]"
2026-08-25T21:10:01.775257Z,1787692201775,NILUSDT,0.04049,28.45,0.04066,2163.00,27948.12,30518.96,1787692202713,"[[""0.04049"", ""28.45""], [""0.04039"", ""553.90""], [""0.04038"", ""7570.50""], [""0.04033"", ""2500.00""], [""0.04032"", ""879.60""], [""0.04024"", ""33.77""], [""0.04022"", ""1237.00""], [""0.04021"", ""2917.62""], [""0.04020"", ""33.01""], [""0.04019"", ""29.86""], [""0.04018"", ""1703.70""], [""0.04017"", ""3275.22""], [""0.04014"", ""459.01""], [""0.04013"", ""2210.67""], [""0.04012"", ""33.41""], [""0.04008"", ""560.19""], [""0.04004"", ""969.00""], [""0.04000"", ""25.25""], [""0.03997"", ""2163.00""], [""0.03991"", ""764.96""]]","[[""0.04066"", ""2163.00""], [""0.04076"", ""1492.75""], [""0.04077"", ""1006.69""], [""0.04081"", ""4921.00""], [""0.04090"", ""1846.44""], [""0.04091"", ""34.48""], [""0.04092"", ""1946.00""], [""0.04093"", ""3948.00""], [""0.04094"", ""33.61""], [""0.04095"", ""29.88""], [""0.04096"", ""2898.90""], [""0.04098"", ""2163.00""], [""0.04099"", ""2136.15""], [""0.04100"", ""1119.87""], [""0.04101"", ""29.45""], [""0.04103"", ""29.25""], [""0.04109"", ""365.39""], [""0.04118"", ""2163.00""], [""0.04119"", ""2163.00""], [""0.04124"", ""29.10""]]"
2026-08-25T21:10:01.775257Z,1787692201775,MINAUSDT,0.06028,2060.33,0.06050,1362.73,958432.01,344958.71,1787692203353,"[[""0.06028"", ""2060.33""], [""0.06027"", ""2700.00""], [""0.06019"", ""8508.98""], [""0.06018"", ""45208.60""], [""0.06010"", ""2151.56""], [""0.06009"", ""87871.90""], [""0.06002"", ""803.84""], [""0.06000"", ""516423.93""], [""0.05998"", ""758.10""], [""0.05988"", ""179.34""], [""0.05987"", ""44325.16""], [""0.05983"", ""565.24""], [""0.05978"", ""67967.57""], [""0.05969"", ""29931.88""], [""0.05946"", ""37999.72""], [""0.05928"", ""85569.99""], [""0.05915"", ""20.29""], [""0.05906"", ""2430.00""], [""0.05897"", ""20525.58""], [""0.05888"", ""2430.00""]]","[[""0.06050"", ""1362.73""], [""0.06051"", ""24014.15""], [""0.06062"", ""29249.80""], [""0.06073"", ""25679.70""], [""0.06080"", ""46765.95""], [""0.06091"", ""42135.17""], [""0.06102"", ""24790.81""], [""0.06113"", ""37825.92""], [""0.06131"", ""25933.38""], [""0.06153"", ""64571.10""], [""0.06155"", ""19.50""], [""0.06162"", ""2504.79""], [""0.06173"", ""2873.07""], [""0.06184"", ""2873.07""], [""0.06195"", ""22.57""], [""0.06202"", ""3046.14""], [""0.06213"", ""2505.33""], [""0.06224"", ""2651.31""], [""0.06235"", ""3550.32""], [""0.06267"", ""2583.90""]]"
2026-08-25T21:10:01.775257Z,1787692201775,SFPUSDT,0.2559,85.00,0.2569,2009.74,61065.33,65419.85,1787692204113,"[[""0.2559"", ""85.00""], [""0.2557"", ""110.00""], [""0.2556"", ""1168.00""], [""0.2555"", ""3006.30""], [""0.2554"", ""497.20""], [""0.2553"", ""2146.45""], [""0.2552"", ""476.30""], [""0.2541"", ""3690.50""], [""0.2532"", ""45243.30""], [""0.2525"", ""5.41""], [""0.2520"", ""2774.33""], [""0.2519"", ""1013.10""], [""0.2518"", ""33.60""], [""0.2517"", ""156.00""], [""0.2507"", ""197.74""], [""0.2505"", ""157.60""], [""0.2504"", ""5.07""], [""0.2503"", ""4.90""], [""0.2490"", ""135.94""], [""0.2486"", ""158.59""]]","[[""0.2569"", ""2009.74""], [""0.2570"", ""1597.00""], [""0.2571"", ""1647.80""], [""0.2572"", ""481.80""], [""0.2573"", ""2370.50""], [""0.2574"", ""677.60""], [""0.2576"", ""690.80""], [""0.2579"", ""2944.70""], [""0.2583"", ""875.20""], [""0.2584"", ""4569.40""], [""0.2585"", ""306.73""], [""0.2591"", ""5.40""], [""0.2598"", ""4.62""], [""0.2599"", ""47023.90""], [""0.2603"", ""4.75""], [""0.2641"", ""5.30""], [""0.2643"", ""44.00""], [""0.2653"", ""4.53""], [""0.2662"", ""4.51""], [""0.2678"", ""151.57""]]"
2026-08-25T21:10:01.775257Z,1787692201775,XYOUSDT,0.00316,1740.50,0.00319,67221.95,1389201.02,1918115.76,1787692199967,"[[""0.00316"", ""1740.50""], [""0.00315"", ""268413.36""], [""0.00314"", ""185214.70""], [""0.00313"", ""320661.59""], [""0.00312"", ""233248.81""], [""0.00311"", ""5277.33""], [""0.00310"", ""326052.89""], [""0.00309"", ""11889.18""], [""0.00308"", ""8836.50""], [""0.00307"", ""2517.36""], [""0.00305"", ""2517.36""], [""0.00303"", ""2517.36""], [""0.00302"", ""2692.56""], [""0.00301"", ""2517.36""], [""0.00299"", ""2517.36""], [""0.00297"", ""2517.36""], [""0.00295"", ""2517.36""], [""0.00293"", ""2517.36""], [""0.00291"", ""2517.36""], [""0.00289"", ""2517.36""]]","[[""0.00319"", ""67221.95""], [""0.00320"", ""277268.55""], [""0.00321"", ""168365.17""], [""0.00322"", ""303004.55""], [""0.00323"", ""2323.13""], [""0.00324"", ""6797.12""], [""0.00325"", ""8933.74""], [""0.00356"", ""53170.88""], [""0.00420"", ""297950.46""], [""0.00481"", ""56157.86""], [""0.00577"", ""376411.05""], [""0.00715"", ""16091.36""], [""0.00800"", ""4996.33""], [""0.00900"", ""17433.75""], [""0.01190"", ""84.04""], [""0.01200"", ""3783.13""], [""0.01300"", ""49740.34""], [""0.01400"", ""91190.59""], [""0.01500"", ""74685.22""], [""0.01600"", ""42506.54""]]"
2026-08-25T21:10:01.775257Z,1787692201775,GOATUSDT,0.01539,41771.78,0.01571,90.94,205096.15,161009.7,1787692205568,"[[""0.01539"", ""41771.78""], [""0.01538"", ""125063.11""], [""0.01536"", ""3392.43""], [""0.01533"", ""1785.43""], [""0.01522"", ""2243.06""], [""0.01515"", ""2590.00""], [""0.01507"", ""124.58""], [""0.01501"", ""156.38""], [""0.01500"", ""17158.01""], [""0.01493"", ""87.26""], [""0.01487"", ""97.62""], [""0.01479"", ""127.12""], [""0.01473"", ""151.35""], [""0.01470"", ""1420.30""], [""0.01469"", ""1866.58""], [""0.01468"", ""1420.30""], [""0.01467"", ""1566.10""], [""0.01466"", ""1314.49""], [""0.01465"", ""1725.92""], [""0.01464"", ""1034.33""]]","[[""0.01571"", ""90.94""], [""0.01578"", ""99.41""], [""0.01583"", ""25046.66""], [""0.01584"", ""14841.15""], [""0.01586"", ""117.15""], [""0.01593"", ""101.60""], [""0.01602"", ""94.11""], [""0.01604"", ""16477.07""], [""0.01606"", ""17248.66""], [""0.01609"", ""156.85""], [""0.01611"", ""25002.13""], [""0.01613"", ""25807.75""], [""0.01614"", ""8363.42""], [""0.01615"", ""11592.65""], [""0.01616"", ""148.52""], [""0.01617"", ""266.65""], [""0.01618"", ""74.17""], [""0.01619"", ""324.43""], [""0.01620"", ""83.01""], [""0.01621"", ""15073.37""]]"
2026-08-25T21:10:01.775257Z,1787692201775,XPRUSDT,0.0027486,9421.80,0.0027610,25572.85,498379.52999999997,1222969.2,1787692206468,"[[""0.0027486"", ""9421.80""], [""0.0027485"", ""1227.06""], [""0.0027475"", ""7537.44""], [""0.0027446"", ""66481.70""], [""0.0027445"", ""122407.16""], [""0.0027441"", ""39326.95""], [""0.0027438"", ""15177.42""], [""0.0027434"", ""36413.95""], [""0.0027429"", ""11122.42""], [""0.0027426"", ""18183.91""], [""0.0027421"", ""35249.84""], [""0.0027415"", ""25565.44""], [""0.0027412"", ""7537.44""], [""0.0027400"", ""1459.80""], [""0.0027397"", ""22783.68""], [""0.0027394"", ""36589.20""], [""0.0027392"", ""13233.84""], [""0.0027391"", ""13233.84""], [""0.0027390"", ""13233.84""], [""0.0027384"", ""2192.80""]]","[[""0.0027610"", ""25572.85""], [""0.0027644"", ""144540.00""], [""0.0027645"", ""437838.02""], [""0.0027648"", ""400951.16""], [""0.0027649"", ""90419.18""], [""0.0027662"", ""59553.47""], [""0.0027672"", ""479.98""], [""0.0027676"", ""7537.44""], [""0.0027685"", ""7537.44""], [""0.0027688"", ""7537.44""], [""0.0027691"", ""7537.44""], [""0.0027694"", ""7537.44""], [""0.0027697"", ""7537.44""], [""0.0027706"", ""7537.44""], [""0.0027709"", ""3954.88""], [""0.0027712"", ""433.03""], [""0.0027715"", ""432.98""], [""0.0027724"", ""432.84""], [""0.0027726"", ""432.81""], [""0.0027735"", ""5165.92""]]"
2026-08-25T21:10:01.775257Z,1787692201775,SUSDT,0.02727,2717.50,0.02730,3537.50,187653.34,244488.74,1787692207150,"[[""0.02727"", ""2717.50""], [""0.02726"", ""5998.50""], [""0.02725"", ""5498.50""], [""0.02724"", ""2717.50""], [""0.02723"", ""12109.90""], [""0.02722"", ""16248.54""], [""0.02721"", ""8549.10""], [""0.02719"", ""24783.22""], [""0.02717"", ""23608.20""], [""0.02715"", ""43070.06""], [""0.02712"", ""2203.45""], [""0.02711"", ""8980.90""], [""0.02710"", ""1128.71""], [""0.02709"", ""1128.71""], [""0.02708"", ""5975.27""], [""0.02707"", ""2489.94""], [""0.02706"", ""10068.55""], [""0.02705"", ""6378.14""], [""0.02704"", ""2935.52""], [""0.02703"", ""1063.13""]]","[[""0.02730"", ""3537.50""], [""0.02731"", ""9999.30""], [""0.02732"", ""10030.10""], [""0.02733"", ""4944.28""], [""0.02734"", ""9596.51""], [""0.02735"", ""24776.62""], [""0.02736"", ""9587.60""], [""0.02738"", ""24767.71""], [""0.02740"", ""51212.81""], [""0.02741"", ""2201.83""], [""0.02742"", ""54516.77""], [""0.02745"", ""749.25""], [""0.02747"", ""13337.89""], [""0.02748"", ""5049.63""], [""0.02749"", ""4046.35""], [""0.02750"", ""1502.45""], [""0.02751"", ""4046.35""], [""0.02752"", ""6164.13""], [""0.02753"", ""1063.13""], [""0.02754"", ""3358.53""]]"
2026-08-25T22:10:02.342935Z,1787695802342,PIPPINUSDT,0.018855,160.05,0.018968,39580.00,191141.04,200784.02000000002,1787695801649,"[[""0.018855"", ""160.05""], [""0.018847"", ""30430.88""], [""0.018841"", ""18375.10""], [""0.018840"", ""5347.59""], [""0.018839"", ""73496.10""], [""0.018760"", ""168.36""], [""0.018719"", ""1318.56""], [""0.018681"", ""172.33""], [""0.018653"", ""154.22""], [""0.018642"", ""1466.60""], [""0.018635"", ""1297.94""], [""0.018632"", ""1435.14""], [""0.018631"", ""1406.79""], [""0.018590"", ""149.51""], [""0.018537"", ""932.93""], [""0.018536"", ""48489.68""], [""0.018456"", ""1002.10""], [""0.018441"", ""1433.87""], [""0.018427"", ""2650.00""], [""0.018411"", ""1253.29""]]","[[""0.018968"", ""39580.00""], [""0.018969"", ""7529.52""], [""0.018972"", ""1527.20""], [""0.018973"", ""196.63""], [""0.018995"", ""14214.26""], [""0.019008"", ""55130.16""], [""0.019010"", ""27566.90""], [""0.019020"", ""4160.00""], [""0.019021"", ""9178.75""], [""0.019035"", ""10530.00""], [""0.019036"", ""5648.17""], [""0.019038"", ""2016.86""], [""0.019039"", ""2620.00""], [""0.019040"", ""3495.22""], [""0.019043"", ""1732.04""], [""0.019047"", ""1738.58""], [""0.019057"", ""1362.50""], [""0.019092"", ""10150.00""], [""0.019093"", ""2258.17""], [""0.019112"", ""149.06""]]"
2026-08-25T22:10:02.342935Z,1787695802342,NILUSDT,0.04171,121.97,0.04184,237.38,113442.29,76119.61,1787695803216,"[[""0.04171"", ""121.97""], [""0.04170"", ""2115.93""], [""0.04166"", ""6075.00""], [""0.04165"", ""4326.00""], [""0.04161"", ""21150.00""], [""0.04159"", ""1202.59""], [""0.04158"", ""7535.00""], [""0.04155"", ""3244.50""], [""0.04151"", ""4065.28""], [""0.04150"", ""2995.74""], [""0.04149"", ""29.72""], [""0.04148"", ""28.93""], [""0.04147"", ""656.94""], [""0.04146"", ""30.57""], [""0.04145"", ""117.63""], [""0.04144"", ""1686.15""], [""0.04143"", ""33.85""], [""0.04140"", ""54028.99""], [""0.04139"", ""753.00""], [""0.04134"", ""3244.50""]]","[[""0.04184"", ""237.38""], [""0.04190"", ""4639.00""], [""0.04195"", ""1275.77""], [""0.04196"", ""2163.00""], [""0.04199"", ""14523.00""], [""0.04200"", ""25.30""], [""0.04201"", ""9588.00""], [""0.04203"", ""973.00""], [""0.04204"", ""2163.00""], [""0.04210"", ""32.98""], [""0.04211"", ""28.50""], [""0.04212"", ""2404.38""], [""0.04213"", ""29.08""], [""0.04215"", ""29278.47""], [""0.04218"", ""232.11""], [""0.04220"", ""222.66""], [""0.04221"", ""4299.15""], [""0.04223"", ""28.42""], [""0.04224"", ""28.41""], [""0.04243"", ""3948.00""]]"
2026-08-25T22:10:02.342935Z,1787695802342,MINAUSDT,0.06068,2121.92,0.06090,4430.54,1234657.76,363417.7,1787695803753,"[[""0.06068"", ""2121.92""], [""0.06067"", ""8281.86""], [""0.06066"", ""35103.70""], [""0.06058"", ""50210.40""], [""0.06049"", ""2137.69""], [""0.06048"", ""131674.00""], [""0.06040"", ""341077.55""], [""0.06029"", ""841.13""], [""0.06027"", ""293715.40""], [""0.06020"", ""179.34""], [""0.06019"", ""436.90""], [""0.06018"", ""42590.35""], [""0.06009"", ""30002.61""], [""0.05987"", ""82347.87""], [""0.05969"", ""110064.35""], [""0.05968"", ""15837.30""], [""0.05955"", ""61194.33""], [""0.05946"", ""10813.95""], [""0.05937"", ""76.05""], [""0.05928"", ""15951.06""]]","[[""0.06090"", ""4430.54""], [""0.06091"", ""15952.70""], [""0.06102"", ""21271.58""], [""0.06113"", ""40708.47""], [""0.06120"", ""35879.47""], [""0.06131"", ""36363.58""], [""0.06142"", ""11506.44""], [""0.06153"", ""16582.39""], [""0.06171"", ""63530.28""], [""0.06193"", ""84000.51""], [""0.06195"", ""26297.51""], [""0.06202"", ""616.14""], [""0.06211"", ""1910.48""], [""0.06213"", ""75.33""], [""0.06224"", ""367.47""], [""0.06235"", ""1120.32""], [""0.06242"", ""147.33""], [""0.06253"", ""74.79""], [""0.06264"", ""563.40""], [""0.06275"", ""2018.97""]]"
2026-08-25T22:10:02.342935Z,1787695802342,SFPUSDT,0.2604,2279.00,0.2607,123.00,16306.33,11784.97,1787695804113,"[[""0.2604"", ""2279.00""], [""0.2603"", ""2893.00""], [""0.2602"", ""1618.00""], [""0.2601"", ""20.00""], [""0.2600"", ""1122.00""], [""0.2599"", ""1519.20""], [""0.2598"", ""508.20""], [""0.2596"", ""5023.31""], [""0.2594"", ""1028.50""], [""0.2593"", ""16.00""], [""0.2592"", ""52.80""], [""0.2591"", ""16.00""], [""0.2590"", ""16.00""], [""0.2589"", ""16.00""], [""0.2588"", ""16.00""], [""0.2587"", ""16.00""], [""0.2586"", ""16.00""], [""0.2585"", ""109.60""], [""0.2584"", ""16.00""], [""0.2571"", ""4.72""]]","[[""0.2607"", ""123.00""], [""0.2608"", ""120.00""], [""0.2609"", ""22.00""], [""0.2610"", ""589.60""], [""0.2611"", ""1241.90""], [""0.2612"", ""3012.54""], [""0.2613"", ""22.00""], [""0.2614"", ""90.32""], [""0.2615"", ""530.20""], [""0.2616"", ""306.73""], [""0.2617"", ""3224.10""], [""0.2618"", ""16.00""], [""0.2619"", ""1761.61""], [""0.2620"", ""673.60""], [""0.2621"", ""16.00""], [""0.2622"", ""16.00""], [""0.2625"", ""5.19""], [""0.2628"", ""4.57""], [""0.2631"", ""5.05""], [""0.2632"", ""4.56""]]"
2026-08-25T22:10:02.342935Z,1787695802342,XYOUSDT,0.00318,217251.00,0.00321,1713.39,1432766.93,1670672.8800000001,1787695791367,"[[""0.00318"", ""217251.00""], [""0.00317"", ""288050.60""], [""0.00316"", ""293912.30""], [""0.00315"", ""88781.56""], [""0.00313"", ""167560.43""], [""0.00312"", ""341250.03""], [""0.00311"", ""2564.16""], [""0.00310"", ""2642.40""], [""0.00308"", ""2704.19""], [""0.00307"", ""2675.62""], [""0.00306"", ""2718.40""], [""0.00305"", ""2517.36""], [""0.00303"", ""2517.36""], [""0.00301"", ""2517.36""], [""0.00299"", ""2517.36""], [""0.00297"", ""2517.36""], [""0.00295"", ""2517.36""], [""0.00293"", ""2517.36""], [""0.00291"", ""2517.36""], [""0.00289"", ""2517.36""]]","[[""0.00321"", ""1713.39""], [""0.00322"", ""23753.01""], [""0.00323"", ""208445.35""], [""0.00324"", ""207432.55""], [""0.00325"", ""237149.67""], [""0.00326"", ""78394.00""], [""0.00327"", ""7037.73""], [""0.00328"", ""8845.31""], [""0.00329"", ""19659.59""], [""0.00331"", ""2423.08""], [""0.00343"", ""53170.88""], [""0.00420"", ""297950.46""], [""0.00481"", ""56157.86""], [""0.00577"", ""376411.05""], [""0.00715"", ""16091.36""], [""0.00800"", ""4996.33""], [""0.00900"", ""17433.75""], [""0.01190"", ""84.04""], [""0.01200"", ""3783.13""], [""0.01300"", ""49740.34""]]"
2026-08-25T22:10:02.342935Z,1787695802342,GOATUSDT,0.01625,15004.36,0.01628,967.00,159200.84,264234.14,1787695805768,"[[""0.01625"", ""15004.36""], [""0.01624"", ""26800.34""], [""0.01623"", ""31571.93""], [""0.01622"", ""15612.72""], [""0.01621"", ""74.03""], [""0.01620"", ""6174.00""], [""0.01619"", ""74.12""], [""0.01617"", ""168.65""], [""0.01616"", ""16080.21""], [""0.01615"", ""164.41""], [""0.01614"", ""9367.63""], [""0.01613"", ""3822.80""], [""0.01612"", ""15154.23""], [""0.01611"", ""74.49""], [""0.01610"", ""6918.65""], [""0.01609"", ""4737.25""], [""0.01608"", ""3367.63""], [""0.01607"", ""2258.92""], [""0.01606"", ""1699.70""], [""0.01605"", ""74.77""]]","[[""0.01628"", ""967.00""], [""0.01629"", ""83.43""], [""0.01630"", ""56112.50""], [""0.01631"", ""7915.79""], [""0.01632"", ""9848.00""], [""0.01633"", ""28245.75""], [""0.01634"", ""7336.92""], [""0.01635"", ""14980.53""], [""0.01636"", ""16253.11""], [""0.01637"", ""9738.27""], [""0.01638"", ""16259.71""], [""0.01639"", ""2321.43""], [""0.01640"", ""14952.42""], [""0.01641"", ""15024.29""], [""0.01642"", ""26104.32""], [""0.01643"", ""2220.00""], [""0.01644"", ""7807.63""], [""0.01645"", ""21697.16""], [""0.01646"", ""1618.31""], [""0.01647"", ""4747.57""]]"
2026-08-25T22:10:02.342935Z,1787695802342,XPRUSDT,0.0027572,3700.46,0.0027669,21860.70,465043.68,1448082.45,1787695807468,"[[""0.0027572"", ""3700.46""], [""0.0027571"", ""35496.80""], [""0.0027570"", ""6617.60""], [""0.0027568"", ""3565.04""], [""0.0027561"", ""11763.50""], [""0.0027530"", ""2693.04""], [""0.0027524"", ""26047.22""], [""0.0027496"", ""8141.72""], [""0.0027485"", ""1209.38""], [""0.0027466"", ""84621.43""], [""0.0027465"", ""54620.32""], [""0.0027458"", ""437.15""], [""0.0027441"", ""67039.35""], [""0.0027438"", ""14670.46""], [""0.0027435"", ""25565.44""], [""0.0027434"", ""36413.95""], [""0.0027432"", ""14499.14""], [""0.0027425"", ""9846.56""], [""0.0027415"", ""29043.36""], [""0.0027414"", ""29051.76""]]","[[""0.0027669"", ""21860.70""], [""0.0027670"", ""10842.06""], [""0.0027731"", ""118492.78""], [""0.0027732"", ""505837.25""], [""0.0027734"", ""520434.11""], [""0.0027738"", ""89227.77""], [""0.0027761"", ""9028.56""], [""0.0027762"", ""432.25""], [""0.0027766"", ""52729.63""], [""0.0027800"", ""486.23""], [""0.0027820"", ""28735.59""], [""0.0027821"", ""431.33""], [""0.0027825"", ""59553.47""], [""0.0027851"", ""8605.52""], [""0.0027857"", ""484.73""], [""0.0027859"", ""452.78""], [""0.0027879"", ""495.23""], [""0.0027912"", ""10179.41""], [""0.0027918"", ""1430.41""], [""0.0027920"", ""8342.64""]]"
2026-08-25T22:10:02.342935Z,1787695802342,SUSDT,0.02768,16401.00,0.02770,5417.10,275164.11,319522.37,1787695807650,"[[""0.02768"", ""16401.00""], [""0.02767"", ""38313.30""], [""0.02766"", ""11037.60""], [""0.02765"", ""10522.16""], [""0.02764"", ""26815.47""], [""0.02763"", ""8319.60""], [""0.02762"", ""18841.68""], [""0.02760"", ""16746.95""], [""0.02758"", ""33851.07""], [""0.02757"", ""1487.65""], [""0.02756"", ""23246.79""], [""0.02755"", ""2719.35""], [""0.02754"", ""4568.15""], [""0.02753"", ""1380.80""], [""0.02752"", ""2815.20""], [""0.02751"", ""8094.55""], [""0.02750"", ""2799.65""], [""0.02749"", ""342.60""], [""0.02748"", ""40360.00""], [""0.02745"", ""6500.54""]]","[[""0.02770"", ""5417.10""], [""0.02771"", ""8083.95""], [""0.02772"", ""20178.57""], [""0.02773"", ""2402.62""], [""0.02774"", ""29707.04""], [""0.02775"", ""2200.00""], [""0.02776"", ""26799.30""], [""0.02778"", ""28054.95""], [""0.02780"", ""74237.13""], [""0.02781"", ""14771.15""], [""0.02782"", ""52865.69""], [""0.02783"", ""14161.20""], [""0.02784"", ""7277.56""], [""0.02785"", ""5816.89""], [""0.02786"", ""8066.15""], [""0.02787"", ""3903.45""], [""0.02788"", ""4082.54""], [""0.02790"", ""7233.80""], [""0.02791"", ""2717.85""], [""0.02805"", ""1545.43""]]"
2026-08-25T23:10:02.073297Z,1787699402073,PIPPINUSDT,0.019280,8462.46,0.019401,39580.00,175002.35,195512.52,1787699401949,"[[""0.019280"", ""8462.46""], [""0.019279"", ""54112.54""], [""0.019278"", ""26972.56""], [""0.019277"", ""17990.38""], [""0.019268"", ""187.91""], [""0.019219"", ""1504.35""], [""0.019218"", ""1259.51""], [""0.019216"", ""1524.56""], [""0.019213"", ""1308.02""], [""0.019211"", ""1489.79""], [""0.019207"", ""1306.10""], [""0.019187"", ""191.44""], [""0.019152"", ""1291.32""], [""0.019058"", ""130.02""], [""0.019036"", ""155.60""], [""0.019029"", ""1619.35""], [""0.019007"", ""1155.25""], [""0.019003"", ""1440.32""], [""0.018902"", ""5347.59""], [""0.018901"", ""47553.28""]]","[[""0.019401"", ""39580.00""], [""0.019402"", ""17989.76""], [""0.019406"", ""4160.00""], [""0.019407"", ""53959.76""], [""0.019418"", ""26976.40""], [""0.019420"", ""2096.00""], [""0.019439"", ""10530.00""], [""0.019440"", ""2620.00""], [""0.019458"", ""8911.69""], [""0.019459"", ""3142.00""], [""0.019495"", ""194.80""], [""0.019521"", ""10334.57""], [""0.019525"", ""1621.45""], [""0.019536"", ""1773.18""], [""0.019554"", ""1534.00""], [""0.019555"", ""2999.81""], [""0.019556"", ""2091.64""], [""0.019568"", ""1498.50""], [""0.019569"", ""1352.65""], [""0.019576"", ""2146.31""]]"
2026-08-25T23:10:02.073297Z,1787699402073,NILUSDT,0.04264,2069.29,0.04278,606.38,106883.54,73406.32,1787699402513,"[[""0.04264"", ""2069.29""], [""0.04260"", ""6075.00""], [""0.04254"", ""5528.59""], [""0.04253"", ""628.00""], [""0.04250"", ""21150.00""], [""0.04245"", ""28.27""], [""0.04244"", ""28.28""], [""0.04243"", ""4524.05""], [""0.04242"", ""225.18""], [""0.04241"", ""107.55""], [""0.04240"", ""107.73""], [""0.04239"", ""28.31""], [""0.04238"", ""28.32""], [""0.04237"", ""32.10""], [""0.04236"", ""107.73""], [""0.04232"", ""7809.00""], [""0.04231"", ""54000.00""], [""0.04230"", ""753.00""], [""0.04223"", ""3244.50""], [""0.04215"", ""408.64""]]","[[""0.04278"", ""606.38""], [""0.04279"", ""2500.00""], [""0.04280"", ""3038.00""], [""0.04285"", ""10575.00""], [""0.04286"", ""973.00""], [""0.04287"", ""2791.00""], [""0.04295"", ""2163.00""], [""0.04297"", ""1946.00""], [""0.04299"", ""8446.93""], [""0.04300"", ""3972.62""], [""0.04302"", ""307.17""], [""0.04303"", ""27.89""], [""0.04304"", ""32.69""], [""0.04305"", ""3976.29""], [""0.04306"", ""222.66""], [""0.04308"", ""29367.63""], [""0.04309"", ""27.85""], [""0.04310"", ""241.38""], [""0.04312"", ""27.83""], [""0.04318"", ""2163.00""]]"
2026-08-25T23:10:02.073297Z,1787699402073,MINAUSDT,0.06108,11200.36,0.06120,2700.00,1156394.82,521233.4,1787699400653,"[[""0.06108"", ""11200.36""], [""0.06107"", ""22047.70""], [""0.06098"", ""58906.30""], [""0.06090"", ""2123.29""], [""0.06089"", ""123288.70""], [""0.06087"", ""1209.57""], [""0.06080"", ""68630.21""], [""0.06077"", ""505.97""], [""0.06072"", ""663.81""], [""0.06066"", ""546880.62""], [""0.06059"", ""179.34""], [""0.06058"", ""25075.93""], [""0.06048"", ""23892.22""], [""0.06027"", ""74791.86""], [""0.06009"", ""24153.14""], [""0.06008"", ""8415.45""], [""0.05995"", ""5166.72""], [""0.05987"", ""95239.43""], [""0.05986"", ""56396.97""], [""0.05977"", ""7627.23""]]","[[""0.06120"", ""2700.00""], [""0.06128"", ""2282.37""], [""0.06129"", ""2171.25""], [""0.06131"", ""16302.10""], [""0.06142"", ""28725.50""], [""0.06153"", ""29613.00""], [""0.06160"", ""42474.85""], [""0.06171"", ""63737.52""], [""0.06182"", ""25018.40""], [""0.06200"", ""86900.66""], [""0.06222"", ""108551.96""], [""0.06224"", ""12748.95""], [""0.06235"", ""12748.95""], [""0.06240"", ""76268.17""], [""0.06242"", ""2577.33""], [""0.06253"", ""20.34""], [""0.06264"", ""4896.45""], [""0.06282"", ""2430.00""], [""0.06293"", ""71.55""], [""0.06304"", ""994.05""]]"
2026-08-25T23:10:02.073297Z,1787699402073,SFPUSDT,0.2615,100.00,0.2618,1530.00,11970.56,41108.38,1787699401113,"[[""0.2615"", ""100.00""], [""0.2614"", ""120.00""], [""0.2613"", ""1597.00""], [""0.2612"", ""22.00""], [""0.2611"", ""2031.70""], [""0.2610"", ""2428.90""], [""0.2609"", ""22.00""], [""0.2607"", ""523.60""], [""0.2606"", ""2034.90""], [""0.2605"", ""108.90""], [""0.2604"", ""47.20""], [""0.2603"", ""82.00""], [""0.2602"", ""16.00""], [""0.2601"", ""16.00""], [""0.2600"", ""16.00""], [""0.2599"", ""16.00""], [""0.2598"", ""16.00""], [""0.2597"", ""16.00""], [""0.2596"", ""1853.96""], [""0.2595"", ""902.40""]]","[[""0.2618"", ""1530.00""], [""0.2619"", ""432.00""], [""0.2620"", ""194.00""], [""0.2621"", ""2066.19""], [""0.2622"", ""1547.53""], [""0.2623"", ""1022.00""], [""0.2624"", ""22.00""], [""0.2626"", ""531.30""], [""0.2628"", ""2319.90""], [""0.2629"", ""106.32""], [""0.2630"", ""30678.98""], [""0.2631"", ""536.43""], [""0.2632"", ""16.00""], [""0.2633"", ""16.00""], [""0.2634"", ""16.00""], [""0.2635"", ""16.00""], [""0.2638"", ""4.55""], [""0.2641"", ""44.00""], [""0.2643"", ""4.66""], [""0.2657"", ""4.52""]]"
2026-08-25T23:10:02.073297Z,1787699402073,XYOUSDT,0.00318,212078.00,0.00321,1713.39,1412177.3,1808345.99,1787699402867,"[[""0.00318"", ""212078.00""], [""0.00317"", ""282106.93""], [""0.00316"", ""206051.30""], [""0.00315"", ""173817.97""], [""0.00314"", ""7320.10""], [""0.00313"", ""144306.29""], [""0.00312"", ""350536.04""], [""0.00311"", ""2572.20""], [""0.00310"", ""2642.40""], [""0.00308"", ""2704.19""], [""0.00306"", ""5385.64""], [""0.00305"", ""2517.36""], [""0.00303"", ""2517.36""], [""0.00301"", ""2517.36""], [""0.00299"", ""2517.36""], [""0.00297"", ""2517.36""], [""0.00295"", ""2517.36""], [""0.00293"", ""2517.36""], [""0.00291"", ""2517.36""], [""0.00289"", ""2517.36""]]","[[""0.00321"", ""1713.39""], [""0.00322"", ""24417.65""], [""0.00323"", ""226716.65""], [""0.00324"", ""230277.37""], [""0.00325"", ""250923.67""], [""0.00326"", ""83045.00""], [""0.00327"", ""7044.29""], [""0.00328"", ""14772.08""], [""0.00330"", ""2426.10""], [""0.00345"", ""53170.88""], [""0.00420"", ""297950.46""], [""0.00481"", ""56157.86""], [""0.00577"", ""376411.05""], [""0.00715"", ""16091.36""], [""0.00800"", ""4996.33""], [""0.00900"", ""17433.75""], [""0.01190"", ""84.04""], [""0.01200"", ""3783.13""], [""0.01300"", ""49740.34""], [""0.01400"", ""91190.59""]]"
2026-08-25T23:10:02.073297Z,1787699402073,GOATUSDT,0.01618,978.75,0.01622,33964.97,211436.99,179153.5,1787699406070,"[[""0.01618"", ""978.75""], [""0.01617"", ""24007.22""], [""0.01616"", ""74.26""], [""0.01615"", ""34413.04""], [""0.01614"", ""3748.35""], [""0.01613"", ""17344.15""], [""0.01612"", ""2142.88""], [""0.01610"", ""22585.96""], [""0.01609"", ""21458.02""], [""0.01608"", ""149.26""], [""0.01607"", ""15558.49""], [""0.01606"", ""74.72""], [""0.01605"", ""7509.95""], [""0.01604"", ""5221.37""], [""0.01603"", ""9077.35""], [""0.01602"", ""12226.74""], [""0.01601"", ""1480.34""], [""0.01600"", ""27146.94""], [""0.01599"", ""3962.20""], [""0.01598"", ""2277.00""]]","[[""0.01622"", ""33964.97""], [""0.01623"", ""8888.16""], [""0.01624"", ""8946.60""], [""0.01625"", ""7888.62""], [""0.01626"", ""78.26""], [""0.01627"", ""9503.61""], [""0.01628"", ""82.39""], [""0.01630"", ""660.87""], [""0.01631"", ""12997.44""], [""0.01632"", ""147.06""], [""0.01633"", ""3954.88""], [""0.01634"", ""146.88""], [""0.01635"", ""14450.34""], [""0.01636"", ""10183.18""], [""0.01637"", ""8376.59""], [""0.01638"", ""28017.30""], [""0.01639"", ""21788.75""], [""0.01640"", ""82.77""], [""0.01641"", ""3384.19""], [""0.01642"", ""5610.64""]]"
2026-08-25T23:10:02.073297Z,1787699402073,XPRUSDT,0.0027485,1209.38,0.0027570,26649.12,287051.3,499123.93999999994,1787699406568,"[[""0.0027485"", ""1209.38""], [""0.0027482"", ""7301.75""], [""0.0027481"", ""5287.44""], [""0.0027479"", ""34147.84""], [""0.0027478"", ""5287.44""], [""0.0027475"", ""5287.44""], [""0.0027472"", ""5287.44""], [""0.0027469"", ""5287.44""], [""0.0027460"", ""5287.44""], [""0.0027458"", ""504.04""], [""0.0027436"", ""12844.78""], [""0.0027431"", ""9235.59""], [""0.0027425"", ""17720.05""], [""0.0027418"", ""31948.28""], [""0.0027417"", ""54429.47""], [""0.0027416"", ""15377.95""], [""0.0027409"", ""5287.44""], [""0.0027404"", ""2192.80""], [""0.0027403"", ""15831.37""], [""0.0027401"", ""47295.92""]]","[[""0.0027570"", ""26649.12""], [""0.0027571"", ""275922.72""], [""0.0027587"", ""12972.00""], [""0.0027599"", ""92394.65""], [""0.0027602"", ""21860.70""], [""0.0027612"", ""442.22""], [""0.0027622"", ""5287.44""], [""0.0027625"", ""5287.44""], [""0.0027628"", ""5287.44""], [""0.0027631"", ""5287.44""], [""0.0027634"", ""5287.44""], [""0.0027640"", ""5287.44""], [""0.0027646"", ""5287.44""], [""0.0027649"", ""5287.44""], [""0.0027652"", ""5287.44""], [""0.0027655"", ""3462.99""], [""0.0027658"", ""4227.10""], [""0.0027661"", ""4193.75""], [""0.0027664"", ""4124.29""], [""0.0027674"", ""5287.44""]]"
2026-08-25T23:10:02.073297Z,1787699402073,SUSDT,0.02768,2802.90,0.02770,4316.20,327495.5,342352.29,1787699406750,"[[""0.02768"", ""2802.90""], [""0.02767"", ""8970.90""], [""0.02766"", ""12538.00""], [""0.02765"", ""15812.17""], [""0.02764"", ""38292.90""], [""0.02763"", ""14669.27""], [""0.02762"", ""24139.50""], [""0.02760"", ""17792.17""], [""0.02758"", ""42577.37""], [""0.02757"", ""5789.10""], [""0.02756"", ""81009.17""], [""0.02755"", ""4243.80""], [""0.02754"", ""22157.40""], [""0.02753"", ""1526.60""], [""0.02752"", ""7881.95""], [""0.02751"", ""11003.45""], [""0.02750"", ""4250.55""], [""0.02749"", ""1526.95""], [""0.02748"", ""8344.50""], [""0.02747"", ""2166.85""]]","[[""0.02770"", ""4316.20""], [""0.02771"", ""4113.50""], [""0.02772"", ""2868.70""], [""0.02773"", ""25740.77""], [""0.02774"", ""21192.45""], [""0.02775"", ""11354.67""], [""0.02776"", ""30236.58""], [""0.02778"", ""38913.38""], [""0.02780"", ""89652.76""], [""0.02781"", ""14464.65""], [""0.02782"", ""51847.33""], [""0.02783"", ""8116.67""], [""0.02784"", ""1434.35""], [""0.02785"", ""6879.95""], [""0.02786"", ""10952.24""], [""0.02787"", ""2999.16""], [""0.02788"", ""4476.25""], [""0.02789"", ""1034.99""], [""0.02790"", ""8669.55""], [""0.02791"", ""3088.14""]]"
2026-08-26T00:10:02.172282Z,1787703002172,PIPPINUSDT,0.019314,780.67,0.019420,38799.33,133556.09,202563.79,1787703001949,"[[""0.019314"", ""780.67""], [""0.019313"", ""6234.92""], [""0.019311"", ""6234.92""], [""0.019307"", ""8985.13""], [""0.019305"", ""2035.38""], [""0.019283"", ""53916.56""], [""0.019282"", ""1499.90""], [""0.019281"", ""148.78""], [""0.019278"", ""26958.28""], [""0.019251"", ""8994.80""], [""0.019241"", ""8994.80""], [""0.019224"", ""193.44""], [""0.019217"", ""1227.04""], [""0.019138"", ""175.47""], [""0.019084"", ""1290.65""], [""0.019058"", ""130.02""], [""0.019036"", ""155.60""], [""0.019018"", ""1476.08""], [""0.019012"", ""1250.85""], [""0.019008"", ""2872.80""]]","[[""0.019420"", ""38799.33""], [""0.019421"", ""4160.00""], [""0.019422"", ""14134.93""], [""0.019424"", ""11197.48""], [""0.019437"", ""8983.04""], [""0.019438"", ""8983.04""], [""0.019448"", ""80834.16""], [""0.019449"", ""3590.00""], [""0.019450"", ""2620.00""], [""0.019462"", ""3606.41""], [""0.019495"", ""194.80""], [""0.019506"", ""5120.00""], [""0.019507"", ""1331.59""], [""0.019509"", ""3142.00""], [""0.019521"", ""184.57""], [""0.019547"", ""1534.00""], [""0.019548"", ""1621.45""], [""0.019549"", ""2971.54""], [""0.019554"", ""3122.03""], [""0.019557"", ""6433.42""]]"
2026-08-26T00:10:02.172282Z,1787703002172,NILUSDT,0.04185,1092.92,0.04204,2378.68,101542.08,67921.68,1787703002713,"[[""0.04185"", ""1092.92""], [""0.04184"", ""6075.00""], [""0.04179"", ""4326.00""], [""0.04178"", ""628.00""], [""0.04176"", ""1202.59""], [""0.04175"", ""21150.00""], [""0.04174"", ""232.37""], [""0.04170"", ""3244.50""], [""0.04167"", ""28.80""], [""0.04166"", ""1545.91""], [""0.04165"", ""29.44""], [""0.04164"", ""28.82""], [""0.04163"", ""117.63""], [""0.04162"", ""32.22""], [""0.04161"", ""28.84""], [""0.04160"", ""3233.70""], [""0.04157"", ""1271.95""], [""0.04156"", ""54000.00""], [""0.04154"", ""28.89""], [""0.04150"", ""3244.50""]]","[[""0.04204"", ""2378.68""], [""0.04205"", ""3038.00""], [""0.04211"", ""2163.00""], [""0.04213"", ""574.11""], [""0.04214"", ""10575.00""], [""0.04219"", ""2163.00""], [""0.04220"", ""28.44""], [""0.04221"", ""4279.92""], [""0.04222"", ""109.26""], [""0.04223"", ""8681.76""], [""0.04224"", ""109.17""], [""0.04225"", ""146.95""], [""0.04226"", ""1082.17""], [""0.04227"", ""28.39""], [""0.04228"", ""30.86""], [""0.04229"", ""109.08""], [""0.04232"", ""973.00""], [""0.04233"", ""29250.00""], [""0.04234"", ""415.89""], [""0.04240"", ""1785.00""]]"
2026-08-26T00:10:02.172282Z,1787703002172,MINAUSDT,0.06098,6762.00,0.06113,2700.00,1098918.97,455537.03,1787703002053,"[[""0.06098"", ""6762.00""], [""0.06090"", ""8694.70""], [""0.06089"", ""26314.00""], [""0.06080"", ""21068.20""], [""0.06067"", ""2131.34""], [""0.06066"", ""105668.90""], [""0.06059"", ""179.34""], [""0.06058"", ""514586.60""], [""0.06048"", ""85300.60""], [""0.06047"", ""482.98""], [""0.06045"", ""1560.34""], [""0.06040"", ""37850.34""], [""0.06030"", ""366.65""], [""0.06018"", ""48933.50""], [""0.06000"", ""92875.09""], [""0.05995"", ""11719.26""], [""0.05986"", ""2585.34""], [""0.05978"", ""80660.25""], [""0.05977"", ""3690.00""], [""0.05968"", ""47489.54""]]","[[""0.06113"", ""2700.00""], [""0.06119"", ""2378.16""], [""0.06120"", ""28137.70""], [""0.06131"", ""41009.98""], [""0.06142"", ""43817.62""], [""0.06153"", ""53947.41""], [""0.06160"", ""24489.74""], [""0.06171"", ""19433.70""], [""0.06193"", ""80154.25""], [""0.06211"", ""42299.95""], [""0.06213"", ""15407.55""], [""0.06224"", ""2505.33""], [""0.06233"", ""74319.96""], [""0.06235"", ""10934.56""], [""0.06242"", ""2577.33""], [""0.06253"", ""2504.79""], [""0.06264"", ""2504.70""], [""0.06282"", ""2918.70""], [""0.06293"", ""71.55""], [""0.06304"", ""3424.05""]]"
2026-08-26T00:10:02.172282Z,1787703002172,SFPUSDT,0.2602,100.00,0.2605,2703.00,13900.41,11937.51,1787703003613,"[[""0.2602"", ""100.00""], [""0.2601"", ""1038.00""], [""0.2600"", ""3076.00""], [""0.2599"", ""22.00""], [""0.2598"", ""2447.50""], [""0.2597"", ""1932.80""], [""0.2596"", ""22.00""], [""0.2594"", ""519.20""], [""0.2592"", ""166.00""], [""0.2591"", ""2049.56""], [""0.2590"", ""82.00""], [""0.2589"", ""16.00""], [""0.2588"", ""196.09""], [""0.2587"", ""116.00""], [""0.2586"", ""16.00""], [""0.2585"", ""16.00""], [""0.2584"", ""32.80""], [""0.2583"", ""16.00""], [""0.2582"", ""1960.74""], [""0.2570"", ""75.72""]]","[[""0.2605"", ""2703.00""], [""0.2606"", ""2252.30""], [""0.2607"", ""158.00""], [""0.2608"", ""22.00""], [""0.2609"", ""1549.73""], [""0.2610"", ""1499.40""], [""0.2611"", ""22.00""], [""0.2613"", ""44.00""], [""0.2615"", ""970.20""], [""0.2616"", ""89.34""], [""0.2617"", ""2335.90""], [""0.2618"", ""5.25""], [""0.2619"", ""16.00""], [""0.2620"", ""16.00""], [""0.2621"", ""4.58""], [""0.2622"", ""16.00""], [""0.2623"", ""16.00""], [""0.2624"", ""16.00""], [""0.2629"", ""95.70""], [""0.2643"", ""106.11""]]"
2026-08-26T00:10:02.172282Z,1787703002172,XYOUSDT,0.00317,140000.00,0.00321,149679.84,1388090.11,1871916.41,1787703001667,"[[""0.00317"", ""140000.00""], [""0.00316"", ""258018.70""], [""0.00315"", ""299955.18""], [""0.00314"", ""153657.30""], [""0.00313"", ""148909.99""], [""0.00312"", ""341250.03""], [""0.00311"", ""3068.07""], [""0.00310"", ""9336.12""], [""0.00309"", ""2581.12""], [""0.00308"", ""2704.19""], [""0.00306"", ""2718.40""], [""0.00304"", ""5752.13""], [""0.00303"", ""2517.36""], [""0.00301"", ""2517.36""], [""0.00299"", ""2517.36""], [""0.00297"", ""2517.36""], [""0.00295"", ""2517.36""], [""0.00293"", ""2517.36""], [""0.00291"", ""2517.36""], [""0.00289"", ""2517.36""]]","[[""0.00321"", ""149679.84""], [""0.00322"", ""187519.92""], [""0.00323"", ""302991.13""], [""0.00324"", ""165720.00""], [""0.00326"", ""7075.05""], [""0.00327"", ""8872.76""], [""0.00328"", ""5926.77""], [""0.00329"", ""2435.93""], [""0.00345"", ""53170.88""], [""0.00420"", ""297950.46""], [""0.00481"", ""56157.86""], [""0.00577"", ""376411.05""], [""0.00715"", ""16091.36""], [""0.00800"", ""4996.33""], [""0.00900"", ""17433.75""], [""0.01190"", ""84.04""], [""0.01200"", ""3783.13""], [""0.01300"", ""49740.34""], [""0.01400"", ""91190.59""], [""0.01500"", ""74685.22""]]"
2026-08-26T00:10:02.172282Z,1787703002172,GOATUSDT,0.01604,6594.98,0.01609,35117.90,188029.09,179916.91,1787703006568,"[[""0.01604"", ""6594.98""], [""0.01603"", ""22934.19""], [""0.01602"", ""74.91""], [""0.01601"", ""46882.21""], [""0.01600"", ""3749.00""], [""0.01599"", ""9277.93""], [""0.01598"", ""1405.16""], [""0.01597"", ""2088.32""], [""0.01596"", ""4032.18""], [""0.01595"", ""15560.37""], [""0.01594"", ""169.85""], [""0.01593"", ""10859.86""], [""0.01592"", ""150.76""], [""0.01591"", ""24645.37""], [""0.01590"", ""3403.54""], [""0.01589"", ""20738.05""], [""0.01588"", ""3352.68""], [""0.01587"", ""2268.01""], [""0.01586"", ""587.25""], [""0.01585"", ""9254.47""]]","[[""0.01609"", ""35117.90""], [""0.01610"", ""5378.25""], [""0.01611"", ""74.49""], [""0.01612"", ""82.62""], [""0.01613"", ""74.40""], [""0.01614"", ""3192.35""], [""0.01615"", ""2605.13""], [""0.01616"", ""3944.38""], [""0.01617"", ""6314.78""], [""0.01618"", ""3343.24""], [""0.01619"", ""6657.02""], [""0.01620"", ""5137.85""], [""0.01621"", ""12482.72""], [""0.01622"", ""6273.72""], [""0.01623"", ""24826.48""], [""0.01624"", ""23219.41""], [""0.01625"", ""7429.39""], [""0.01626"", ""13102.16""], [""0.01627"", ""5679.74""], [""0.01628"", ""14980.88""]]"
2026-08-26T00:10:02.172282Z,1787703002172,XPRUSDT,0.0027533,6609.30,0.0027644,29074.66,468512.45,667697.53,1787703006968,"[[""0.0027533"", ""6609.30""], [""0.0027532"", ""5287.44""], [""0.0027530"", ""3633.36""], [""0.0027523"", ""5287.44""], [""0.0027488"", ""46091.10""], [""0.0027487"", ""115465.34""], [""0.0027483"", ""9341.76""], [""0.0027479"", ""5287.44""], [""0.0027476"", ""5287.44""], [""0.0027473"", ""5287.44""], [""0.0027458"", ""5287.44""], [""0.0027429"", ""107584.54""], [""0.0027428"", ""32434.96""], [""0.0027401"", ""5287.44""], [""0.0027400"", ""48466.32""], [""0.0027392"", ""36291.05""], [""0.0027384"", ""9830.92""], [""0.0027375"", ""5287.44""], [""0.0027365"", ""2640.24""], [""0.0027356"", ""7824.04""]]","[[""0.0027644"", ""29074.66""], [""0.0027645"", ""365457.96""], [""0.0027648"", ""59553.47""], [""0.0027697"", ""5287.44""], [""0.0027699"", ""433.23""], [""0.0027700"", ""97345.20""], [""0.0027714"", ""52729.63""], [""0.0027730"", ""493.34""], [""0.0027731"", ""5287.44""], [""0.0027740"", ""682.72""], [""0.0027754"", ""25639.78""], [""0.0027755"", ""5287.44""], [""0.0027757"", ""473.25""], [""0.0027776"", ""5287.44""], [""0.0027778"", ""2693.04""], [""0.0027809"", ""5287.44""], [""0.0027814"", ""431.44""], [""0.0027815"", ""484.47""], [""0.0027830"", ""5287.44""], [""0.0027831"", ""480.70""]]"
2026-08-26T00:10:02.172282Z,1787703002172,SUSDT,0.02729,2868.70,0.02730,3729.90,420572.29,259952.91,1787703007952,"[[""0.02729"", ""2868.70""], [""0.02728"", ""7557.90""], [""0.02727"", ""7054.90""], [""0.02726"", ""11526.30""], [""0.02725"", ""28737.06""], [""0.02724"", ""24660.68""], [""0.02723"", ""7872.70""], [""0.02721"", ""36539.03""], [""0.02719"", ""98792.10""], [""0.02718"", ""8425.35""], [""0.02717"", ""101100.59""], [""0.02716"", ""1527.80""], [""0.02715"", ""21854.91""], [""0.02714"", ""17077.46""], [""0.02713"", ""14584.28""], [""0.02712"", ""9137.58""], [""0.02711"", ""4170.05""], [""0.02710"", ""7753.81""], [""0.02709"", ""8339.85""], [""0.02707"", ""991.24""]]","[[""0.02730"", ""3729.90""], [""0.02731"", ""4229.90""], [""0.02732"", ""186.90""], [""0.02733"", ""12601.20""], [""0.02734"", ""14094.63""], [""0.02735"", ""29991.06""], [""0.02736"", ""6660.94""], [""0.02738"", ""55610.28""], [""0.02740"", ""33516.23""], [""0.02741"", ""6701.10""], [""0.02742"", ""43192.91""], [""0.02743"", ""4263.25""], [""0.02744"", ""1527.45""], [""0.02745"", ""6772.40""], [""0.02746"", ""7066.90""], [""0.02747"", ""6902.25""], [""0.02748"", ""1434.35""], [""0.02749"", ""6336.40""], [""0.02750"", ""6336.40""], [""0.02752"", ""8798.46""]]"
2026-08-26T01:10:01.584366Z,1787706601584,PIPPINUSDT,0.019329,8685.84,0.019455,39580.00,137953.47,185166.18,1787706601449,"[[""0.019329"", ""8685.84""], [""0.019328"", ""12879.76""], [""0.019326"", ""26889.89""], [""0.019325"", ""26893.35""], [""0.019319"", ""26893.35""], [""0.019311"", ""8966.07""], [""0.019310"", ""8967.53""], [""0.019294"", ""1229.45""], [""0.019281"", ""148.78""], [""0.019225"", ""1503.70""], [""0.019224"", ""193.44""], [""0.019217"", ""1664.04""], [""0.019204"", ""1520.15""], [""0.019201"", ""1230.43""], [""0.019138"", ""175.47""], [""0.019134"", ""1286.00""], [""0.019117"", ""172.77""], [""0.019020"", ""656.56""], [""0.019019"", ""5003.99""], [""0.019018"", ""2992.90""]]","[[""0.019455"", ""39580.00""], [""0.019456"", ""8134.18""], [""0.019458"", ""8134.18""], [""0.019463"", ""480.08""], [""0.019495"", ""208.22""], [""0.019497"", ""4160.00""], [""0.019498"", ""11154.99""], [""0.019500"", ""671.50""], [""0.019507"", ""1331.59""], [""0.019508"", ""26864.63""], [""0.019510"", ""26857.72""], [""0.019511"", ""26864.98""], [""0.019520"", ""4716.00""], [""0.019521"", ""181.93""], [""0.019538"", ""1335.50""], [""0.019539"", ""3580.00""], [""0.019540"", ""10530.00""], [""0.019549"", ""2971.54""], [""0.019554"", ""3122.03""], [""0.019557"", ""4287.11""]]"
2026-08-26T01:10:01.584366Z,1787706601584,NILUSDT,0.04192,269.72,0.04208,432.70,51343.340000000004,72099.98,1787706602213,"[[""0.04192"", ""269.72""], [""0.04191"", ""595.53""], [""0.04190"", ""6075.00""], [""0.04186"", ""4326.00""], [""0.04185"", ""628.00""], [""0.04181"", ""22352.59""], [""0.04180"", ""8590.00""], [""0.04175"", ""2044.51""], [""0.04174"", ""3244.50""], [""0.04173"", ""1193.00""], [""0.04172"", ""109.53""], [""0.04171"", ""33.10""], [""0.04170"", ""28.78""], [""0.04169"", ""31.72""], [""0.04168"", ""31.99""], [""0.04167"", ""28.80""], [""0.04166"", ""30.00""], [""0.04165"", ""1672.92""], [""0.04164"", ""28.82""], [""0.04163"", ""28.83""]]","[[""0.04208"", ""432.70""], [""0.04211"", ""3038.00""], [""0.04216"", ""1290.76""], [""0.04217"", ""2163.00""], [""0.04220"", ""18009.00""], [""0.04225"", ""2163.00""], [""0.04226"", ""109.08""], [""0.04227"", ""28.39""], [""0.04228"", ""109.08""], [""0.04229"", ""2370.08""], [""0.04230"", ""1171.37""], [""0.04231"", ""3977.15""], [""0.04232"", ""350.55""], [""0.04233"", ""28.35""], [""0.04234"", ""31.22""], [""0.04235"", ""109.08""], [""0.04239"", ""29250.00""], [""0.04244"", ""3948.00""], [""0.04246"", ""1785.00""], [""0.04257"", ""1736.17""]]"
2026-08-26T01:10:01.584366Z,1787706601584,MINAUSDT,0.06188,2506.66,0.06200,2552.00,1049521.98,475060.08,1787706602753,"[[""0.06188"", ""2506.66""], [""0.06187"", ""8526.85""], [""0.06186"", ""20666.20""], [""0.06178"", ""32694.30""], [""0.06168"", ""50307.30""], [""0.06161"", ""179.34""], [""0.06160"", ""81075.94""], [""0.06147"", ""537818.82""], [""0.06139"", ""398.20""], [""0.06138"", ""528.97""], [""0.06137"", ""75174.33""], [""0.06129"", ""45224.63""], [""0.06107"", ""40962.68""], [""0.06101"", ""2119.47""], [""0.06089"", ""54256.73""], [""0.06088"", ""36866.52""], [""0.06075"", ""6654.24""], [""0.06066"", ""32371.02""], [""0.06057"", ""18684.00""], [""0.06048"", ""2505.78""]]","[[""0.06200"", ""2552.00""], [""0.06211"", ""37258.00""], [""0.06221"", ""3370.88""], [""0.06222"", ""43779.23""], [""0.06233"", ""48097.50""], [""0.06240"", ""59734.51""], [""0.06251"", ""48781.81""], [""0.06262"", ""18728.05""], [""0.06280"", ""37446.64""], [""0.06302"", ""92258.76""], [""0.06304"", ""5525.46""], [""0.06315"", ""2504.07""], [""0.06320"", ""58070.54""], [""0.06322"", ""108.00""], [""0.06333"", ""18.95""], [""0.06344"", ""2430.00""], [""0.06355"", ""2918.70""], [""0.06373"", ""9774.90""], [""0.06384"", ""851.04""], [""0.06395"", ""851.04""]]"
2026-08-26T01:10:01.584366Z,1787706601584,SFPUSDT,0.2609,37.00,0.2611,51.00,21036.94,11115.74,1787706604113,"[[""0.2609"", ""37.00""], [""0.2608"", ""182.00""], [""0.2607"", ""1823.00""], [""0.2606"", ""130.00""], [""0.2605"", ""1710.50""], [""0.2604"", ""2730.30""], [""0.2603"", ""558.80""], [""0.2601"", ""1577.40""], [""0.2599"", ""7375.70""], [""0.2598"", ""231.20""], [""0.2597"", ""1736.40""], [""0.2596"", ""1219.20""], [""0.2595"", ""16.00""], [""0.2594"", ""116.00""], [""0.2593"", ""1453.92""], [""0.2592"", ""16.00""], [""0.2591"", ""16.00""], [""0.2590"", ""16.00""], [""0.2589"", ""16.00""], [""0.2577"", ""75.52""]]","[[""0.2611"", ""51.00""], [""0.2612"", ""120.00""], [""0.2613"", ""1325.00""], [""0.2614"", ""143.00""], [""0.2615"", ""3236.69""], [""0.2616"", ""1022.00""], [""0.2617"", ""22.00""], [""0.2619"", ""525.80""], [""0.2620"", ""90.32""], [""0.2621"", ""2319.90""], [""0.2622"", ""322.73""], [""0.2623"", ""1096.19""], [""0.2624"", ""104.80""], [""0.2625"", ""672.80""], [""0.2626"", ""16.00""], [""0.2627"", ""16.00""], [""0.2628"", ""16.00""], [""0.2630"", ""5.00""], [""0.2631"", ""5.16""], [""0.2635"", ""5.35""]]"
2026-08-26T01:10:01.584366Z,1787706601584,XYOUSDT,0.00318,286276.00,0.00321,26379.64,1419726.99,1868855.52,1787706590867,"[[""0.00318"", ""286276.00""], [""0.00317"", ""280656.38""], [""0.00316"", ""220000.90""], [""0.00315"", ""82464.94""], [""0.00314"", ""21295.47""], [""0.00313"", ""141564.53""], [""0.00312"", ""350518.48""], [""0.00311"", ""3068.07""], [""0.00310"", ""2577.06""], [""0.00308"", ""2704.19""], [""0.00306"", ""5394.02""], [""0.00304"", ""3068.07""], [""0.00303"", ""2517.36""], [""0.00301"", ""2517.36""], [""0.00299"", ""2517.36""], [""0.00297"", ""2517.36""], [""0.00295"", ""2517.36""], [""0.00293"", ""2517.36""], [""0.00291"", ""2517.36""], [""0.00289"", ""2517.36""]]","[[""0.00321"", ""26379.64""], [""0.00322"", ""44793.01""], [""0.00323"", ""92391.09""], [""0.00324"", ""310334.37""], [""0.00325"", ""246787.00""], [""0.00326"", ""89245.44""], [""0.00328"", ""14794.03""], [""0.00329"", ""2435.93""], [""0.00344"", ""53170.88""], [""0.00420"", ""297950.46""], [""0.00481"", ""56157.86""], [""0.00577"", ""376411.05""], [""0.00715"", ""16091.36""], [""0.00800"", ""4996.33""], [""0.00900"", ""17433.75""], [""0.01190"", ""84.04""], [""0.01200"", ""3783.13""], [""0.01300"", ""49740.34""], [""0.01400"", ""91190.59""], [""0.01500"", ""74685.22""]]"
2026-08-26T01:10:01.584366Z,1787706601584,GOATUSDT,0.01606,978.75,0.01610,36116.88,156186.92,177472.58,1787706605068,"[[""0.01606"", ""978.75""], [""0.01605"", ""74.77""], [""0.01604"", ""27157.91""], [""0.01603"", ""74.86""], [""0.01602"", ""41775.99""], [""0.01601"", ""2974.28""], [""0.01600"", ""15162.94""], [""0.01599"", ""1904.65""], [""0.01598"", ""664.83""], [""0.01597"", ""85.57""], [""0.01596"", ""16369.93""], [""0.01595"", ""3408.71""], [""0.01594"", ""17689.32""], [""0.01593"", ""75.33""], [""0.01592"", ""9578.93""], [""0.01591"", ""1582.71""], [""0.01590"", ""6165.19""], [""0.01589"", ""6962.08""], [""0.01588"", ""587.25""], [""0.01587"", ""2912.92""]]","[[""0.01610"", ""36116.88""], [""0.01611"", ""274.51""], [""0.01612"", ""4775.36""], [""0.01613"", ""4656.78""], [""0.01614"", ""4171.83""], [""0.01615"", ""5105.80""], [""0.01616"", ""74.26""], [""0.01618"", ""2890.14""], [""0.01619"", ""7863.81""], [""0.01620"", ""20259.95""], [""0.01621"", ""13839.90""], [""0.01622"", ""12283.51""], [""0.01623"", ""15224.61""], [""0.01624"", ""11556.66""], [""0.01625"", ""11541.28""], [""0.01626"", ""5101.39""], [""0.01627"", ""7130.08""], [""0.01628"", ""2275.69""], [""0.01630"", ""12243.69""], [""0.01631"", ""86.45""]]"
2026-08-26T01:10:01.584366Z,1787706601584,XPRUSDT,0.0027460,35032.77,0.0027540,28964.23,523619.98,560817.49,1787706606070,"[[""0.0027460"", ""35032.77""], [""0.0027435"", ""5287.44""], [""0.0027433"", ""5287.44""], [""0.0027403"", ""115575.77""], [""0.0027400"", ""46572.72""], [""0.0027377"", ""19098.92""], [""0.0027373"", ""26069.73""], [""0.0027355"", ""9113.25""], [""0.0027353"", ""7074.72""], [""0.0027352"", ""5287.44""], [""0.0027351"", ""26306.10""], [""0.0027348"", ""1168.25""], [""0.0027342"", ""55446.48""], [""0.0027316"", ""96021.00""], [""0.0027315"", ""29132.16""], [""0.0027313"", ""5287.44""], [""0.0027311"", ""9837.58""], [""0.0027307"", ""8931.04""], [""0.0027305"", ""10179.65""], [""0.0027300"", ""6910.08""]]","[[""0.0027540"", ""28964.23""], [""0.0027541"", ""345571.66""], [""0.0027542"", ""6609.30""], [""0.0027547"", ""14997.34""], [""0.0027551"", ""5287.44""], [""0.0027553"", ""5287.44""], [""0.0027554"", ""5287.44""], [""0.0027556"", ""5287.44""], [""0.0027557"", ""5287.44""], [""0.0027559"", ""5287.44""], [""0.0027560"", ""5287.44""], [""0.0027562"", ""5287.44""], [""0.0027566"", ""5287.44""], [""0.0027569"", ""5287.44""], [""0.0027572"", ""5287.44""], [""0.0027579"", ""86116.24""], [""0.0027581"", ""5287.44""], [""0.0027584"", ""5287.44""], [""0.0027609"", ""4534.56""], [""0.0027613"", ""5287.44""]]"
2026-08-26T01:10:01.584366Z,1787706601584,SUSDT,0.02763,10832.70,0.02764,3868.70,366120.14,273155.46,1787706606953,"[[""0.02763"", ""10832.70""], [""0.02762"", ""17341.20""], [""0.02761"", ""20034.20""], [""0.02760"", ""9848.41""], [""0.02759"", ""29937.60""], [""0.02758"", ""12640.32""], [""0.02757"", ""12640.32""], [""0.02755"", ""57327.05""], [""0.02753"", ""44305.69""], [""0.02752"", ""6133.15""], [""0.02751"", ""74101.48""], [""0.02750"", ""4916.10""], [""0.02749"", ""4252.25""], [""0.02748"", ""19492.05""], [""0.02747"", ""4255.25""], [""0.02746"", ""18620.40""], [""0.02745"", ""4256.25""], [""0.02744"", ""10741.74""], [""0.02743"", ""3696.20""], [""0.02740"", ""747.78""]]","[[""0.02764"", ""3868.70""], [""0.02765"", ""3368.70""], [""0.02766"", ""3053.30""], [""0.02767"", ""8476.20""], [""0.02768"", ""11545.05""], [""0.02769"", ""12619.42""], [""0.02770"", ""29805.05""], [""0.02771"", ""2168.41""], [""0.02772"", ""58157.11""], [""0.02774"", ""28991.71""], [""0.02775"", ""7621.47""], [""0.02776"", ""53268.30""], [""0.02777"", ""4258.35""], [""0.02778"", ""4258.35""], [""0.02779"", ""5591.25""], [""0.02780"", ""6379.71""], [""0.02781"", ""10165.50""], [""0.02782"", ""6496.75""], [""0.02783"", ""5671.34""], [""0.02784"", ""7390.79""]]"
2026-08-26T02:10:01.857483Z,1787710201857,PIPPINUSDT,0.019565,177.18,0.019656,39580.00,188358.86000000002,185107.83,1787710201849,"[[""0.019565"", ""177.18""], [""0.019484"", ""5003.99""], [""0.019483"", ""7091.34""], [""0.019478"", ""2748.26""], [""0.019468"", ""71048.96""], [""0.019467"", ""8877.10""], [""0.019462"", ""35577.48""], [""0.019432"", ""194.87""], [""0.019399"", ""1274.20""], [""0.019392"", ""1230.05""], [""0.019385"", ""1157.19""], [""0.019375"", ""208.50""], [""0.019282"", ""1487.46""], [""0.019281"", ""148.78""], [""0.019224"", ""1228.97""], [""0.019215"", ""1442.59""], [""0.019207"", ""1325.90""], [""0.019206"", ""211.53""], [""0.019201"", ""46810.30""], [""0.019200"", ""1114.21""]]","[[""0.019656"", ""39580.00""], [""0.019657"", ""1371.11""], [""0.019661"", ""3095.00""], [""0.019667"", ""12711.64""], [""0.019687"", ""4160.00""], [""0.019688"", ""9263.24""], [""0.019689"", ""53204.22""], [""0.019700"", ""256.17""], [""0.019702"", ""9272.39""], [""0.019703"", ""26738.83""], [""0.019709"", ""3550.00""], [""0.019710"", ""2620.00""], [""0.019718"", ""1270.16""], [""0.019720"", ""2096.00""], [""0.019732"", ""3563.80""], [""0.019759"", ""5060.00""], [""0.019760"", ""3142.00""], [""0.019774"", ""178.53""], [""0.019789"", ""2461.74""], [""0.019820"", ""1513.00""]]"
2026-08-26T02:10:01.857483Z,1787710201857,NILUSDT,0.04179,2478.58,0.04195,427.20,53686.29,69251.42,1787710202414,"[[""0.04179"", ""2478.58""], [""0.04178"", ""364.80""], [""0.04175"", ""545.36""], [""0.04174"", ""6075.00""], [""0.04171"", ""628.00""], [""0.04169"", ""1202.59""], [""0.04168"", ""4326.00""], [""0.04166"", ""21150.00""], [""0.04165"", ""8521.00""], [""0.04163"", ""1488.78""], [""0.04160"", ""4439.50""], [""0.04159"", ""109.71""], [""0.04158"", ""33.35""], [""0.04157"", ""28.87""], [""0.04156"", ""30.80""], [""0.04155"", ""30.92""], [""0.04154"", ""2143.08""], [""0.04153"", ""30.04""], [""0.04152"", ""31.00""], [""0.04151"", ""28.91""]]","[[""0.04195"", ""427.20""], [""0.04196"", ""3038.00""], [""0.04199"", ""258.56""], [""0.04200"", ""822.22""], [""0.04201"", ""2163.00""], [""0.04204"", ""7479.00""], [""0.04205"", ""10575.00""], [""0.04209"", ""2163.00""], [""0.04211"", ""1607.50""], [""0.04212"", ""350.91""], [""0.04213"", ""29.03""], [""0.04214"", ""109.53""], [""0.04215"", ""1974.47""], [""0.04216"", ""29.37""], [""0.04217"", ""109.44""], [""0.04218"", ""28.45""], [""0.04220"", ""1911.33""], [""0.04221"", ""814.41""], [""0.04224"", ""33198.00""], [""0.04228"", ""2163.00""]]"
2026-08-26T02:10:01.857483Z,1787710201857,MINAUSDT,0.06168,4079.00,0.06182,25116.20,1089823.05,458576.33,1787710202253,"[[""0.06168"", ""4079.00""], [""0.06161"", ""8915.91""], [""0.06160"", ""35673.00""], [""0.06147"", ""53807.10""], [""0.06146"", ""329.15""], [""0.06138"", ""2286.03""], [""0.06137"", ""103397.03""], [""0.06129"", ""545512.00""], [""0.06120"", ""29726.84""], [""0.06115"", ""354.72""], [""0.06107"", ""17949.36""], [""0.06089"", ""88423.72""], [""0.06066"", ""132582.92""], [""0.06057"", ""17801.25""], [""0.06048"", ""23093.38""], [""0.06043"", ""596.69""], [""0.06035"", ""11832.57""], [""0.06026"", ""4597.65""], [""0.06017"", ""6358.41""], [""0.06008"", ""2506.32""]]","[[""0.06182"", ""25116.20""], [""0.06192"", ""2157.39""], [""0.06193"", ""30192.10""], [""0.06200"", ""33939.20""], [""0.06211"", ""36114.20""], [""0.06222"", ""33689.10""], [""0.06233"", ""60859.04""], [""0.06240"", ""18838.60""], [""0.06262"", ""83266.59""], [""0.06280"", ""36617.02""], [""0.06282"", ""2939.40""], [""0.06293"", ""19.07""], [""0.06302"", ""80177.24""], [""0.06304"", ""19.04""], [""0.06315"", ""4513.86""], [""0.06322"", ""2611.98""], [""0.06355"", ""2430.00""], [""0.06373"", ""4981.94""], [""0.06384"", ""74.07""], [""0.06402"", ""20.29""]]"
2026-08-26T02:10:01.857483Z,1787710201857,SFPUSDT,0.2609,145.00,0.2612,145.00,22867.329999999998,9499.14,1787710204213,"[[""0.2609"", ""145.00""], [""0.2608"", ""1593.00""], [""0.2607"", ""1492.00""], [""0.2606"", ""1492.00""], [""0.2605"", ""1240.80""], [""0.2604"", ""2504.80""], [""0.2603"", ""519.20""], [""0.2601"", ""4103.66""], [""0.2600"", ""74.85""], [""0.2599"", ""4118.40""], [""0.2598"", ""860.00""], [""0.2597"", ""3164.20""], [""0.2596"", ""1309.02""], [""0.2595"", ""16.00""], [""0.2594"", ""154.40""], [""0.2593"", ""16.00""], [""0.2592"", ""16.00""], [""0.2591"", ""16.00""], [""0.2590"", ""16.00""], [""0.2589"", ""16.00""]]","[[""0.2612"", ""145.00""], [""0.2613"", ""380.00""], [""0.2614"", ""128.00""], [""0.2615"", ""143.00""], [""0.2616"", ""2074.50""], [""0.2617"", ""1431.20""], [""0.2618"", ""1821.60""], [""0.2620"", ""44.00""], [""0.2622"", ""2319.90""], [""0.2623"", ""106.32""], [""0.2624"", ""488.69""], [""0.2625"", ""16.00""], [""0.2626"", ""16.00""], [""0.2627"", ""16.00""], [""0.2628"", ""16.00""], [""0.2629"", ""16.00""], [""0.2630"", ""321.52""], [""0.2631"", ""5.27""], [""0.2635"", ""4.71""], [""0.2649"", ""5.43""]]"
2026-08-26T02:10:01.857483Z,1787710201857,XYOUSDT,0.00321,140000.00,0.00323,21592.03,1402472.06,1789443.42,1787710201867,"[[""0.00321"", ""140000.00""], [""0.00320"", ""207296.00""], [""0.00319"", ""259163.00""], [""0.00318"", ""232353.58""], [""0.00317"", ""17720.03""], [""0.00316"", ""53052.00""], [""0.00315"", ""1862.30""], [""0.00314"", ""363291.79""], [""0.00313"", ""95196.91""], [""0.00312"", ""2688.60""], [""0.00310"", ""2714.95""], [""0.00308"", ""5373.25""], [""0.00306"", ""2733.36""], [""0.00305"", ""2689.18""], [""0.00303"", ""2714.95""], [""0.00301"", ""2720.26""], [""0.00299"", ""2730.96""], [""0.00296"", ""2714.95""], [""0.00294"", ""2722.63""], [""0.00292"", ""2733.36""]]","[[""0.00323"", ""21592.03""], [""0.00324"", ""42750.84""], [""0.00325"", ""79699.00""], [""0.00326"", ""189048.12""], [""0.00327"", ""299220.00""], [""0.00328"", ""165988.46""], [""0.00329"", ""8826.20""], [""0.00330"", ""12906.03""], [""0.00333"", ""2402.95""], [""0.00344"", ""53170.88""], [""0.00420"", ""297950.46""], [""0.00481"", ""56157.86""], [""0.00577"", ""376411.05""], [""0.00715"", ""16091.36""], [""0.00800"", ""4996.33""], [""0.00900"", ""17433.75""], [""0.01190"", ""84.04""], [""0.01200"", ""3783.13""], [""0.01300"", ""49740.34""], [""0.01400"", ""91190.59""]]"
2026-08-26T02:10:01.857483Z,1787710201857,GOATUSDT,0.01611,978.75,0.01615,978.75,143262.9,242452.64,1787710205168,"[[""0.01611"", ""978.75""], [""0.01610"", ""26953.29""], [""0.01609"", ""32364.02""], [""0.01608"", ""13482.85""], [""0.01607"", ""88.38""], [""0.01606"", ""13310.17""], [""0.01605"", ""3160.58""], [""0.01604"", ""3674.00""], [""0.01603"", ""662.11""], [""0.01602"", ""16171.98""], [""0.01601"", ""173.36""], [""0.01600"", ""7354.28""], [""0.01599"", ""1622.88""], [""0.01598"", ""14082.74""], [""0.01597"", ""4468.70""], [""0.01596"", ""1909.64""], [""0.01595"", ""1453.83""], [""0.01594"", ""587.25""], [""0.01593"", ""75.33""], [""0.01592"", ""688.76""]]","[[""0.01615"", ""978.75""], [""0.01616"", ""14982.28""], [""0.01617"", ""37979.07""], [""0.01618"", ""20073.16""], [""0.01619"", ""712.12""], [""0.01620"", ""16885.90""], [""0.01621"", ""2602.03""], [""0.01622"", ""3674.00""], [""0.01623"", ""661.19""], [""0.01624"", ""8989.37""], [""0.01625"", ""147.70""], [""0.01626"", ""24101.16""], [""0.01627"", ""10368.90""], [""0.01628"", ""22635.41""], [""0.01629"", ""15676.46""], [""0.01630"", ""25152.66""], [""0.01631"", ""79.62""], [""0.01632"", ""21755.32""], [""0.01633"", ""7154.14""], [""0.01634"", ""7843.40""]]"
2026-08-26T02:10:01.857483Z,1787710201857,XPRUSDT,0.0027491,6609.30,0.0027556,16771.43,391574.94,595071.87,1787710206368,"[[""0.0027491"", ""6609.30""], [""0.0027489"", ""367.41""], [""0.0027474"", ""5287.44""], [""0.0027472"", ""16088.08""], [""0.0027460"", ""35032.77""], [""0.0027447"", ""5287.44""], [""0.0027441"", ""5287.44""], [""0.0027412"", ""49847.40""], [""0.0027411"", ""115575.77""], [""0.0027407"", ""48657.90""], [""0.0027406"", ""7607.44""], [""0.0027405"", ""5287.44""], [""0.0027402"", ""5287.44""], [""0.0027400"", ""40730.56""], [""0.0027399"", ""5287.44""], [""0.0027396"", ""5287.44""], [""0.0027393"", ""5287.44""], [""0.0027390"", ""5287.44""], [""0.0027387"", ""5287.44""], [""0.0027385"", ""18183.91""]]","[[""0.0027556"", ""16771.43""], [""0.0027557"", ""279691.72""], [""0.0027562"", ""6609.30""], [""0.0027570"", ""14997.34""], [""0.0027571"", ""5287.44""], [""0.0027583"", ""88822.82""], [""0.0027605"", ""6312.88""], [""0.0027613"", ""5287.44""], [""0.0027614"", ""2640.24""], [""0.0027632"", ""24651.58""], [""0.0027633"", ""59553.47""], [""0.0027635"", ""462.38""], [""0.0027637"", ""5287.44""], [""0.0027653"", ""52729.63""], [""0.0027690"", ""433.37""], [""0.0027691"", ""462.08""], [""0.0027697"", ""5287.44""], [""0.0027699"", ""433.23""], [""0.0027708"", ""14063.20""], [""0.0027731"", ""5287.44""]]"
2026-08-26T02:10:01.857483Z,1787710201857,SUSDT,0.02754,2868.70,0.02756,2868.70,323707.99,303257.13,1787710206851,"[[""0.02754"", ""2868.70""], [""0.02753"", ""4053.60""], [""0.02752"", ""41713.50""], [""0.02751"", ""23815.66""], [""0.02750"", ""17508.04""], [""0.02749"", ""11638.55""], [""0.02748"", ""4821.19""], [""0.02746"", ""47099.54""], [""0.02744"", ""73963.51""], [""0.02743"", ""1527.00""], [""0.02742"", ""26868.85""], [""0.02741"", ""1526.95""], [""0.02740"", ""7373.70""], [""0.02739"", ""6857.30""], [""0.02738"", ""19764.35""], [""0.02737"", ""14445.60""], [""0.02736"", ""4148.75""], [""0.02735"", ""7074.70""], [""0.02734"", ""4152.20""], [""0.02731"", ""2486.30""]]","[[""0.02756"", ""2868.70""], [""0.02757"", ""4819.70""], [""0.02758"", ""8496.50""], [""0.02759"", ""38337.64""], [""0.02760"", ""12647.03""], [""0.02761"", ""38478.77""], [""0.02762"", ""10530.85""], [""0.02764"", ""41948.17""], [""0.02766"", ""60433.23""], [""0.02767"", ""8619.10""], [""0.02768"", ""30618.00""], [""0.02769"", ""1526.60""], [""0.02770"", ""4237.05""], [""0.02771"", ""6404.26""], [""0.02772"", ""14939.22""], [""0.02773"", ""4769.85""], [""0.02774"", ""4146.30""], [""0.02775"", ""4396.30""], [""0.02776"", ""4251.40""], [""0.02780"", ""788.46""]]"
2026-08-26T03:10:01.922787Z,1787713801922,PIPPINUSDT,0.019505,4231.23,0.019593,810.68,190664.0,149569.63,1787713801849,"[[""0.019505"", ""4231.23""], [""0.019503"", ""4231.23""], [""0.019501"", ""13076.25""], [""0.019493"", ""3333.00""], [""0.019492"", ""17799.30""], [""0.019483"", ""53368.78""], [""0.019478"", ""26718.88""], [""0.019432"", ""194.87""], [""0.019407"", ""1422.22""], [""0.019404"", ""1234.71""], [""0.019399"", ""1310.80""], [""0.019396"", ""10602.09""], [""0.019395"", ""3390.59""], [""0.019360"", ""1277.46""], [""0.019352"", ""140.50""], [""0.019341"", ""215.74""], [""0.019214"", ""151.06""], [""0.019158"", ""198.90""], [""0.019092"", ""47077.55""], [""0.019091"", ""688.84""]]","[[""0.019593"", ""810.68""], [""0.019594"", ""2877.16""], [""0.019596"", ""2877.16""], [""0.019598"", ""5102.19""], [""0.019600"", ""163.06""], [""0.019601"", ""8890.36""], [""0.019611"", ""17794.52""], [""0.019626"", ""26691.21""], [""0.019639"", ""4160.00""], [""0.019640"", ""53333.67""], [""0.019657"", ""1330.00""], [""0.019658"", ""8808.74""], [""0.019679"", ""3550.00""], [""0.019680"", ""3142.00""], [""0.019723"", ""125.25""], [""0.019724"", ""1753.37""], [""0.019726"", ""1411.06""], [""0.019755"", ""1518.00""], [""0.019756"", ""3470.29""], [""0.019764"", ""1760.91""]]"
2026-08-26T03:10:01.922787Z,1787713801922,NILUSDT,0.04199,311.52,0.04212,4681.18,106829.86,74878.56,1787713802013,"[[""0.04199"", ""311.52""], [""0.04196"", ""816.71""], [""0.04195"", ""2106.21""], [""0.04193"", ""6075.00""], [""0.04189"", ""4326.00""], [""0.04184"", ""29818.00""], [""0.04182"", ""1202.59""], [""0.04181"", ""628.00""], [""0.04177"", ""3244.50""], [""0.04175"", ""450.85""], [""0.04174"", ""28.75""], [""0.04173"", ""733.36""], [""0.04172"", ""29.89""], [""0.04171"", ""1562.52""], [""0.04170"", ""28.78""], [""0.04169"", ""1172.06""], [""0.04168"", ""233.01""], [""0.04167"", ""28.80""], [""0.04166"", ""33.31""], [""0.04164"", ""54000.00""]]","[[""0.04212"", ""4681.18""], [""0.04217"", ""2163.00""], [""0.04222"", ""624.96""], [""0.04223"", ""10575.00""], [""0.04225"", ""8621.00""], [""0.04227"", ""28.39""], [""0.04228"", ""1082.08""], [""0.04229"", ""4290.09""], [""0.04230"", ""523.71""], [""0.04231"", ""32.65""], [""0.04232"", ""819.72""], [""0.04233"", ""108.99""], [""0.04234"", ""30.82""], [""0.04235"", ""28.34""], [""0.04236"", ""1812.87""], [""0.04238"", ""29250.00""], [""0.04244"", ""3948.00""], [""0.04248"", ""2163.00""], [""0.04258"", ""1889.89""], [""0.04260"", ""2204.87""]]"
2026-08-26T03:10:01.922787Z,1787713801922,MINAUSDT,0.06107,22613.99,0.06120,2700.00,1064459.92,486912.79,1787713801953,"[[""0.06107"", ""22613.99""], [""0.06098"", ""51735.50""], [""0.06090"", ""2123.29""], [""0.06089"", ""60116.54""], [""0.06084"", ""429.47""], [""0.06080"", ""32945.88""], [""0.06067"", ""179.34""], [""0.06066"", ""553854.62""], [""0.06058"", ""48004.22""], [""0.06048"", ""12619.31""], [""0.06027"", ""75902.75""], [""0.06009"", ""118139.78""], [""0.06008"", ""27903.12""], [""0.05995"", ""14565.51""], [""0.05987"", ""21057.63""], [""0.05986"", ""3017.25""], [""0.05977"", ""11705.04""], [""0.05968"", ""2506.68""], [""0.05955"", ""2520.00""], [""0.05946"", ""2520.00""]]","[[""0.06120"", ""2700.00""], [""0.06130"", ""3633.04""], [""0.06131"", ""19953.70""], [""0.06142"", ""16840.30""], [""0.06153"", ""19204.70""], [""0.06160"", ""85287.51""], [""0.06171"", ""48423.54""], [""0.06182"", ""18647.97""], [""0.06200"", ""49332.47""], [""0.06222"", ""112437.93""], [""0.06224"", ""6843.82""], [""0.06235"", ""19.25""], [""0.06240"", ""79695.22""], [""0.06242"", ""19.58""], [""0.06253"", ""3404.79""], [""0.06264"", ""4541.76""], [""0.06275"", ""4541.76""], [""0.06282"", ""4947.84""], [""0.06293"", ""2939.40""], [""0.06304"", ""3498.21""]]"
2026-08-26T03:10:01.922787Z,1787713801922,SFPUSDT,0.2617,1622.00,0.2619,48.00,18595.09,38013.15,1787713804213,"[[""0.2617"", ""1622.00""], [""0.2616"", ""120.00""], [""0.2615"", ""1671.00""], [""0.2614"", ""1971.20""], [""0.2613"", ""1865.60""], [""0.2612"", ""3349.60""], [""0.2611"", ""2112.00""], [""0.2609"", ""3591.77""], [""0.2607"", ""949.30""], [""0.2606"", ""16.00""], [""0.2605"", ""16.00""], [""0.2604"", ""109.60""], [""0.2603"", ""32.80""], [""0.2602"", ""5.26""], [""0.2601"", ""16.00""], [""0.2600"", ""4.62""], [""0.2599"", ""80.00""], [""0.2598"", ""494.40""], [""0.2596"", ""492.63""], [""0.2584"", ""75.31""]]","[[""0.2619"", ""48.00""], [""0.2620"", ""168.00""], [""0.2621"", ""120.00""], [""0.2622"", ""330.00""], [""0.2623"", ""1215.50""], [""0.2624"", ""1022.00""], [""0.2625"", ""22.00""], [""0.2627"", ""1856.80""], [""0.2629"", ""31818.43""], [""0.2630"", ""16.00""], [""0.2631"", ""625.39""], [""0.2632"", ""16.00""], [""0.2633"", ""106.32""], [""0.2634"", ""16.00""], [""0.2635"", ""16.00""], [""0.2636"", ""16.00""], [""0.2637"", ""16.00""], [""0.2638"", ""16.00""], [""0.2639"", ""16.00""], [""0.2653"", ""552.71""]]"
2026-08-26T03:10:01.922787Z,1787713801922,XYOUSDT,0.00322,141708.07,0.00324,1697.53,1380434.28,1800013.46,1787713802867,"[[""0.00322"", ""141708.07""], [""0.00321"", ""76686.70""], [""0.00320"", ""310890.00""], [""0.00319"", ""228955.57""], [""0.00318"", ""82173.45""], [""0.00317"", ""16125.13""], [""0.00316"", ""392020.83""], [""0.00315"", ""4396.33""], [""0.00314"", ""14248.33""], [""0.00313"", ""85948.87""], [""0.00312"", ""2688.60""], [""0.00310"", ""2714.95""], [""0.00309"", ""2642.39""], [""0.00308"", ""2722.63""], [""0.00306"", ""2733.36""], [""0.00304"", ""2754.59""], [""0.00302"", ""2771.94""], [""0.00299"", ""2730.96""], [""0.00297"", ""2752.14""], [""0.00295"", ""2769.44""]]","[[""0.00324"", ""1697.53""], [""0.00325"", ""24103.73""], [""0.00326"", ""212200.70""], [""0.00327"", ""186941.45""], [""0.00328"", ""301658.46""], [""0.00329"", ""82354.00""], [""0.00330"", ""5926.77""], [""0.00331"", ""15723.98""], [""0.00334"", ""2397.05""], [""0.00347"", ""53170.88""], [""0.00420"", ""297950.46""], [""0.00481"", ""56157.86""], [""0.00577"", ""376411.05""], [""0.00715"", ""16091.36""], [""0.00800"", ""4996.33""], [""0.00900"", ""17433.75""], [""0.01190"", ""84.04""], [""0.01200"", ""3783.13""], [""0.01300"", ""49740.34""], [""0.01400"", ""91190.59""]]"
2026-08-26T03:10:01.922787Z,1787713801922,GOATUSDT,0.01616,40031.57,0.01621,7106.89,142176.37,212983.8,1787713805568,"[[""0.01616"", ""40031.57""], [""0.01615"", ""18355.27""], [""0.01614"", ""8368.76""], [""0.01613"", ""74.40""], [""0.01612"", ""6838.69""], [""0.01611"", ""18762.21""], [""0.01610"", ""77.53""], [""0.01609"", ""2750.53""], [""0.01608"", ""2220.09""], [""0.01607"", ""6545.42""], [""0.01606"", ""6525.53""], [""0.01605"", ""3546.92""], [""0.01604"", ""2368.52""], [""0.01603"", ""14475.75""], [""0.01602"", ""2800.84""], [""0.01601"", ""1439.77""], [""0.01600"", ""75.00""], [""0.01599"", ""4025.13""], [""0.01598"", ""2807.25""], [""0.01597"", ""87.19""]]","[[""0.01621"", ""7106.89""], [""0.01622"", ""7862.27""], [""0.01623"", ""16576.26""], [""0.01624"", ""1053.15""], [""0.01625"", ""9364.75""], [""0.01626"", ""22676.92""], [""0.01627"", ""19257.04""], [""0.01628"", ""2779.21""], [""0.01629"", ""13480.81""], [""0.01630"", ""28068.17""], [""0.01631"", ""8687.93""], [""0.01632"", ""147.06""], [""0.01633"", ""11055.03""], [""0.01634"", ""73.44""], [""0.01635"", ""10019.75""], [""0.01636"", ""5855.32""], [""0.01637"", ""6529.84""], [""0.01638"", ""31772.83""], [""0.01639"", ""5151.41""], [""0.01640"", ""5465.72""]]"
2026-08-26T03:10:01.922787Z,1787713801922,XPRUSDT,0.0027468,6609.30,0.0027542,245801.56,456405.7,833401.98,1787713806568,"[[""0.0027468"", ""6609.30""], [""0.0027456"", ""5287.44""], [""0.0027454"", ""29395.84""], [""0.0027387"", ""59466.75""], [""0.0027386"", ""115575.77""], [""0.0027377"", ""26572.79""], [""0.0027376"", ""9857.33""], [""0.0027374"", ""9395.76""], [""0.0027373"", ""11093.82""], [""0.0027371"", ""13139.48""], [""0.0027364"", ""5287.44""], [""0.0027358"", ""5579.36""], [""0.0027351"", ""26306.10""], [""0.0027349"", ""5287.44""], [""0.0027348"", ""1193.17""], [""0.0027342"", ""50159.04""], [""0.0027322"", ""36405.99""], [""0.0027319"", ""5287.44""], [""0.0027313"", ""14327.52""], [""0.0027307"", ""20177.92""]]","[[""0.0027542"", ""245801.56""], [""0.0027543"", ""20861.95""], [""0.0027553"", ""274715.58""], [""0.0027554"", ""6609.30""], [""0.0027565"", ""5287.44""], [""0.0027567"", ""5287.44""], [""0.0027578"", ""28964.23""], [""0.0027579"", ""90648.68""], [""0.0027630"", ""19583.11""], [""0.0027637"", ""5287.44""], [""0.0027640"", ""52729.63""], [""0.0027641"", ""434.14""], [""0.0027643"", ""5287.44""], [""0.0027660"", ""59553.47""], [""0.0027695"", ""464.98""], [""0.0027696"", ""433.28""], [""0.0027697"", ""5287.44""], [""0.0027699"", ""433.23""], [""0.0027715"", ""5287.44""], [""0.0027718"", ""444.20""]]"
2026-08-26T03:10:01.922787Z,1787713801922,SUSDT,0.02813,2000.00,0.02814,7258.90,321732.24,255743.19,1787713807150,"[[""0.02813"", ""2000.00""], [""0.02812"", ""7250.10""], [""0.02811"", ""7150.10""], [""0.02810"", ""22377.30""], [""0.02809"", ""33861.96""], [""0.02808"", ""29453.49""], [""0.02807"", ""31727.63""], [""0.02805"", ""33806.53""], [""0.02803"", ""21172.36""], [""0.02802"", ""1525.05""], [""0.02801"", ""60018.08""], [""0.02800"", ""11164.45""], [""0.02799"", ""1525.05""], [""0.02798"", ""9331.65""], [""0.02797"", ""4765.20""], [""0.02796"", ""978.36""], [""0.02795"", ""21047.97""], [""0.02794"", ""6438.74""], [""0.02793"", ""9260.54""], [""0.02792"", ""6877.68""]]","[[""0.02814"", ""7258.90""], [""0.02815"", ""3368.70""], [""0.02816"", ""8196.30""], [""0.02817"", ""24867.90""], [""0.02818"", ""19982.27""], [""0.02819"", ""7825.51""], [""0.02820"", ""18357.90""], [""0.02822"", ""44785.62""], [""0.02824"", ""55639.54""], [""0.02825"", ""4543.45""], [""0.02826"", ""4589.65""], [""0.02827"", ""11717.80""], [""0.02828"", ""4089.65""], [""0.02829"", ""1684.35""], [""0.02830"", ""6330.05""], [""0.02831"", ""16053.05""], [""0.02832"", ""4281.99""], [""0.02833"", ""4282.65""], [""0.02834"", ""6914.79""], [""0.02846"", ""973.12""]]"
2026-08-26T04:10:01.423614Z,1787717401423,PIPPINUSDT,0.019284,4043.41,0.019358,22863.56,202413.4,139443.08,1787717401449,"[[""0.019284"", ""4043.41""], [""0.019224"", ""16716.44""], [""0.019223"", ""9021.78""], [""0.019214"", ""151.06""], [""0.019211"", ""27068.02""], [""0.019209"", ""54099.57""], [""0.019204"", ""10602.09""], [""0.019203"", ""9020.84""], [""0.019196"", ""9020.45""], [""0.019180"", ""9024.55""], [""0.019158"", ""198.90""], [""0.019139"", ""122.88""], [""0.019112"", ""1293.32""], [""0.019092"", ""1280.02""], [""0.019046"", ""1312.32""], [""0.019045"", ""199.90""], [""0.019030"", ""1230.24""], [""0.018993"", ""166.13""], [""0.018901"", ""149.42""], [""0.018846"", ""47692.06""]]","[[""0.019358"", ""22863.56""], [""0.019359"", ""5550.44""], [""0.019369"", ""5162.88""], [""0.019372"", ""1491.95""], [""0.019396"", ""54011.40""], [""0.019401"", ""4160.00""], [""0.019402"", ""27010.94""], [""0.019407"", ""1404.36""], [""0.019409"", ""2005.50""], [""0.019419"", ""3485.00""], [""0.019421"", ""205.41""], [""0.019430"", ""1330.00""], [""0.019431"", ""2764.30""], [""0.019478"", ""149.63""], [""0.019522"", ""56.66""], [""0.019523"", ""2741.42""], [""0.019525"", ""2404.63""], [""0.019581"", ""178.44""], [""0.019600"", ""163.06""], [""0.019632"", ""2303.50""]]"
2026-08-26T04:10:01.423614Z,1787717401423,NILUSDT,0.04244,82.14,0.04260,4662.66,107878.62,71022.56,1787717402113,"[[""0.04244"", ""82.14""], [""0.04243"", ""2095.63""], [""0.04240"", ""6075.00""], [""0.04234"", ""1202.59""], [""0.04233"", ""4326.00""], [""0.04229"", ""1047.56""], [""0.04228"", ""21778.00""], [""0.04223"", ""3852.81""], [""0.04222"", ""108.09""], [""0.04221"", ""108.09""], [""0.04220"", ""8756.44""], [""0.04219"", ""2931.75""], [""0.04218"", ""28.45""], [""0.04217"", ""28.46""], [""0.04216"", ""28.93""], [""0.04215"", ""28.47""], [""0.04214"", ""28.48""], [""0.04210"", ""789.00""], [""0.04209"", ""54000.00""], [""0.04207"", ""582.73""]]","[[""0.04260"", ""4662.66""], [""0.04264"", ""2163.00""], [""0.04267"", ""994.77""], [""0.04268"", ""10575.00""], [""0.04270"", ""8379.00""], [""0.04271"", ""2163.00""], [""0.04277"", ""28.06""], [""0.04278"", ""522.18""], [""0.04279"", ""3977.21""], [""0.04280"", ""233.01""], [""0.04282"", ""33.60""], [""0.04284"", ""1975.40""], [""0.04285"", ""28.89""], [""0.04286"", ""28.00""], [""0.04287"", ""1813.50""], [""0.04288"", ""222.66""], [""0.04289"", ""1785.00""], [""0.04293"", ""29250.00""], [""0.04296"", ""2163.00""], [""0.04300"", ""24.62""]]"
2026-08-26T04:10:01.423614Z,1787717401423,MINAUSDT,0.06100,2304.11,0.06113,5976.00,1303991.3299999998,488492.56,1787717401553,"[[""0.06100"", ""2304.11""], [""0.06099"", ""8489.44""], [""0.06098"", ""32921.90""], [""0.06089"", ""48769.40""], [""0.06080"", ""126455.67""], [""0.06067"", ""2131.34""], [""0.06066"", ""151274.97""], [""0.06059"", ""179.34""], [""0.06058"", ""543592.83""], [""0.06048"", ""34040.27""], [""0.06040"", ""48526.06""], [""0.06018"", ""62689.11""], [""0.06000"", ""108112.95""], [""0.05995"", ""22455.27""], [""0.05986"", ""40064.56""], [""0.05978"", ""35845.15""], [""0.05977"", ""13693.86""], [""0.05968"", ""13113.99""], [""0.05955"", ""2520.00""], [""0.05946"", ""6811.11""]]","[[""0.06113"", ""5976.00""], [""0.06120"", ""44104.70""], [""0.06130"", ""2157.39""], [""0.06131"", ""42462.00""], [""0.06142"", ""78861.53""], [""0.06153"", ""61657.64""], [""0.06160"", ""20504.33""], [""0.06171"", ""26114.11""], [""0.06193"", ""37565.44""], [""0.06211"", ""117796.36""], [""0.06213"", ""8183.11""], [""0.06224"", ""19.89""], [""0.06233"", ""16606.48""], [""0.06235"", ""7605.00""], [""0.06242"", ""2577.33""], [""0.06253"", ""3404.79""], [""0.06264"", ""2504.70""], [""0.06275"", ""2504.52""], [""0.06282"", ""4947.84""], [""0.06293"", ""2939.40""]]"
2026-08-26T04:10:01.423614Z,1787717401423,SFPUSDT,0.2624,188.00,0.2627,469.00,8871.18,39353.95,1787717403214,"[[""0.2624"", ""188.00""], [""0.2623"", ""377.00""], [""0.2621"", ""1595.00""], [""0.2620"", ""1122.00""], [""0.2619"", ""2451.00""], [""0.2618"", ""496.10""], [""0.2617"", ""70.11""], [""0.2615"", ""1369.50""], [""0.2613"", ""638.00""], [""0.2612"", ""91.91""], [""0.2611"", ""16.00""], [""0.2610"", ""16.00""], [""0.2609"", ""16.00""], [""0.2608"", ""230.40""], [""0.2607"", ""5.42""], [""0.2606"", ""5.41""], [""0.2605"", ""4.61""], [""0.2604"", ""98.21""], [""0.2603"", ""5.37""], [""0.2590"", ""75.14""]]","[[""0.2627"", ""469.00""], [""0.2628"", ""426.73""], [""0.2629"", ""190.00""], [""0.2630"", ""29138.42""], [""0.2631"", ""1122.00""], [""0.2632"", ""1140.80""], [""0.2633"", ""22.00""], [""0.2635"", ""3689.40""], [""0.2637"", ""970.20""], [""0.2638"", ""16.00""], [""0.2639"", ""16.00""], [""0.2640"", ""16.00""], [""0.2641"", ""60.00""], [""0.2642"", ""16.00""], [""0.2643"", ""864.00""], [""0.2650"", ""1034.43""], [""0.2652"", ""5.31""], [""0.2659"", ""148.00""], [""0.2663"", ""4.51""], [""0.2677"", ""5.15""]]"
2026-08-26T04:10:01.423614Z,1787717401423,XYOUSDT,0.00322,1708.07,0.00325,2289.36,1524946.17,1829523.42,1787717404167,"[[""0.00322"", ""1708.07""], [""0.00321"", ""72434.00""], [""0.00320"", ""462723.61""], [""0.00319"", ""206211.57""], [""0.00318"", ""165596.66""], [""0.00317"", ""2284.30""], [""0.00316"", ""19181.61""], [""0.00315"", ""420180.76""], [""0.00314"", ""55275.79""], [""0.00313"", ""88500.25""], [""0.00312"", ""2688.60""], [""0.00310"", ""5357.34""], [""0.00308"", ""2722.63""], [""0.00306"", ""2733.36""], [""0.00304"", ""2754.59""], [""0.00302"", ""2771.94""], [""0.00300"", ""2915.96""], [""0.00298"", ""2951.55""], [""0.00296"", ""2975.24""], [""0.00294"", ""2978.34""]]","[[""0.00325"", ""2289.36""], [""0.00326"", ""197014.62""], [""0.00327"", ""314025.53""], [""0.00328"", ""165298.00""], [""0.00329"", ""84800.47""], [""0.00330"", ""12927.57""], [""0.00331"", ""9066.20""], [""0.00333"", ""2406.66""], [""0.00348"", ""53170.88""], [""0.00420"", ""297950.46""], [""0.00481"", ""56157.86""], [""0.00577"", ""376411.05""], [""0.00715"", ""16091.36""], [""0.00800"", ""4996.33""], [""0.00900"", ""17433.75""], [""0.01190"", ""84.04""], [""0.01200"", ""3783.13""], [""0.01300"", ""49740.34""], [""0.01400"", ""91190.59""], [""0.01500"", ""74685.22""]]"
2026-08-26T04:10:01.423614Z,1787717401423,GOATUSDT,0.01605,74.77,0.01609,990.94,197752.57,234480.09,1787717404668,"[[""0.01605"", ""74.77""], [""0.01604"", ""32631.22""], [""0.01603"", ""16998.84""], [""0.01602"", ""3160.72""], [""0.01601"", ""16863.41""], [""0.01600"", ""75.00""], [""0.01599"", ""13680.01""], [""0.01597"", ""23107.52""], [""0.01596"", ""3147.49""], [""0.01595"", ""31652.19""], [""0.01594"", ""1395.82""], [""0.01593"", ""9273.55""], [""0.01592"", ""3749.38""], [""0.01591"", ""13750.19""], [""0.01590"", ""2568.52""], [""0.01589"", ""587.25""], [""0.01588"", ""4586.29""], [""0.01587"", ""587.25""], [""0.01586"", ""17465.44""], [""0.01585"", ""2397.71""]]","[[""0.01609"", ""990.94""], [""0.01610"", ""14009.61""], [""0.01611"", ""8911.45""], [""0.01612"", ""5051.84""], [""0.01613"", ""19323.20""], [""0.01614"", ""9929.75""], [""0.01615"", ""30720.45""], [""0.01616"", ""17386.18""], [""0.01617"", ""19104.23""], [""0.01618"", ""12560.58""], [""0.01619"", ""25073.38""], [""0.01620"", ""8865.90""], [""0.01621"", ""8485.92""], [""0.01622"", ""3321.54""], [""0.01623"", ""13442.37""], [""0.01624"", ""83.49""], [""0.01625"", ""6292.33""], [""0.01626"", ""77.63""], [""0.01627"", ""587.25""], [""0.01628"", ""30262.05""]]"
2026-08-26T04:10:01.423614Z,1787717401423,XPRUSDT,0.0027383,6609.30,0.0027517,20884.23,422928.9,732441.9299999999,1787717406069,"[[""0.0027383"", ""6609.30""], [""0.0027382"", ""5287.44""], [""0.0027380"", ""4999.12""], [""0.0027367"", ""5287.44""], [""0.0027365"", ""2640.24""], [""0.0027361"", ""42495.41""], [""0.0027360"", ""133862.03""], [""0.0027359"", ""37767.43""], [""0.0027358"", ""5579.36""], [""0.0027348"", ""1193.17""], [""0.0027342"", ""45813.44""], [""0.0027313"", ""26734.00""], [""0.0027307"", ""8931.04""], [""0.0027297"", ""18804.38""], [""0.0027296"", ""8707.58""], [""0.0027294"", ""21829.67""], [""0.0027284"", ""5287.44""], [""0.0027283"", ""9443.76""], [""0.0027281"", ""21569.56""], [""0.0027280"", ""10087.09""]]","[[""0.0027517"", ""20884.23""], [""0.0027562"", ""10677.97""], [""0.0027569"", ""2532.28""], [""0.0027571"", ""5287.44""], [""0.0027573"", ""435.21""], [""0.0027574"", ""516093.55""], [""0.0027575"", ""10879.41""], [""0.0027577"", ""5287.44""], [""0.0027579"", ""5287.44""], [""0.0027581"", ""494.34""], [""0.0027582"", ""5287.44""], [""0.0027585"", ""5287.44""], [""0.0027588"", ""5287.44""], [""0.0027592"", ""5287.44""], [""0.0027607"", ""5287.44""], [""0.0027608"", ""52729.63""], [""0.0027610"", ""5287.44""], [""0.0027613"", ""5287.44""], [""0.0027626"", ""5287.44""], [""0.0027628"", ""59553.47""]]"
2026-08-26T04:10:01.423614Z,1787717401423,SUSDT,0.02802,5101.90,0.02804,2868.70,257457.11,237854.53,1787717406050,"[[""0.02802"", ""5101.90""], [""0.02801"", ""5601.90""], [""0.02800"", ""2868.70""], [""0.02799"", ""13651.55""], [""0.02798"", ""27377.79""], [""0.02797"", ""6345.13""], [""0.02796"", ""24308.24""], [""0.02794"", ""30595.29""], [""0.02792"", ""47421.77""], [""0.02791"", ""13209.85""], [""0.02790"", ""27163.98""], [""0.02789"", ""5554.15""], [""0.02788"", ""1525.45""], [""0.02787"", ""1525.45""], [""0.02786"", ""7565.70""], [""0.02785"", ""6370.63""], [""0.02784"", ""20365.76""], [""0.02783"", ""4217.10""], [""0.02782"", ""4205.10""], [""0.02777"", ""2481.67""]]","[[""0.02804"", ""2868.70""], [""0.02805"", ""3550.80""], [""0.02806"", ""22855.70""], [""0.02807"", ""11396.20""], [""0.02808"", ""13894.65""], [""0.02809"", ""15507.03""], [""0.02810"", ""15892.47""], [""0.02811"", ""17758.18""], [""0.02812"", ""2153.63""], [""0.02813"", ""21017.48""], [""0.02814"", ""3211.99""], [""0.02815"", ""70554.05""], [""0.02816"", ""5092.90""], [""0.02817"", ""4728.25""], [""0.02819"", ""8464.08""], [""0.02820"", ""6230.20""], [""0.02823"", ""4114.80""], [""0.02824"", ""3804.77""], [""0.02825"", ""156.60""], [""0.02826"", ""4602.05""]]"
2026-08-26T05:10:01.485937Z,1787721001485,PIPPINUSDT,0.018927,2115.61,0.019034,4721.82,157751.98,137062.88999999998,1787721001448,"[[""0.018927"", ""2115.61""], [""0.018926"", ""7401.02""], [""0.018901"", ""149.42""], [""0.018898"", ""24044.85""], [""0.018897"", ""10602.09""], [""0.018894"", ""9167.71""], [""0.018893"", ""9167.71""], [""0.018883"", ""27507.71""], [""0.018881"", ""27504.08""], [""0.018880"", ""27508.07""], [""0.018877"", ""154.59""], [""0.018840"", ""1971.43""], [""0.018835"", ""1233.95""], [""0.018832"", ""1268.91""], [""0.018830"", ""1317.41""], [""0.018820"", ""1129.68""], [""0.018819"", ""1631.50""], [""0.018818"", ""2398.82""], [""0.018787"", ""162.33""], [""0.018758"", ""1315.09""]]","[[""0.019034"", ""4721.82""], [""0.019036"", ""1491.95""], [""0.019043"", ""6346.85""], [""0.019050"", ""644.00""], [""0.019054"", ""83.28""], [""0.019055"", ""9163.44""], [""0.019058"", ""182.38""], [""0.019064"", ""27490.32""], [""0.019067"", ""27490.32""], [""0.019069"", ""27484.53""], [""0.019101"", ""56.66""], [""0.019102"", ""10082.08""], [""0.019103"", ""4160.00""], [""0.019106"", ""3563.80""], [""0.019126"", ""1270.16""], [""0.019138"", ""3142.00""], [""0.019165"", ""202.43""], [""0.019179"", ""5210.00""], [""0.019180"", ""2305.46""], [""0.019181"", ""1971.41""]]"
2026-08-26T05:10:01.485937Z,1787721001485,NILUSDT,0.04199,8146.32,0.04215,365.33,58394.43,39162.23,1787721002113,"[[""0.04199"", ""8146.32""], [""0.04194"", ""2500.00""], [""0.04193"", ""561.35""], [""0.04192"", ""9781.59""], [""0.04191"", ""21150.00""], [""0.04189"", ""4326.00""], [""0.04188"", ""501.77""], [""0.04184"", ""1856.73""], [""0.04183"", ""1190.00""], [""0.04181"", ""3244.50""], [""0.04180"", ""109.17""], [""0.04179"", ""28.72""], [""0.04178"", ""28.96""], [""0.04177"", ""28.73""], [""0.04176"", ""28.74""], [""0.04175"", ""28.96""], [""0.04174"", ""3075.30""], [""0.04173"", ""28.76""], [""0.04172"", ""1750.05""], [""0.04170"", ""28.78""]]","[[""0.04215"", ""365.33""], [""0.04216"", ""1641.62""], [""0.04217"", ""2500.00""], [""0.04218"", ""628.00""], [""0.04219"", ""3038.00""], [""0.04222"", ""2163.00""], [""0.04224"", ""1341.34""], [""0.04225"", ""8049.00""], [""0.04230"", ""12360.00""], [""0.04231"", ""3561.00""], [""0.04233"", ""109.08""], [""0.04234"", ""32.20""], [""0.04235"", ""1960.02""], [""0.04236"", ""108.90""], [""0.04237"", ""28.67""], [""0.04238"", ""28.32""], [""0.04239"", ""1082.08""], [""0.04240"", ""109.08""], [""0.04241"", ""28.30""], [""0.04242"", ""28.29""]]"
2026-08-26T05:10:01.485937Z,1787721001485,MINAUSDT,0.06090,8715.89,0.06102,2700.00,1219347.66,475161.92,1787721001853,"[[""0.06090"", ""8715.89""], [""0.06089"", ""32505.50""], [""0.06080"", ""39259.40""], [""0.06067"", ""2131.34""], [""0.06066"", ""93774.50""], [""0.06058"", ""175660.21""], [""0.06049"", ""179.34""], [""0.06048"", ""514871.28""], [""0.06040"", ""40055.62""], [""0.06027"", ""19163.43""], [""0.06010"", ""485.35""], [""0.06009"", ""71705.15""], [""0.05987"", ""124710.85""], [""0.05986"", ""18251.91""], [""0.05977"", ""27119.89""], [""0.05969"", ""25629.01""], [""0.05968"", ""13875.84""], [""0.05955"", ""2520.00""], [""0.05946"", ""2520.00""], [""0.05937"", ""6213.15""]]","[[""0.06102"", ""2700.00""], [""0.06112"", ""2157.39""], [""0.06113"", ""25051.50""], [""0.06120"", ""29586.30""], [""0.06131"", ""32831.00""], [""0.06142"", ""48316.40""], [""0.06153"", ""53168.17""], [""0.06160"", ""23870.99""], [""0.06182"", ""89304.27""], [""0.06200"", ""53474.41""], [""0.06202"", ""9168.74""], [""0.06213"", ""22.28""], [""0.06222"", ""84340.41""], [""0.06224"", ""19.52""], [""0.06235"", ""5566.05""], [""0.06242"", ""5566.05""], [""0.06253"", ""2504.79""], [""0.06264"", ""2504.70""], [""0.06275"", ""2504.52""], [""0.06282"", ""2504.43""]]"
2026-08-26T05:10:01.485937Z,1787721001485,SFPUSDT,0.2607,144.00,0.2610,137.00,15007.86,9645.17,1787721003214,"[[""0.2607"", ""144.00""], [""0.2606"", ""1911.00""], [""0.2605"", ""1257.00""], [""0.2604"", ""2623.50""], [""0.2603"", ""2930.40""], [""0.2602"", ""2430.00""], [""0.2601"", ""22.00""], [""0.2600"", ""49.10""], [""0.2599"", ""627.00""], [""0.2597"", ""650.10""], [""0.2596"", ""440.80""], [""0.2595"", ""82.00""], [""0.2594"", ""16.00""], [""0.2593"", ""16.00""], [""0.2592"", ""16.00""], [""0.2591"", ""5.11""], [""0.2590"", ""16.00""], [""0.2589"", ""904.00""], [""0.2586"", ""863.20""], [""0.2582"", ""4.65""]]","[[""0.2610"", ""137.00""], [""0.2611"", ""120.00""], [""0.2612"", ""64.00""], [""0.2613"", ""377.12""], [""0.2614"", ""1122.00""], [""0.2615"", ""1022.00""], [""0.2616"", ""22.00""], [""0.2618"", ""641.30""], [""0.2619"", ""306.73""], [""0.2620"", ""3317.60""], [""0.2621"", ""1272.82""], [""0.2622"", ""172.20""], [""0.2623"", ""16.00""], [""0.2624"", ""16.00""], [""0.2625"", ""81.60""], [""0.2626"", ""16.00""], [""0.2627"", ""16.00""], [""0.2628"", ""892.80""], [""0.2629"", ""16.00""], [""0.2630"", ""16.00""]]"
2026-08-26T05:10:01.485937Z,1787721001485,XYOUSDT,0.00320,4012.03,0.00324,106353.61,1543093.1,1892639.55,1787721002667,"[[""0.00320"", ""4012.03""], [""0.00319"", ""285743.00""], [""0.00318"", ""335107.88""], [""0.00317"", ""283868.06""], [""0.00316"", ""7274.44""], [""0.00315"", ""15215.45""], [""0.00314"", ""476478.11""], [""0.00313"", ""89694.47""], [""0.00312"", ""5247.95""], [""0.00311"", ""9306.58""], [""0.00310"", ""2714.95""], [""0.00308"", ""2722.63""], [""0.00306"", ""5375.75""], [""0.00304"", ""2754.59""], [""0.00302"", ""2771.94""], [""0.00300"", ""2915.96""], [""0.00298"", ""2951.55""], [""0.00296"", ""2975.24""], [""0.00294"", ""2978.34""], [""0.00292"", ""2984.18""]]","[[""0.00324"", ""106353.61""], [""0.00325"", ""192151.07""], [""0.00326"", ""302540.67""], [""0.00327"", ""165009.00""], [""0.00328"", ""7013.79""], [""0.00329"", ""32958.75""], [""0.00332"", ""2411.11""], [""0.00348"", ""53170.88""], [""0.00420"", ""297950.46""], [""0.00481"", ""56157.86""], [""0.00577"", ""376411.05""], [""0.00715"", ""16091.36""], [""0.00800"", ""4996.33""], [""0.00900"", ""17433.75""], [""0.01190"", ""84.04""], [""0.01200"", ""3783.13""], [""0.01300"", ""49740.34""], [""0.01400"", ""91190.59""], [""0.01500"", ""74685.22""], [""0.01600"", ""42506.54""]]"
2026-08-26T05:10:01.485937Z,1787721001485,GOATUSDT,0.01595,978.75,0.01600,20781.51,264602.31,260524.41,1787721003568,"[[""0.01595"", ""978.75""], [""0.01594"", ""31937.33""], [""0.01593"", ""38226.97""], [""0.01592"", ""3161.19""], [""0.01591"", ""36002.38""], [""0.01590"", ""7273.81""], [""0.01589"", ""2148.10""], [""0.01588"", ""8004.06""], [""0.01587"", ""3256.19""], [""0.01586"", ""17781.14""], [""0.01585"", ""4788.76""], [""0.01584"", ""11123.84""], [""0.01583"", ""10868.26""], [""0.01582"", ""4648.88""], [""0.01581"", ""86.33""], [""0.01580"", ""12672.69""], [""0.01579"", ""30311.29""], [""0.01578"", ""4482.61""], [""0.01577"", ""5706.18""], [""0.01576"", ""31143.55""]]","[[""0.01600"", ""20781.51""], [""0.01601"", ""79.49""], [""0.01602"", ""25360.05""], [""0.01603"", ""17130.84""], [""0.01604"", ""7271.87""], [""0.01605"", ""74.77""], [""0.01606"", ""10437.87""], [""0.01607"", ""12468.91""], [""0.01608"", ""4525.36""], [""0.01609"", ""15095.88""], [""0.01610"", ""13921.78""], [""0.01611"", ""20440.86""], [""0.01612"", ""11497.67""], [""0.01613"", ""12356.04""], [""0.01614"", ""22785.90""], [""0.01615"", ""5370.70""], [""0.01616"", ""10015.23""], [""0.01617"", ""31375.24""], [""0.01618"", ""1914.62""], [""0.01619"", ""17619.82""]]"
2026-08-26T05:10:01.485937Z,1787721001485,XPRUSDT,0.0027410,18114.00,0.0027483,4587.47,406233.34,611617.23,1787721006069,"[[""0.0027410"", ""18114.00""], [""0.0027375"", ""5287.44""], [""0.0027348"", ""1193.17""], [""0.0027317"", ""73477.88""], [""0.0027316"", ""139952.53""], [""0.0027309"", ""15972.88""], [""0.0027308"", ""5234.24""], [""0.0027296"", ""8707.58""], [""0.0027279"", ""5287.44""], [""0.0027278"", ""18464.80""], [""0.0027276"", ""5287.44""], [""0.0027254"", ""16364.34""], [""0.0027248"", ""9267.52""], [""0.0027247"", ""9799.92""], [""0.0027246"", ""8231.81""], [""0.0027241"", ""11412.88""], [""0.0027236"", ""29777.04""], [""0.0027235"", ""5287.44""], [""0.0027234"", ""11026.08""], [""0.0027230"", ""8086.91""]]","[[""0.0027483"", ""4587.47""], [""0.0027484"", ""324768.02""], [""0.0027485"", ""19905.11""], [""0.0027498"", ""6609.30""], [""0.0027504"", ""90895.86""], [""0.0027508"", ""59553.47""], [""0.0027523"", ""5287.44""], [""0.0027526"", ""515.18""], [""0.0027530"", ""5287.44""], [""0.0027575"", ""435.18""], [""0.0027576"", ""5287.44""], [""0.0027584"", ""498.44""], [""0.0027585"", ""25551.82""], [""0.0027589"", ""52729.63""], [""0.0027613"", ""5287.44""], [""0.0027615"", ""2640.24""], [""0.0027634"", ""434.25""], [""0.0027635"", ""465.44""], [""0.0027636"", ""434.22""], [""0.0027642"", ""443.84""]]"
2026-08-26T05:10:01.485937Z,1787721001485,SUSDT,0.02775,4519.70,0.02776,369.10,366455.73,216482.28,1787721006952,"[[""0.02775"", ""4519.70""], [""0.02774"", ""4519.70""], [""0.02773"", ""5019.70""], [""0.02772"", ""6657.75""], [""0.02771"", ""23964.71""], [""0.02770"", ""26994.89""], [""0.02769"", ""8015.92""], [""0.02768"", ""3244.41""], [""0.02767"", ""24884.97""], [""0.02765"", ""44472.12""], [""0.02764"", ""2657.70""], [""0.02763"", ""131874.28""], [""0.02762"", ""2657.70""], [""0.02761"", ""28430.15""], [""0.02760"", ""6900.90""], [""0.02759"", ""19755.55""], [""0.02758"", ""7054.95""], [""0.02756"", ""5166.79""], [""0.02755"", ""5220.47""], [""0.02754"", ""4443.37""]]","[[""0.02776"", ""369.10""], [""0.02777"", ""8959.80""], [""0.02778"", ""13792.70""], [""0.02779"", ""17454.91""], [""0.02780"", ""15227.85""], [""0.02781"", ""6657.53""], [""0.02782"", ""25638.91""], [""0.02784"", ""47299.12""], [""0.02786"", ""20742.92""], [""0.02787"", ""987.75""], [""0.02788"", ""6909.95""], [""0.02789"", ""5165.60""], [""0.02790"", ""6839.00""], [""0.02791"", ""6839.00""], [""0.02792"", ""11992.07""], [""0.02793"", ""1525.80""], [""0.02794"", ""14377.03""], [""0.02795"", ""1525.75""], [""0.02796"", ""2014.55""], [""0.02797"", ""2162.94""]]"
2026-08-26T06:10:02.137772Z,1787724602137,PIPPINUSDT,0.018939,973.12,0.019036,7489.34,144255.88999999998,212966.46,1787724602449,"[[""0.018939"", ""973.12""], [""0.018938"", ""6488.15""], [""0.018935"", ""54936.17""], [""0.018930"", ""27502.27""], [""0.018920"", ""9161.27""], [""0.018912"", ""172.44""], [""0.018911"", ""9156.69""], [""0.018906"", ""9156.69""], [""0.018877"", ""154.59""], [""0.018851"", ""16128.38""], [""0.018850"", ""1108.65""], [""0.018828"", ""1171.03""], [""0.018819"", ""1584.52""], [""0.018817"", ""1251.89""], [""0.018806"", ""1315.09""], [""0.018787"", ""162.33""], [""0.018734"", ""199.63""], [""0.018710"", ""1201.80""], [""0.018691"", ""1354.96""], [""0.018688"", ""1076.22""]]","[[""0.019036"", ""7489.34""], [""0.019037"", ""39580.00""], [""0.019040"", ""7489.34""], [""0.019042"", ""12735.00""], [""0.019065"", ""4160.00""], [""0.019068"", ""27445.88""], [""0.019069"", ""27445.88""], [""0.019081"", ""9200.00""], [""0.019082"", ""27445.88""], [""0.019095"", ""8752.08""], [""0.019096"", ""9324.44""], [""0.019097"", ""9146.34""], [""0.019117"", ""3660.00""], [""0.019118"", ""3142.00""], [""0.019165"", ""202.43""], [""0.019179"", ""1564.00""], [""0.019180"", ""5210.00""], [""0.019184"", ""2005.31""], [""0.019192"", ""5561.27""], [""0.019194"", ""1407.27""]]"
2026-08-26T06:10:02.137772Z,1787724602137,NILUSDT,0.04269,400.08,0.04284,55.37,108087.32,41129.81,1787724603215,"[[""0.04269"", ""400.08""], [""0.04267"", ""805.49""], [""0.04266"", ""6075.00""], [""0.04264"", ""2500.00""], [""0.04263"", ""4326.00""], [""0.04262"", ""1202.59""], [""0.04261"", ""8702.00""], [""0.04257"", ""21150.00""], [""0.04256"", ""3244.50""], [""0.04252"", ""28.51""], [""0.04251"", ""28.23""], [""0.04250"", ""28.24""], [""0.04249"", ""29.14""], [""0.04248"", ""1172.00""], [""0.04247"", ""3279.33""], [""0.04246"", ""32.11""], [""0.04245"", ""54222.66""], [""0.04244"", ""28.28""], [""0.04243"", ""29.16""], [""0.04242"", ""804.00""]]","[[""0.04284"", ""55.37""], [""0.04286"", ""2532.31""], [""0.04287"", ""3038.00""], [""0.04289"", ""2500.00""], [""0.04290"", ""2163.00""], [""0.04296"", ""2500.00""], [""0.04297"", ""10575.00""], [""0.04298"", ""2163.00""], [""0.04300"", ""7298.00""], [""0.04301"", ""107.19""], [""0.04302"", ""4055.37""], [""0.04305"", ""28.74""], [""0.04306"", ""1973.87""], [""0.04308"", ""27.86""], [""0.04309"", ""27.85""], [""0.04310"", ""658.01""], [""0.04311"", ""27.84""], [""0.04313"", ""307.71""], [""0.04314"", ""27.82""], [""0.04319"", ""1062.87""]]"
2026-08-26T06:10:02.137772Z,1787724602137,MINAUSDT,0.06160,14633.50,0.06171,2700.00,604815.42,419074.63,1787724603952,"[[""0.06160"", ""14633.50""], [""0.06149"", ""8355.01""], [""0.06148"", ""485.26""], [""0.06147"", ""40061.80""], [""0.06137"", ""42100.90""], [""0.06130"", ""179.34""], [""0.06129"", ""63668.20""], [""0.06120"", ""54468.15""], [""0.06107"", ""38257.78""], [""0.06098"", ""26773.34""], [""0.06080"", ""86977.44""], [""0.06058"", ""103685.12""], [""0.06057"", ""6149.34""], [""0.06048"", ""50643.63""], [""0.06040"", ""28606.60""], [""0.06035"", ""4594.14""], [""0.06026"", ""4952.97""], [""0.06017"", ""13858.29""], [""0.06008"", ""13858.29""], [""0.05995"", ""2506.32""]]","[[""0.06171"", ""2700.00""], [""0.06182"", ""25331.24""], [""0.06193"", ""16812.20""], [""0.06200"", ""26505.82""], [""0.06211"", ""48687.87""], [""0.06222"", ""45646.59""], [""0.06233"", ""30640.50""], [""0.06251"", ""94777.87""], [""0.06273"", ""30315.45""], [""0.06276"", ""2504.43""], [""0.06283"", ""2504.43""], [""0.06291"", ""81722.74""], [""0.06294"", ""19.07""], [""0.06305"", ""3498.21""], [""0.06316"", ""4485.24""], [""0.06363"", ""2430.00""], [""0.06374"", ""18.83""], [""0.06396"", ""434.97""], [""0.06403"", ""20.46""], [""0.06414"", ""18.71""]]"
2026-08-26T06:10:02.137772Z,1787724602137,SFPUSDT,0.2642,2339.00,0.2645,1413.00,38428.43,14758.810000000001,1787724604113,"[[""0.2642"", ""2339.00""], [""0.2641"", ""1100.00""], [""0.2640"", ""325.00""], [""0.2639"", ""245.00""], [""0.2638"", ""1397.00""], [""0.2637"", ""1416.90""], [""0.2636"", ""737.00""], [""0.2634"", ""1302.59""], [""0.2633"", ""73.91""], [""0.2632"", ""20042.00""], [""0.2631"", ""4.87""], [""0.2630"", ""9231.67""], [""0.2629"", ""4.60""], [""0.2628"", ""16.00""], [""0.2627"", ""16.00""], [""0.2626"", ""16.00""], [""0.2625"", ""16.00""], [""0.2624"", ""96.09""], [""0.2623"", ""16.00""], [""0.2622"", ""32.80""]]","[[""0.2645"", ""1413.00""], [""0.2646"", ""120.00""], [""0.2647"", ""70.56""], [""0.2648"", ""499.40""], [""0.2649"", ""1599.40""], [""0.2650"", ""1022.00""], [""0.2651"", ""22.00""], [""0.2653"", ""183.70""], [""0.2655"", ""2116.40""], [""0.2656"", ""1507.20""], [""0.2657"", ""2176.40""], [""0.2658"", ""1539.20""], [""0.2659"", ""16.00""], [""0.2660"", ""671.20""], [""0.2661"", ""106.32""], [""0.2665"", ""1131.20""], [""0.2668"", ""4.50""], [""0.2671"", ""106.40""], [""0.2676"", ""306.73""], [""0.2677"", ""147.20""]]"
2026-08-26T06:10:02.137772Z,1787724602137,XYOUSDT,0.00318,17468.21,0.00321,15604.61,1540301.08,1773191.06,1787724603567,"[[""0.00318"", ""17468.21""], [""0.00317"", ""145294.00""], [""0.00316"", ""342071.78""], [""0.00315"", ""289173.09""], [""0.00314"", ""152524.37""], [""0.00313"", ""89694.47""], [""0.00312"", ""60409.05""], [""0.00311"", ""403653.76""], [""0.00309"", ""6292.11""], [""0.00307"", ""3750.22""], [""0.00306"", ""2658.90""], [""0.00305"", ""3753.81""], [""0.00302"", ""2771.94""], [""0.00300"", ""2915.96""], [""0.00298"", ""2951.55""], [""0.00296"", ""2975.24""], [""0.00294"", ""2978.34""], [""0.00292"", ""2984.18""], [""0.00290"", ""2990.05""], [""0.00288"", ""2990.05""]]","[[""0.00321"", ""15604.61""], [""0.00322"", ""259558.32""], [""0.00323"", ""321376.48""], [""0.00324"", ""164868.00""], [""0.00325"", ""2289.36""], [""0.00326"", ""7059.63""], [""0.00327"", ""24140.71""], [""0.00328"", ""8853.53""], [""0.00330"", ""2430.63""], [""0.00348"", ""53170.88""], [""0.00420"", ""297950.46""], [""0.00481"", ""56157.86""], [""0.00577"", ""376411.05""], [""0.00715"", ""16091.36""], [""0.00800"", ""4996.33""], [""0.00900"", ""17433.75""], [""0.01190"", ""84.04""], [""0.01200"", ""3783.13""], [""0.01300"", ""49740.34""], [""0.01400"", ""91190.59""]]"
2026-08-26T06:10:02.137772Z,1787724602137,GOATUSDT,0.01609,978.75,0.01613,6646.26,185897.16,266175.73,1787724605868,"[[""0.01609"", ""978.75""], [""0.01608"", ""32838.41""], [""0.01607"", ""16887.19""], [""0.01606"", ""137.30""], [""0.01605"", ""11309.42""], [""0.01604"", ""84.51""], [""0.01603"", ""12918.14""], [""0.01602"", ""7316.69""], [""0.01601"", ""667.64""], [""0.01600"", ""75.00""], [""0.01599"", ""22898.11""], [""0.01598"", ""4136.20""], [""0.01597"", ""7897.03""], [""0.01596"", ""2562.19""], [""0.01595"", ""14897.35""], [""0.01594"", ""1420.34""], [""0.01593"", ""13270.87""], [""0.01592"", ""8872.48""], [""0.01591"", ""15379.43""], [""0.01590"", ""11350.11""]]","[[""0.01613"", ""6646.26""], [""0.01614"", ""25875.73""], [""0.01615"", ""20923.46""], [""0.01616"", ""7324.29""], [""0.01617"", ""85.46""], [""0.01618"", ""7948.88""], [""0.01619"", ""8167.93""], [""0.01621"", ""4061.78""], [""0.01622"", ""16904.54""], [""0.01623"", ""3731.57""], [""0.01624"", ""23971.75""], [""0.01625"", ""1775.02""], [""0.01626"", ""15984.98""], [""0.01627"", ""43314.69""], [""0.01628"", ""16634.29""], [""0.01629"", ""12845.75""], [""0.01630"", ""7328.80""], [""0.01631"", ""29120.04""], [""0.01632"", ""1820.51""], [""0.01633"", ""11710.00""]]"
2026-08-26T06:10:02.137772Z,1787724602137,XPRUSDT,0.0027302,5127.15,0.0027405,178848.71,376679.58,642262.4,1787724606368,"[[""0.0027302"", ""5127.15""], [""0.0027301"", ""9802.62""], [""0.0027296"", ""8707.58""], [""0.0027291"", ""16282.74""], [""0.0027289"", ""5287.44""], [""0.0027288"", ""5287.44""], [""0.0027286"", ""5706.16""], [""0.0027285"", ""5287.44""], [""0.0027279"", ""1785.36""], [""0.0027277"", ""9804.06""], [""0.0027254"", ""16364.34""], [""0.0027246"", ""49482.45""], [""0.0027245"", ""144540.00""], [""0.0027237"", ""11705.84""], [""0.0027236"", ""5287.44""], [""0.0027235"", ""8689.60""], [""0.0027233"", ""5287.44""], [""0.0027227"", ""15708.72""], [""0.0027226"", ""24619.04""], [""0.0027225"", ""21916.72""]]","[[""0.0027405"", ""178848.71""], [""0.0027406"", ""19245.42""], [""0.0027408"", ""164185.63""], [""0.0027435"", ""13150.10""], [""0.0027462"", ""5287.44""], [""0.0027479"", ""80061.13""], [""0.0027480"", ""5232.64""], [""0.0027516"", ""436.11""], [""0.0027517"", ""11632.56""], [""0.0027519"", ""522.67""], [""0.0027520"", ""5287.44""], [""0.0027547"", ""31474.93""], [""0.0027559"", ""52729.63""], [""0.0027577"", ""435.15""], [""0.0027579"", ""59553.47""], [""0.0027581"", ""5287.44""], [""0.0027583"", ""508.13""], [""0.0027612"", ""5287.44""], [""0.0027614"", ""2640.24""], [""0.0027637"", ""456.12""]]"
2026-08-26T06:10:02.137772Z,1787724602137,SUSDT,0.02823,2868.70,0.02825,2868.70,341076.82,218907.67,1787724607451,"[[""0.02823"", ""2868.70""], [""0.02822"", ""3549.30""], [""0.02821"", ""3354.34""], [""0.02820"", ""23502.60""], [""0.02819"", ""26942.63""], [""0.02818"", ""13768.37""], [""0.02817"", ""23753.07""], [""0.02815"", ""27414.75""], [""0.02813"", ""45844.04""], [""0.02812"", ""8083.70""], [""0.02811"", ""73734.18""], [""0.02810"", ""7083.40""], [""0.02809"", ""4444.05""], [""0.02808"", ""20177.45""], [""0.02807"", ""2920.60""], [""0.02806"", ""5595.40""], [""0.02805"", ""14203.00""], [""0.02804"", ""10548.43""], [""0.02803"", ""18585.13""], [""0.02801"", ""4703.68""]]","[[""0.02825"", ""2868.70""], [""0.02826"", ""4768.70""], [""0.02827"", ""13668.70""], [""0.02828"", ""8359.00""], [""0.02829"", ""9187.64""], [""0.02830"", ""12487.64""], [""0.02831"", ""14644.50""], [""0.02832"", ""35731.40""], [""0.02834"", ""23661.55""], [""0.02836"", ""48264.97""], [""0.02837"", ""11147.45""], [""0.02838"", ""1524.65""], [""0.02839"", ""6365.50""], [""0.02840"", ""1524.65""], [""0.02841"", ""4018.95""], [""0.02842"", ""7308.00""], [""0.02843"", ""3260.62""], [""0.02844"", ""1434.35""], [""0.02845"", ""4568.30""], [""0.02846"", ""4112.40""]]"
2026-08-26T07:10:01.531714Z,1787728201531,PIPPINUSDT,0.018851,16128.38,0.018901,5129.76,172406.58,181775.54,1787728201448,"[[""0.018851"", ""16128.38""], [""0.018820"", ""7623.81""], [""0.018807"", ""7263.84""], [""0.018806"", ""27644.28""], [""0.018804"", ""27644.28""], [""0.018802"", ""27642.08""], [""0.018801"", ""18444.90""], [""0.018787"", ""146.25""], [""0.018781"", ""10602.09""], [""0.018780"", ""9217.32""], [""0.018772"", ""9223.55""], [""0.018771"", ""1315.44""], [""0.018761"", ""1233.36""], [""0.018734"", ""187.19""], [""0.018697"", ""1322.89""], [""0.018691"", ""1354.96""], [""0.018688"", ""2654.00""], [""0.018687"", ""1251.91""], [""0.018678"", ""1324.15""], [""0.018654"", ""181.90""]]","[[""0.018901"", ""5129.76""], [""0.018902"", ""17510.53""], [""0.018903"", ""5129.76""], [""0.018914"", ""3217.00""], [""0.018917"", ""168.51""], [""0.018925"", ""14398.94""], [""0.018955"", ""56.66""], [""0.018956"", ""4160.00""], [""0.018957"", ""1330.00""], [""0.018958"", ""27609.19""], [""0.018959"", ""18414.32""], [""0.018960"", ""36361.27""], [""0.018961"", ""27612.84""], [""0.018997"", ""3680.00""], [""0.018998"", ""3142.00""], [""0.019025"", ""5250.00""], [""0.019026"", ""3547.41""], [""0.019038"", ""165.00""], [""0.019041"", ""2845.98""], [""0.019042"", ""2046.37""]]"
2026-08-26T07:10:01.531714Z,1787728201531,NILUSDT,0.04336,57.88,0.04354,415.44,109278.14,75149.13,1787728202113,"[[""0.04336"", ""57.88""], [""0.04335"", ""6075.00""], [""0.04330"", ""4326.00""], [""0.04326"", ""1202.59""], [""0.04325"", ""628.00""], [""0.04323"", ""940.76""], [""0.04322"", ""7263.00""], [""0.04321"", ""24394.50""], [""0.04320"", ""27.78""], [""0.04319"", ""30.00""], [""0.04318"", ""736.49""], [""0.04317"", ""2619.99""], [""0.04316"", ""1257.93""], [""0.04315"", ""105.93""], [""0.04314"", ""27.82""], [""0.04313"", ""328.68""], [""0.04312"", ""27.83""], [""0.04311"", ""106.02""], [""0.04306"", ""55877.44""], [""0.04301"", ""3244.50""]]","[[""0.04354"", ""415.44""], [""0.04355"", ""2500.00""], [""0.04356"", ""3038.00""], [""0.04359"", ""772.06""], [""0.04361"", ""2500.00""], [""0.04362"", ""4143.00""], [""0.04363"", ""8737.00""], [""0.04365"", ""10575.00""], [""0.04371"", ""2163.00""], [""0.04374"", ""2163.00""], [""0.04376"", ""1946.00""], [""0.04377"", ""27.42""], [""0.04379"", ""30.61""], [""0.04381"", ""3980.83""], [""0.04382"", ""30.11""], [""0.04383"", ""307.71""], [""0.04384"", ""233.01""], [""0.04385"", ""29277.37""], [""0.04386"", ""2280.63""], [""0.04387"", ""28.94""]]"
2026-08-26T07:10:01.531714Z,1787728201531,MINAUSDT,0.06186,7415.90,0.06199,1542.97,967552.5700000001,390244.60000000003,1787728201552,"[[""0.06186"", ""7415.90""], [""0.06178"", ""49215.00""], [""0.06171"", ""8848.67""], [""0.06168"", ""46685.20""], [""0.06161"", ""2098.82""], [""0.06160"", ""169611.97""], [""0.06148"", ""179.34""], [""0.06147"", ""309364.44""], [""0.06138"", ""362.10""], [""0.06137"", ""27582.72""], [""0.06129"", ""23424.94""], [""0.06107"", ""94357.67""], [""0.06089"", ""126160.10""], [""0.06088"", ""15480.45""], [""0.06075"", ""7266.00""], [""0.06066"", ""50875.47""], [""0.06057"", ""9547.02""], [""0.06048"", ""11753.10""], [""0.06035"", ""4594.14""], [""0.06026"", ""2729.52""]]","[[""0.06199"", ""1542.97""], [""0.06200"", ""18742.70""], [""0.06211"", ""20101.40""], [""0.06222"", ""24612.70""], [""0.06233"", ""28794.80""], [""0.06240"", ""49051.86""], [""0.06251"", ""62624.65""], [""0.06262"", ""7478.90""], [""0.06280"", ""61298.16""], [""0.06302"", ""20643.59""], [""0.06304"", ""2504.07""], [""0.06315"", ""2504.07""], [""0.06320"", ""79406.36""], [""0.06322"", ""22.23""], [""0.06333"", ""2503.80""], [""0.06344"", ""2430.00""], [""0.06362"", ""2430.00""], [""0.06373"", ""18.83""], [""0.06395"", ""3512.79""], [""0.06402"", ""20.72""]]"
2026-08-26T07:10:01.531714Z,1787728201531,SFPUSDT,0.2631,134.00,0.2634,112.00,14904.02,9400.39,1787728203313,"[[""0.2631"", ""134.00""], [""0.2630"", ""20.00""], [""0.2629"", ""120.00""], [""0.2628"", ""1496.00""], [""0.2627"", ""2148.30""], [""0.2626"", ""4028.30""], [""0.2625"", ""519.20""], [""0.2623"", ""2240.70""], [""0.2622"", ""47.95""], [""0.2621"", ""1708.30""], [""0.2620"", ""16.00""], [""0.2619"", ""1490.79""], [""0.2618"", ""154.40""], [""0.2617"", ""508.29""], [""0.2616"", ""16.00""], [""0.2615"", ""16.00""], [""0.2614"", ""16.00""], [""0.2613"", ""16.00""], [""0.2612"", ""90.51""], [""0.2611"", ""117.28""]]","[[""0.2634"", ""112.00""], [""0.2635"", ""154.00""], [""0.2636"", ""59.40""], [""0.2637"", ""188.38""], [""0.2638"", ""1122.00""], [""0.2639"", ""2347.50""], [""0.2640"", ""22.00""], [""0.2642"", ""521.40""], [""0.2644"", ""3019.50""], [""0.2645"", ""16.00""], [""0.2646"", ""388.85""], [""0.2647"", ""16.00""], [""0.2648"", ""16.00""], [""0.2649"", ""16.00""], [""0.2650"", ""16.00""], [""0.2651"", ""16.00""], [""0.2652"", ""881.60""], [""0.2653"", ""16.00""], [""0.2667"", ""382.90""], [""0.2669"", ""88.86""]]"
2026-08-26T07:10:01.531714Z,1787728201531,XYOUSDT,0.00318,141729.55,0.00321,15604.61,1567791.74,1836397.1400000001,1787728197467,"[[""0.00318"", ""141729.55""], [""0.00317"", ""209145.00""], [""0.00316"", ""341424.94""], [""0.00315"", ""178073.11""], [""0.00314"", ""93463.40""], [""0.00313"", ""142746.47""], [""0.00311"", ""3653.76""], [""0.00310"", ""411914.80""], [""0.00309"", ""3707.74""], [""0.00307"", ""3750.22""], [""0.00305"", ""6421.05""], [""0.00303"", ""3960.89""], [""0.00302"", ""3944.08""], [""0.00301"", ""3957.23""], [""0.00299"", ""3971.01""], [""0.00297"", ""3985.87""], [""0.00294"", ""2978.34""], [""0.00292"", ""2984.18""], [""0.00290"", ""2990.05""], [""0.00288"", ""2990.05""]]","[[""0.00321"", ""15604.61""], [""0.00322"", ""86106.88""], [""0.00323"", ""195163.28""], [""0.00324"", ""259083.72""], [""0.00325"", ""170266.89""], [""0.00327"", ""23531.23""], [""0.00329"", ""2438.98""], [""0.00346"", ""53170.88""], [""0.00420"", ""297950.46""], [""0.00481"", ""56157.86""], [""0.00577"", ""376411.05""], [""0.00715"", ""16091.36""], [""0.00800"", ""4996.33""], [""0.00900"", ""17433.75""], [""0.01190"", ""84.04""], [""0.01200"", ""3783.13""], [""0.01300"", ""49740.34""], [""0.01400"", ""91190.59""], [""0.01500"", ""74685.22""], [""0.01600"", ""42506.54""]]"
2026-08-26T07:10:01.531714Z,1787728201531,GOATUSDT,0.01612,33530.02,0.01616,978.75,220354.73,255697.77,1787728203368,"[[""0.01612"", ""33530.02""], [""0.01611"", ""17572.75""], [""0.01610"", ""36447.87""], [""0.01609"", ""85.82""], [""0.01608"", ""11366.62""], [""0.01607"", ""4688.53""], [""0.01606"", ""11366.62""], [""0.01605"", ""74.77""], [""0.01603"", ""29865.87""], [""0.01602"", ""19664.32""], [""0.01601"", ""1896.31""], [""0.01600"", ""8775.16""], [""0.01599"", ""150.10""], [""0.01598"", ""8679.97""], [""0.01597"", ""76.12""], [""0.01596"", ""6199.97""], [""0.01595"", ""7050.63""], [""0.01594"", ""11999.53""], [""0.01593"", ""10174.99""], [""0.01592"", ""688.76""]]","[[""0.01616"", ""978.75""], [""0.01617"", ""19756.72""], [""0.01618"", ""74.17""], [""0.01619"", ""74.12""], [""0.01620"", ""28311.54""], [""0.01621"", ""10289.99""], [""0.01622"", ""17570.43""], [""0.01623"", ""9785.69""], [""0.01624"", ""20647.84""], [""0.01625"", ""17018.40""], [""0.01626"", ""22046.75""], [""0.01627"", ""29234.76""], [""0.01628"", ""19895.94""], [""0.01629"", ""10303.03""], [""0.01630"", ""7874.69""], [""0.01631"", ""16089.26""], [""0.01632"", ""587.25""], [""0.01633"", ""24497.75""], [""0.01634"", ""73.44""], [""0.01635"", ""587.25""]]"
2026-08-26T07:10:01.531714Z,1787728201531,XPRUSDT,0.0027222,385.59,0.0027327,3936.30,422196.59,477109.49000000005,1787728205268,"[[""0.0027222"", ""385.59""], [""0.0027219"", ""5287.44""], [""0.0027215"", ""52282.16""], [""0.0027203"", ""5287.44""], [""0.0027201"", ""2588.48""], [""0.0027194"", ""2588.48""], [""0.0027192"", ""1095.19""], [""0.0027190"", ""8256.67""], [""0.0027176"", ""54121.92""], [""0.0027175"", ""144540.00""], [""0.0027168"", ""25048.00""], [""0.0027167"", ""5287.44""], [""0.0027159"", ""5287.44""], [""0.0027157"", ""17267.29""], [""0.0027152"", ""5287.44""], [""0.0027151"", ""56659.12""], [""0.0027146"", ""5287.44""], [""0.0027145"", ""682.72""], [""0.0027139"", ""10700.76""], [""0.0027127"", ""14255.57""]]","[[""0.0027327"", ""3936.30""], [""0.0027328"", ""24372.53""], [""0.0027344"", ""10964.54""], [""0.0027347"", ""3149.04""], [""0.0027350"", ""3147.12""], [""0.0027355"", ""5287.44""], [""0.0027356"", ""461.17""], [""0.0027370"", ""5287.44""], [""0.0027395"", ""346291.03""], [""0.0027396"", ""451.89""], [""0.0027397"", ""5287.44""], [""0.0027398"", ""437.99""], [""0.0027401"", ""5287.44""], [""0.0027410"", ""6345.12""], [""0.0027414"", ""34815.92""], [""0.0027415"", ""5287.44""], [""0.0027437"", ""5287.44""], [""0.0027440"", ""437.32""], [""0.0027443"", ""5287.44""], [""0.0027452"", ""5287.44""]]"
2026-08-26T07:10:01.531714Z,1787728201531,SUSDT,0.02800,2868.70,0.02801,26989.00,327897.5,244674.22,1787728204550,"[[""0.02800"", ""2868.70""], [""0.02799"", ""2868.70""], [""0.02798"", ""3850.90""], [""0.02797"", ""3051.00""], [""0.02796"", ""28823.85""], [""0.02795"", ""3356.32""], [""0.02794"", ""10645.25""], [""0.02792"", ""39922.63""], [""0.02791"", ""2144.39""], [""0.02790"", ""79612.61""], [""0.02789"", ""22886.28""], [""0.02788"", ""50864.38""], [""0.02787"", ""1525.40""], [""0.02786"", ""13660.35""], [""0.02785"", ""4202.15""], [""0.02784"", ""2340.21""], [""0.02783"", ""7537.00""], [""0.02782"", ""15293.50""], [""0.02781"", ""8331.73""], [""0.02780"", ""24112.15""]]","[[""0.02801"", ""26989.00""], [""0.02802"", ""5885.30""], [""0.02803"", ""5538.30""], [""0.02804"", ""13560.36""], [""0.02805"", ""11976.47""], [""0.02806"", ""3355.77""], [""0.02807"", ""15181.21""], [""0.02809"", ""22099.55""], [""0.02811"", ""29375.06""], [""0.02812"", ""4194.20""], [""0.02813"", ""57207.12""], [""0.02814"", ""6741.50""], [""0.02815"", ""6763.50""], [""0.02816"", ""10435.10""], [""0.02817"", ""2225.05""], [""0.02818"", ""8700.03""], [""0.02819"", ""6864.94""], [""0.02820"", ""5398.30""], [""0.02821"", ""766.30""], [""0.02823"", ""1417.16""]]"
2026-08-26T08:10:01.827843Z,1787731801827,PIPPINUSDT,0.018790,527.94,0.018894,20002.75,155097.25,176193.51,1787731801948,"[[""0.018790"", ""527.94""], [""0.018789"", ""2590.08""], [""0.018788"", ""35052.05""], [""0.018787"", ""27776.26""], [""0.018785"", ""27630.01""], [""0.018783"", ""18450.12""], [""0.018734"", ""187.19""], [""0.018715"", ""1192.16""], [""0.018714"", ""1233.95""], [""0.018712"", ""1440.64""], [""0.018707"", ""1322.05""], [""0.018697"", ""2642.19""], [""0.018691"", ""1354.96""], [""0.018688"", ""3889.92""], [""0.018687"", ""1251.91""], [""0.018654"", ""195.32""], [""0.018600"", ""13712.17""], [""0.018554"", ""168.91""], [""0.018540"", ""126.84""], [""0.018500"", ""14352.58""]]","[[""0.018894"", ""20002.75""], [""0.018895"", ""7113.27""], [""0.018897"", ""8462.46""], [""0.018900"", ""185.60""], [""0.018908"", ""3541.00""], [""0.018937"", ""11617.46""], [""0.018967"", ""56.66""], [""0.018968"", ""55300.28""], [""0.018971"", ""27639.89""], [""0.018990"", ""17952.08""], [""0.018991"", ""4160.00""], [""0.018998"", ""3142.00""], [""0.019004"", ""1502.04""], [""0.019009"", ""1228.46""], [""0.019038"", ""165.00""], [""0.019044"", ""5250.00""], [""0.019045"", ""2533.50""], [""0.019050"", ""3357.00""], [""0.019054"", ""1411.06""], [""0.019067"", ""1573.00""]]"
2026-08-26T08:10:01.827843Z,1787731801827,NILUSDT,0.04407,1979.20,0.04427,716.15,66728.34,73350.79,1787731802613,"[[""0.04407"", ""1979.20""], [""0.04406"", ""628.00""], [""0.04405"", ""410.46""], [""0.04404"", ""2500.00""], [""0.04403"", ""6075.00""], [""0.04401"", ""4471.86""], [""0.04400"", ""4326.00""], [""0.04397"", ""229.73""], [""0.04396"", ""21150.00""], [""0.04393"", ""611.93""], [""0.04392"", ""2384.40""], [""0.04391"", ""4377.50""], [""0.04389"", ""29.93""], [""0.04388"", ""593.96""], [""0.04387"", ""103.95""], [""0.04386"", ""103.95""], [""0.04385"", ""16409.93""], [""0.04384"", ""32.33""], [""0.04383"", ""278.10""], [""0.04382"", ""32.11""]]","[[""0.04427"", ""716.15""], [""0.04428"", ""3038.00""], [""0.04433"", ""2163.00""], [""0.04436"", ""10575.00""], [""0.04438"", ""8004.00""], [""0.04442"", ""586.53""], [""0.04445"", ""345.33""], [""0.04446"", ""103.95""], [""0.04447"", ""598.29""], [""0.04448"", ""29276.98""], [""0.04449"", ""526.77""], [""0.04450"", ""26.97""], [""0.04451"", ""4256.16""], [""0.04452"", ""28.46""], [""0.04456"", ""507.86""], [""0.04465"", ""2163.00""], [""0.04475"", ""1604.49""], [""0.04477"", ""1675.16""], [""0.04479"", ""1954.35""], [""0.04481"", ""5200.34""]]"
2026-08-26T08:10:01.827843Z,1787731801827,MINAUSDT,0.06249,17643.80,0.06261,479.26,1100315.58,468911.47000000003,1787731803153,"[[""0.06249"", ""17643.80""], [""0.06240"", ""36864.52""], [""0.06227"", ""47604.80""], [""0.06218"", ""80547.39""], [""0.06212"", ""179.34""], [""0.06211"", ""343.76""], [""0.06209"", ""529589.14""], [""0.06200"", ""41769.31""], [""0.06187"", ""1783.37""], [""0.06186"", ""41769.31""], [""0.06168"", ""115558.96""], [""0.06147"", ""100284.03""], [""0.06146"", ""22.76""], [""0.06137"", ""19.96""], [""0.06129"", ""48618.24""], [""0.06128"", ""2784.11""], [""0.06115"", ""11540.97""], [""0.06106"", ""4519.08""], [""0.06097"", ""4935.78""], [""0.06088"", ""13936.95""]]","[[""0.06261"", ""479.26""], [""0.06262"", ""8027.10""], [""0.06272"", ""1544.44""], [""0.06273"", ""10438.60""], [""0.06280"", ""26119.61""], [""0.06291"", ""19005.90""], [""0.06302"", ""27523.98""], [""0.06313"", ""65427.67""], [""0.06320"", ""7602.98""], [""0.06342"", ""70672.25""], [""0.06360"", ""84966.42""], [""0.06362"", ""2503.44""], [""0.06373"", ""18.83""], [""0.06382"", ""134642.42""], [""0.06384"", ""18.80""], [""0.06395"", ""3024.09""], [""0.06402"", ""19.77""], [""0.06413"", ""21.24""], [""0.06442"", ""2430.00""], [""0.06453"", ""4424.67""]]"
2026-08-26T08:10:01.827843Z,1787731801827,SFPUSDT,0.2643,608.00,0.2645,100.00,12322.72,7052.0,1787731803214,"[[""0.2643"", ""608.00""], [""0.2642"", ""1525.00""], [""0.2641"", ""1429.19""], [""0.2640"", ""1825.00""], [""0.2639"", ""1122.00""], [""0.2638"", ""68.09""], [""0.2637"", ""1498.30""], [""0.2635"", ""3040.40""], [""0.2633"", ""975.70""], [""0.2632"", ""16.00""], [""0.2631"", ""82.00""], [""0.2630"", ""16.00""], [""0.2629"", ""16.00""], [""0.2628"", ""16.00""], [""0.2627"", ""16.00""], [""0.2626"", ""16.00""], [""0.2625"", ""16.00""], [""0.2624"", ""16.00""], [""0.2623"", ""16.00""], [""0.2609"", ""5.04""]]","[[""0.2645"", ""100.00""], [""0.2646"", ""100.00""], [""0.2647"", ""1325.00""], [""0.2648"", ""20.00""], [""0.2649"", ""1240.80""], [""0.2650"", ""1140.80""], [""0.2651"", ""157.89""], [""0.2653"", ""531.30""], [""0.2655"", ""969.10""], [""0.2656"", ""322.73""], [""0.2657"", ""408.36""], [""0.2658"", ""16.00""], [""0.2659"", ""394.64""], [""0.2660"", ""16.00""], [""0.2661"", ""16.00""], [""0.2662"", ""16.00""], [""0.2663"", ""115.20""], [""0.2664"", ""5.29""], [""0.2671"", ""5.32""], [""0.2678"", ""151.57""]]"
2026-08-26T08:10:01.827843Z,1787731801827,XYOUSDT,0.00318,1729.55,0.00321,95208.61,1567721.75,1829932.43,1787731804767,"[[""0.00318"", ""1729.55""], [""0.00317"", ""142284.30""], [""0.00316"", ""262702.19""], [""0.00315"", ""371839.45""], [""0.00314"", ""169780.05""], [""0.00313"", ""158164.19""], [""0.00311"", ""412978.04""], [""0.00309"", ""6288.86""], [""0.00307"", ""3750.22""], [""0.00306"", ""2675.62""], [""0.00305"", ""3753.81""], [""0.00303"", ""3960.89""], [""0.00301"", ""3957.23""], [""0.00300"", ""3957.85""], [""0.00299"", ""3971.01""], [""0.00297"", ""3985.87""], [""0.00294"", ""2978.34""], [""0.00292"", ""2984.18""], [""0.00290"", ""2990.05""], [""0.00288"", ""2990.05""]]","[[""0.00321"", ""95208.61""], [""0.00322"", ""189635.55""], [""0.00323"", ""274601.08""], [""0.00324"", ""162528.00""], [""0.00325"", ""7077.25""], [""0.00326"", ""47881.27""], [""0.00327"", ""8872.76""], [""0.00329"", ""2432.90""], [""0.00345"", ""53170.88""], [""0.00420"", ""297950.46""], [""0.00481"", ""56157.86""], [""0.00577"", ""376411.05""], [""0.00715"", ""16091.36""], [""0.00800"", ""4996.33""], [""0.00900"", ""17433.75""], [""0.01190"", ""84.04""], [""0.01200"", ""3783.13""], [""0.01300"", ""49740.34""], [""0.01400"", ""91190.59""], [""0.01500"", ""74685.22""]]"
2026-08-26T08:10:01.827843Z,1787731801827,GOATUSDT,0.01604,34891.77,0.01608,2977.16,150136.0,230167.81,1787731805568,"[[""0.01604"", ""34891.77""], [""0.01603"", ""2911.07""], [""0.01602"", ""74.91""], [""0.01601"", ""4685.33""], [""0.01600"", ""17133.36""], [""0.01599"", ""75.05""], [""0.01598"", ""15509.70""], [""0.01596"", ""662.44""], [""0.01595"", ""1746.64""], [""0.01594"", ""155.29""], [""0.01593"", ""4145.46""], [""0.01592"", ""8639.96""], [""0.01591"", ""25466.09""], [""0.01590"", ""13111.10""], [""0.01589"", ""4251.97""], [""0.01588"", ""9869.85""], [""0.01587"", ""4027.59""], [""0.01586"", ""1502.41""], [""0.01585"", ""594.57""], [""0.01584"", ""681.44""]]","[[""0.01608"", ""2977.16""], [""0.01609"", ""81.01""], [""0.01610"", ""75.11""], [""0.01611"", ""44556.79""], [""0.01612"", ""3165.05""], [""0.01613"", ""27892.41""], [""0.01614"", ""22884.78""], [""0.01615"", ""12000.11""], [""0.01616"", ""14762.56""], [""0.01617"", ""30583.95""], [""0.01618"", ""4867.04""], [""0.01619"", ""19223.84""], [""0.01620"", ""5229.26""], [""0.01621"", ""7341.47""], [""0.01622"", ""7341.47""], [""0.01623"", ""73.94""], [""0.01624"", ""7348.79""], [""0.01625"", ""12333.73""], [""0.01626"", ""87.87""], [""0.01627"", ""7341.47""]]"
2026-08-26T08:10:01.827843Z,1787731801827,XPRUSDT,0.0027264,13160.07,0.0027371,8279.97,419787.67,541804.11,1787731806568,"[[""0.0027264"", ""13160.07""], [""0.0027256"", ""5287.44""], [""0.0027254"", ""44523.52""], [""0.0027253"", ""5287.44""], [""0.0027250"", ""5287.44""], [""0.0027222"", ""385.59""], [""0.0027204"", ""6081.44""], [""0.0027201"", ""2588.48""], [""0.0027192"", ""1095.19""], [""0.0027159"", ""89221.64""], [""0.0027158"", ""136260.03""], [""0.0027156"", ""8703.84""], [""0.0027152"", ""5287.44""], [""0.0027151"", ""38604.64""], [""0.0027146"", ""5287.44""], [""0.0027145"", ""682.72""], [""0.0027138"", ""7432.71""], [""0.0027129"", ""9971.88""], [""0.0027120"", ""29351.28""], [""0.0027119"", ""5287.44""]]","[[""0.0027371"", ""8279.97""], [""0.0027372"", ""262161.11""], [""0.0027391"", ""81231.06""], [""0.0027403"", ""5287.44""], [""0.0027405"", ""5287.44""], [""0.0027406"", ""5287.44""], [""0.0027409"", ""468.24""], [""0.0027420"", ""6345.12""], [""0.0027421"", ""52729.63""], [""0.0027428"", ""59553.47""], [""0.0027465"", ""22139.53""], [""0.0027466"", ""5287.44""], [""0.0027467"", ""436.89""], [""0.0027469"", ""5287.44""], [""0.0027513"", ""436.16""], [""0.0027517"", ""5287.44""], [""0.0027523"", ""5287.44""], [""0.0027525"", ""435.97""], [""0.0027526"", ""5287.44""], [""0.0027544"", ""5287.44""]]"
2026-08-26T08:10:01.827843Z,1787731801827,SUSDT,0.02825,3368.70,0.02826,3168.70,220352.98,237001.23,1787731807251,"[[""0.02825"", ""3368.70""], [""0.02824"", ""5305.00""], [""0.02823"", ""16224.30""], [""0.02822"", ""9193.69""], [""0.02821"", ""3368.70""], [""0.02820"", ""13557.61""], [""0.02819"", ""21046.41""], [""0.02817"", ""19948.17""], [""0.02815"", ""35286.90""], [""0.02814"", ""2174.90""], [""0.02813"", ""33484.41""], [""0.02812"", ""1524.95""], [""0.02811"", ""9899.30""], [""0.02810"", ""1975.05""], [""0.02809"", ""3651.96""], [""0.02808"", ""7386.34""], [""0.02807"", ""14273.45""], [""0.02806"", ""16210.60""], [""0.02805"", ""1524.85""], [""0.02798"", ""947.69""]]","[[""0.02826"", ""3168.70""], [""0.02827"", ""3668.70""], [""0.02828"", ""6237.30""], [""0.02829"", ""9194.79""], [""0.02830"", ""12487.42""], [""0.02831"", ""12487.42""], [""0.02832"", ""7643.90""], [""0.02834"", ""24699.62""], [""0.02836"", ""25269.31""], [""0.02837"", ""8442.21""], [""0.02838"", ""57511.00""], [""0.02839"", ""3183.19""], [""0.02840"", ""18587.73""], [""0.02841"", ""2069.65""], [""0.02842"", ""16183.24""], [""0.02843"", ""7000.05""], [""0.02844"", ""9304.83""], [""0.02845"", ""5403.90""], [""0.02846"", ""2881.86""], [""0.02861"", ""1576.41""]]"
2026-08-26T09:10:01.541207Z,1787735401541,PIPPINUSDT,0.018654,195.32,0.018709,1508.87,154760.41,181557.26,1787735401949,"[[""0.018654"", ""195.32""], [""0.018632"", ""3451.15""], [""0.018631"", ""6524.84""], [""0.018612"", ""9317.35""], [""0.018611"", ""27943.20""], [""0.018610"", ""27947.69""], [""0.018607"", ""27956.67""], [""0.018600"", ""13712.17""], [""0.018581"", ""1177.64""], [""0.018580"", ""1400.91""], [""0.018576"", ""1233.95""], [""0.018574"", ""1535.19""], [""0.018572"", ""1440.64""], [""0.018571"", ""3936.18""], [""0.018570"", ""10774.89""], [""0.018554"", ""171.07""], [""0.018500"", ""14352.58""], [""0.018468"", ""184.94""], [""0.018413"", ""1334.25""], [""0.018380"", ""169.78""]]","[[""0.018709"", ""1508.87""], [""0.018712"", ""31933.50""], [""0.018713"", ""4231.22""], [""0.018717"", ""5342.73""], [""0.018725"", ""18635.79""], [""0.018756"", ""4160.00""], [""0.018757"", ""3150.00""], [""0.018760"", ""2579.37""], [""0.018762"", ""1411.06""], [""0.018763"", ""55815.44""], [""0.018765"", ""27904.74""], [""0.018768"", ""2092.89""], [""0.018790"", ""202.52""], [""0.018824"", ""3710.00""], [""0.018825"", ""1270.16""], [""0.018871"", ""8752.08""], [""0.018872"", ""2753.57""], [""0.018879"", ""5766.80""], [""0.018882"", ""150.92""], [""0.018900"", ""185.60""]]"
2026-08-26T09:10:01.541207Z,1787735401541,NILUSDT,0.04376,187.17,0.04385,228.60,51450.47,111561.0,1787735402213,"[[""0.04376"", ""187.17""], [""0.04372"", ""1266.09""], [""0.04366"", ""764.54""], [""0.04365"", ""2500.00""], [""0.04364"", ""6075.00""], [""0.04362"", ""228.14""], [""0.04361"", ""4326.00""], [""0.04356"", ""2500.00""], [""0.04355"", ""628.00""], [""0.04354"", ""7599.00""], [""0.04352"", ""24394.50""], [""0.04349"", ""105.12""], [""0.04348"", ""27.60""], [""0.04347"", ""27.61""], [""0.04346"", ""31.74""], [""0.04345"", ""105.21""], [""0.04344"", ""519.81""], [""0.04343"", ""32.18""], [""0.04342"", ""27.64""], [""0.04341"", ""105.12""]]","[[""0.04385"", ""228.60""], [""0.04386"", ""3038.00""], [""0.04390"", ""814.84""], [""0.04391"", ""2791.00""], [""0.04392"", ""10575.00""], [""0.04393"", ""8426.00""], [""0.04400"", ""10535.16""], [""0.04401"", ""14805.06""], [""0.04402"", ""338.04""], [""0.04403"", ""105.03""], [""0.04404"", ""3858.93""], [""0.04405"", ""8489.79""], [""0.04406"", ""27.24""], [""0.04407"", ""6214.50""], [""0.04408"", ""32.62""], [""0.04409"", ""2024.82""], [""0.04412"", ""33198.00""], [""0.04420"", ""987.00""], [""0.04432"", ""2340.63""], [""0.04434"", ""2730.74""]]"
2026-08-26T09:10:01.541207Z,1787735401541,MINAUSDT,0.06258,3185.80,0.06273,11899.00,1119373.42,447006.10000000003,1787735391753,"[[""0.06258"", ""3185.80""], [""0.06249"", ""28245.40""], [""0.06241"", ""8764.10""], [""0.06240"", ""45658.40""], [""0.06229"", ""485.00""], [""0.06228"", ""2076.25""], [""0.06227"", ""127618.26""], [""0.06219"", ""560.96""], [""0.06218"", ""273881.08""], [""0.06209"", ""288548.04""], [""0.06200"", ""31386.74""], [""0.06187"", ""1783.37""], [""0.06178"", ""99121.66""], [""0.06160"", ""58208.70""], [""0.06155"", ""10177.10""], [""0.06146"", ""17236.17""], [""0.06137"", ""101460.63""], [""0.06128"", ""4562.28""], [""0.06115"", ""13908.42""], [""0.06106"", ""2505.06""]]","[[""0.06273"", ""11899.00""], [""0.06280"", ""15881.50""], [""0.06291"", ""18831.30""], [""0.06302"", ""39717.26""], [""0.06313"", ""60806.35""], [""0.06320"", ""36880.25""], [""0.06331"", ""7462.51""], [""0.06353"", ""87310.63""], [""0.06371"", ""79235.20""], [""0.06373"", ""18.83""], [""0.06384"", ""18.80""], [""0.06393"", ""75659.21""], [""0.06395"", ""2503.26""], [""0.06402"", ""18.95""], [""0.06413"", ""20.11""], [""0.06424"", ""2502.81""], [""0.06435"", ""2502.63""], [""0.06442"", ""2502.63""], [""0.06453"", ""3147.48""], [""0.06475"", ""87.39""]]"
2026-08-26T09:10:01.541207Z,1787735401541,SFPUSDT,0.2662,28.00,0.2664,78.00,11815.14,8020.53,1787735395513,"[[""0.2662"", ""28.00""], [""0.2661"", ""135.00""], [""0.2660"", ""120.00""], [""0.2659"", ""1562.00""], [""0.2658"", ""1122.00""], [""0.2657"", ""1703.14""], [""0.2656"", ""519.20""], [""0.2655"", ""47.41""], [""0.2654"", ""524.70""], [""0.2652"", ""66.00""], [""0.2651"", ""16.00""], [""0.2650"", ""4244.40""], [""0.2649"", ""80.80""], [""0.2648"", ""677.60""], [""0.2647"", ""16.00""], [""0.2646"", ""116.00""], [""0.2645"", ""16.00""], [""0.2644"", ""16.00""], [""0.2643"", ""16.00""], [""0.2642"", ""788.89""]]","[[""0.2664"", ""78.00""], [""0.2665"", ""140.00""], [""0.2666"", ""120.00""], [""0.2667"", ""381.70""], [""0.2668"", ""68.63""], [""0.2669"", ""1122.00""], [""0.2670"", ""1022.00""], [""0.2672"", ""529.10""], [""0.2674"", ""1391.50""], [""0.2675"", ""311.22""], [""0.2676"", ""2516.38""], [""0.2677"", ""16.00""], [""0.2678"", ""156.79""], [""0.2679"", ""4.48""], [""0.2680"", ""16.00""], [""0.2681"", ""16.00""], [""0.2682"", ""16.00""], [""0.2685"", ""4.47""], [""0.2686"", ""4.47""], [""0.2700"", ""105.79""]]"
2026-08-26T09:10:01.541207Z,1787735401541,XYOUSDT,0.00318,1729.55,0.00321,89432.61,1607895.74,1829471.74,1787735397867,"[[""0.00318"", ""1729.55""], [""0.00317"", ""142284.30""], [""0.00316"", ""196134.01""], [""0.00315"", ""390278.45""], [""0.00314"", ""257342.54""], [""0.00313"", ""105817.00""], [""0.00311"", ""456705.76""], [""0.00310"", ""11926.67""], [""0.00309"", ""3707.74""], [""0.00307"", ""3750.22""], [""0.00305"", ""6429.43""], [""0.00303"", ""3960.89""], [""0.00301"", ""3957.23""], [""0.00299"", ""3971.01""], [""0.00298"", ""3972.45""], [""0.00297"", ""3985.87""], [""0.00294"", ""2978.34""], [""0.00292"", ""2984.18""], [""0.00290"", ""2990.05""], [""0.00288"", ""2990.05""]]","[[""0.00321"", ""89432.61""], [""0.00322"", ""259166.91""], [""0.00323"", ""255660.08""], [""0.00324"", ""74748.00""], [""0.00326"", ""54951.91""], [""0.00327"", ""8875.51""], [""0.00329"", ""2435.17""], [""0.00345"", ""53170.88""], [""0.00420"", ""297950.46""], [""0.00481"", ""56157.86""], [""0.00577"", ""376411.05""], [""0.00715"", ""16091.36""], [""0.00800"", ""4996.33""], [""0.00900"", ""17433.75""], [""0.01190"", ""84.04""], [""0.01200"", ""3783.13""], [""0.01300"", ""49740.34""], [""0.01400"", ""91190.59""], [""0.01500"", ""74685.22""], [""0.01600"", ""42506.54""]]"
2026-08-26T09:10:01.541207Z,1787735401541,GOATUSDT,0.01598,978.75,0.01602,3658.74,270311.6,228082.87,1787735404968,"[[""0.01598"", ""978.75""], [""0.01597"", ""33648.65""], [""0.01596"", ""25867.96""], [""0.01595"", ""13459.36""], [""0.01594"", ""15677.05""], [""0.01593"", ""17886.43""], [""0.01592"", ""1683.38""], [""0.01591"", ""6000.88""], [""0.01590"", ""52851.31""], [""0.01589"", ""75.52""], [""0.01588"", ""8684.73""], [""0.01587"", ""6145.63""], [""0.01586"", ""15701.13""], [""0.01585"", ""1398.83""], [""0.01584"", ""3961.53""], [""0.01583"", ""24817.79""], [""0.01582"", ""13596.63""], [""0.01581"", ""21057.64""], [""0.01580"", ""587.25""], [""0.01579"", ""6231.15""]]","[[""0.01602"", ""3658.74""], [""0.01603"", ""74.86""], [""0.01604"", ""12732.46""], [""0.01605"", ""74.77""], [""0.01606"", ""15720.34""], [""0.01607"", ""29803.19""], [""0.01608"", ""17043.05""], [""0.01609"", ""15539.71""], [""0.01610"", ""18822.21""], [""0.01611"", ""6248.49""], [""0.01612"", ""21310.67""], [""0.01613"", ""3564.96""], [""0.01614"", ""17625.82""], [""0.01615"", ""24182.76""], [""0.01616"", ""7341.47""], [""0.01617"", ""3272.36""], [""0.01618"", ""15292.99""], [""0.01619"", ""3368.13""], [""0.01620"", ""12331.86""], [""0.01621"", ""74.03""]]"
2026-08-26T09:10:01.541207Z,1787735401541,XPRUSDT,0.0027116,4410.51,0.0027246,11524.00,461187.15,181133.28,1787735406568,"[[""0.0027116"", ""4410.51""], [""0.0027115"", ""11063.98""], [""0.0027100"", ""5287.44""], [""0.0027098"", ""46740.96""], [""0.0027097"", ""1313.03""], [""0.0027062"", ""5287.44""], [""0.0027057"", ""77674.50""], [""0.0027056"", ""144540.00""], [""0.0027053"", ""7624.40""], [""0.0027048"", ""11445.59""], [""0.0027043"", ""19562.48""], [""0.0027041"", ""7993.25""], [""0.0027038"", ""5287.44""], [""0.0027037"", ""2537.68""], [""0.0027035"", ""65626.85""], [""0.0027034"", ""9124.76""], [""0.0027031"", ""20622.29""], [""0.0027029"", ""8172.79""], [""0.0027011"", ""5287.44""], [""0.0027008"", ""1584.32""]]","[[""0.0027246"", ""11524.00""], [""0.0027255"", ""440.29""], [""0.0027259"", ""5287.44""], [""0.0027260"", ""440.21""], [""0.0027263"", ""13213.01""], [""0.0027265"", ""5287.44""], [""0.0027268"", ""5287.44""], [""0.0027271"", ""5287.44""], [""0.0027280"", ""5287.44""], [""0.0027283"", ""10964.54""], [""0.0027285"", ""463.46""], [""0.0027286"", ""5287.44""], [""0.0027289"", ""5287.44""], [""0.0027292"", ""5287.44""], [""0.0027296"", ""87009.08""], [""0.0027334"", ""6345.12""], [""0.0027336"", ""5287.44""], [""0.0027338"", ""438.95""], [""0.0027339"", ""2268.74""], [""0.0027340"", ""438.92""]]"
2026-08-26T09:10:01.541207Z,1787735401541,SUSDT,0.02807,2868.70,0.02808,7985.70,301583.33,284115.23,1787735406450,"[[""0.02807"", ""2868.70""], [""0.02806"", ""2868.70""], [""0.02805"", ""3550.50""], [""0.02804"", ""3049.90""], [""0.02803"", ""13409.99""], [""0.02802"", ""9292.35""], [""0.02801"", ""7925.31""], [""0.02799"", ""67190.09""], [""0.02797"", ""37412.54""], [""0.02796"", ""10135.48""], [""0.02795"", ""3025.20""], [""0.02794"", ""7575.24""], [""0.02793"", ""1525.25""], [""0.02792"", ""11066.80""], [""0.02791"", ""25189.91""], [""0.02790"", ""16474.35""], [""0.02789"", ""2443.55""], [""0.02788"", ""36455.49""], [""0.02787"", ""38218.45""], [""0.02786"", ""1905.53""]]","[[""0.02808"", ""7985.70""], [""0.02809"", ""32691.60""], [""0.02810"", ""4065.80""], [""0.02811"", ""12529.33""], [""0.02812"", ""12529.33""], [""0.02813"", ""31207.88""], [""0.02814"", ""6655.22""], [""0.02816"", ""19172.78""], [""0.02818"", ""51666.56""], [""0.02819"", ""3961.00""], [""0.02820"", ""37728.96""], [""0.02821"", ""3156.35""], [""0.02822"", ""5631.82""], [""0.02823"", ""1524.85""], [""0.02824"", ""31788.15""], [""0.02825"", ""1524.75""], [""0.02826"", ""3510.95""], [""0.02827"", ""6704.15""], [""0.02828"", ""7941.77""], [""0.02830"", ""2138.28""]]"
2026-08-26T10:10:01.669309Z,1787739001669,PIPPINUSDT,0.018402,2358.10,0.018457,14764.04,223784.06,160650.66,1787739001949,"[[""0.018402"", ""2358.10""], [""0.018401"", ""1507.55""], [""0.018373"", ""2358.10""], [""0.018372"", ""78840.00""], [""0.018354"", ""9449.16""], [""0.018353"", ""9450.44""], [""0.018351"", ""56642.16""], [""0.018348"", ""516.42""], [""0.018347"", ""28493.81""], [""0.018334"", ""9448.31""], [""0.018333"", ""9448.31""], [""0.018293"", ""1134.72""], [""0.018260"", ""8214.67""], [""0.018256"", ""170.57""], [""0.018224"", ""120.00""], [""0.018223"", ""1334.25""], [""0.018219"", ""1467.40""], [""0.018213"", ""1418.89""], [""0.018212"", ""195.27""], [""0.018203"", ""1215.93""]]","[[""0.018457"", ""14764.04""], [""0.018476"", ""142.86""], [""0.018515"", ""9200.00""], [""0.018516"", ""6104.36""], [""0.018517"", ""543.00""], [""0.018518"", ""4160.00""], [""0.018521"", ""18831.00""], [""0.018528"", ""3770.00""], [""0.018529"", ""28228.80""], [""0.018530"", ""28228.80""], [""0.018542"", ""28228.80""], [""0.018546"", ""3142.00""], [""0.018553"", ""1791.91""], [""0.018567"", ""5380.00""], [""0.018568"", ""1182.26""], [""0.018576"", ""170.89""], [""0.018605"", ""1612.00""], [""0.018606"", ""2333.50""], [""0.018607"", ""1673.00""], [""0.018610"", ""1163.44""]]"
2026-08-26T10:10:01.669309Z,1787739001669,NILUSDT,0.04366,1890.07,0.04378,1297.30,54923.59,49156.0,1787739001714,"[[""0.04366"", ""1890.07""], [""0.04365"", ""1951.00""], [""0.04364"", ""2500.00""], [""0.04363"", ""6075.00""], [""0.04359"", ""2500.00""], [""0.04358"", ""4326.00""], [""0.04357"", ""225.34""], [""0.04356"", ""685.00""], [""0.04354"", ""830.83""], [""0.04353"", ""21150.00""], [""0.04349"", ""4326.00""], [""0.04348"", ""2188.86""], [""0.04347"", ""105.12""], [""0.04346"", ""3764.27""], [""0.04345"", ""105.30""], [""0.04344"", ""105.30""], [""0.04343"", ""30.63""], [""0.04342"", ""27.64""], [""0.04341"", ""1790.55""], [""0.04340"", ""346.68""]]","[[""0.04378"", ""1297.30""], [""0.04382"", ""70.71""], [""0.04383"", ""2500.00""], [""0.04384"", ""3038.00""], [""0.04387"", ""2500.00""], [""0.04388"", ""4326.00""], [""0.04391"", ""1109.94""], [""0.04392"", ""2500.00""], [""0.04393"", ""10575.00""], [""0.04398"", ""2163.00""], [""0.04400"", ""32.69""], [""0.04401"", ""105.03""], [""0.04402"", ""794.66""], [""0.04403"", ""105.03""], [""0.04404"", ""3459.87""], [""0.04405"", ""8639.84""], [""0.04406"", ""27.24""], [""0.04407"", ""1567.15""], [""0.04409"", ""4170.66""], [""0.04411"", ""173.88""]]"
2026-08-26T10:10:01.669309Z,1787739001669,MINAUSDT,0.06179,2244.21,0.06193,2700.00,1032916.21,436146.69,1787739000553,"[[""0.06179"", ""2244.21""], [""0.06178"", ""21457.60""], [""0.06169"", ""493.79""], [""0.06168"", ""34319.20""], [""0.06160"", ""47584.10""], [""0.06149"", ""179.34""], [""0.06148"", ""2103.26""], [""0.06147"", ""70936.03""], [""0.06137"", ""527855.02""], [""0.06129"", ""44987.14""], [""0.06120"", ""26879.82""], [""0.06098"", ""57937.33""], [""0.06080"", ""96596.50""], [""0.06075"", ""14654.34""], [""0.06066"", ""27190.83""], [""0.06058"", ""24455.64""], [""0.06057"", ""12800.16""], [""0.06048"", ""3024.99""], [""0.06035"", ""4184.01""], [""0.06026"", ""13032.90""]]","[[""0.06193"", ""2700.00""], [""0.06199"", ""441.07""], [""0.06200"", ""28430.85""], [""0.06211"", ""32744.80""], [""0.06222"", ""32744.80""], [""0.06233"", ""24427.59""], [""0.06240"", ""50614.85""], [""0.06251"", ""23640.65""], [""0.06273"", ""83604.95""], [""0.06291"", ""48927.34""], [""0.06293"", ""19.07""], [""0.06304"", ""6282.27""], [""0.06313"", ""83812.19""], [""0.06315"", ""19.67""], [""0.06322"", ""2502.90""], [""0.06333"", ""7354.98""], [""0.06344"", ""2852.82""], [""0.06355"", ""2503.62""], [""0.06362"", ""2503.44""], [""0.06373"", ""18.83""]]"
2026-08-26T10:10:01.669309Z,1787739001669,SFPUSDT,0.2625,390.00,0.2628,130.00,14298.57,8555.58,1787739004113,"[[""0.2625"", ""390.00""], [""0.2624"", ""42.00""], [""0.2623"", ""1498.00""], [""0.2622"", ""22.00""], [""0.2621"", ""1537.80""], [""0.2620"", ""2097.80""], [""0.2619"", ""68.36""], [""0.2617"", ""815.10""], [""0.2615"", ""3086.60""], [""0.2614"", ""16.00""], [""0.2613"", ""2218.17""], [""0.2612"", ""680.00""], [""0.2611"", ""16.00""], [""0.2610"", ""267.88""], [""0.2609"", ""16.00""], [""0.2608"", ""138.40""], [""0.2606"", ""875.20""], [""0.2602"", ""504.00""], [""0.2600"", ""4.62""], [""0.2587"", ""4.64""]]","[[""0.2628"", ""130.00""], [""0.2629"", ""120.00""], [""0.2630"", ""789.00""], [""0.2631"", ""22.00""], [""0.2632"", ""1169.33""], [""0.2633"", ""1867.90""], [""0.2634"", ""22.00""], [""0.2636"", ""518.10""], [""0.2638"", ""1014.20""], [""0.2639"", ""322.73""], [""0.2640"", ""2132.40""], [""0.2641"", ""200.88""], [""0.2642"", ""16.00""], [""0.2643"", ""16.00""], [""0.2644"", ""16.00""], [""0.2645"", ""106.32""], [""0.2646"", ""4.54""], [""0.2647"", ""16.00""], [""0.2648"", ""16.00""], [""0.2662"", ""56.18""]]"
2026-08-26T10:10:01.669309Z,1787739001669,XYOUSDT,0.00320,937.50,0.00322,15604.61,1603854.88,1766761.07,1787739004367,"[[""0.00320"", ""937.50""], [""0.00319"", ""1724.13""], [""0.00318"", ""310334.85""], [""0.00317"", ""266011.48""], [""0.00316"", ""314295.75""], [""0.00315"", ""100361.01""], [""0.00314"", ""10077.07""], [""0.00313"", ""508013.08""], [""0.00312"", ""53052.00""], [""0.00311"", ""6225.96""], [""0.00309"", ""3707.74""], [""0.00307"", ""2527.88""], [""0.00305"", ""5931.81""], [""0.00303"", ""2058.62""], [""0.00301"", ""2058.62""], [""0.00299"", ""2058.62""], [""0.00298"", ""3972.45""], [""0.00297"", ""3985.87""], [""0.00295"", ""3576.82""], [""0.00293"", ""2943.62""]]","[[""0.00322"", ""15604.61""], [""0.00323"", ""158912.57""], [""0.00324"", ""216241.59""], [""0.00325"", ""219161.21""], [""0.00326"", ""72703.00""], [""0.00327"", ""31178.44""], [""0.00328"", ""8845.31""], [""0.00331"", ""2419.33""], [""0.00345"", ""53170.88""], [""0.00420"", ""297950.46""], [""0.00481"", ""56157.86""], [""0.00577"", ""376411.05""], [""0.00715"", ""16091.36""], [""0.00800"", ""4996.33""], [""0.00900"", ""17433.75""], [""0.01190"", ""84.04""], [""0.01200"", ""3783.13""], [""0.01300"", ""49740.34""], [""0.01400"", ""91190.59""], [""0.01500"", ""74685.22""]]"
2026-08-26T10:10:01.669309Z,1787739001669,GOATUSDT,0.01577,978.75,0.01581,4599.43,314281.65,240623.83000000002,1787739001968,"[[""0.01577"", ""978.75""], [""0.01576"", ""37357.36""], [""0.01575"", ""46482.05""], [""0.01574"", ""33220.57""], [""0.01573"", ""3750.29""], [""0.01572"", ""25917.78""], [""0.01571"", ""1394.83""], [""0.01570"", ""587.25""], [""0.01569"", ""162.69""], [""0.01568"", ""30031.02""], [""0.01567"", ""12770.13""], [""0.01566"", ""4570.21""], [""0.01565"", ""19797.91""], [""0.01564"", ""6103.23""], [""0.01563"", ""18775.93""], [""0.01562"", ""26851.94""], [""0.01561"", ""8450.99""], [""0.01560"", ""27561.31""], [""0.01559"", ""587.25""], [""0.01558"", ""8930.16""]]","[[""0.01581"", ""4599.43""], [""0.01582"", ""20724.98""], [""0.01583"", ""75.81""], [""0.01584"", ""924.80""], [""0.01585"", ""29794.06""], [""0.01586"", ""17936.90""], [""0.01587"", ""84.53""], [""0.01588"", ""2759.66""], [""0.01589"", ""32170.79""], [""0.01590"", ""7341.68""], [""0.01591"", ""34689.10""], [""0.01592"", ""9577.87""], [""0.01593"", ""22449.78""], [""0.01594"", ""15091.91""], [""0.01595"", ""23196.81""], [""0.01596"", ""7236.43""], [""0.01597"", ""7790.76""], [""0.01598"", ""84.12""], [""0.01599"", ""4019.41""], [""0.01600"", ""75.00""]]"
2026-08-26T10:10:01.669309Z,1787739001669,XPRUSDT,0.0027112,6609.30,0.0027189,6609.30,455300.88,184165.61,1787739006568,"[[""0.0027112"", ""6609.30""], [""0.0027111"", ""4440.36""], [""0.0027106"", ""5287.44""], [""0.0027091"", ""6920.56""], [""0.0027090"", ""5287.44""], [""0.0027056"", ""5710.00""], [""0.0027045"", ""7650.24""], [""0.0027037"", ""2537.68""], [""0.0027034"", ""56724.74""], [""0.0027033"", ""188100.00""], [""0.0027032"", ""5287.44""], [""0.0027030"", ""24461.44""], [""0.0027029"", ""5287.44""], [""0.0027026"", ""9135.77""], [""0.0027019"", ""53790.46""], [""0.0027017"", ""9569.12""], [""0.0027012"", ""28298.06""], [""0.0027008"", ""1584.32""], [""0.0027005"", ""19790.99""], [""0.0026985"", ""8828.08""]]","[[""0.0027189"", ""6609.30""], [""0.0027190"", ""13204.94""], [""0.0027207"", ""5287.44""], [""0.0027209"", ""459.50""], [""0.0027213"", ""5287.44""], [""0.0027216"", ""5287.44""], [""0.0027219"", ""5287.44""], [""0.0027221"", ""91684.05""], [""0.0027225"", ""5287.44""], [""0.0027228"", ""5287.44""], [""0.0027231"", ""5287.44""], [""0.0027234"", ""5287.44""], [""0.0027237"", ""5287.44""], [""0.0027240"", ""16251.98""], [""0.0027243"", ""5287.44""], [""0.0027246"", ""1318.86""], [""0.0027255"", ""440.29""], [""0.0027258"", ""440.24""], [""0.0027261"", ""440.19""], [""0.0027264"", ""441.86""]]"
2026-08-26T10:10:01.669309Z,1787739001669,SUSDT,0.02750,8322.20,0.02752,2868.70,251788.41,163873.85,1787739006750,"[[""0.02750"", ""8322.20""], [""0.02749"", ""6170.00""], [""0.02748"", ""14992.78""], [""0.02747"", ""6659.62""], [""0.02746"", ""6659.07""], [""0.02745"", ""8840.89""], [""0.02744"", ""3272.73""], [""0.02743"", ""32835.00""], [""0.02741"", ""19957.99""], [""0.02739"", ""22167.98""], [""0.02738"", ""25657.57""], [""0.02737"", ""5095.21""], [""0.02736"", ""5695.60""], [""0.02735"", ""13531.00""], [""0.02734"", ""1434.35""], [""0.02733"", ""17362.85""], [""0.02732"", ""43494.43""], [""0.02731"", ""4154.20""], [""0.02730"", ""4197.67""], [""0.02729"", ""1287.27""]]","[[""0.02752"", ""2868.70""], [""0.02753"", ""9198.70""], [""0.02754"", ""185.40""], [""0.02755"", ""18823.90""], [""0.02756"", ""8051.56""], [""0.02757"", ""9729.61""], [""0.02758"", ""6659.51""], [""0.02760"", ""13318.14""], [""0.02761"", ""779.63""], [""0.02762"", ""49036.96""], [""0.02763"", ""5546.15""], [""0.02764"", ""2080.00""], [""0.02765"", ""3386.34""], [""0.02766"", ""17957.35""], [""0.02767"", ""1526.65""], [""0.02768"", ""1526.60""], [""0.02769"", ""1526.55""], [""0.02770"", ""4486.90""], [""0.02771"", ""5693.51""], [""0.02772"", ""1491.69""]]"
2026-08-26T11:10:01.455731Z,1787742601455,PIPPINUSDT,0.018666,8462.46,0.018729,84.51,277828.47000000003,141789.23,1787742601449,"[[""0.018666"", ""8462.46""], [""0.018665"", ""78840.00""], [""0.018659"", ""55793.08""], [""0.018658"", ""9296.36""], [""0.018657"", ""9296.36""], [""0.018655"", ""37204.08""], [""0.018653"", ""9299.47""], [""0.018539"", ""160.75""], [""0.018487"", ""10170.07""], [""0.018486"", ""2498.93""], [""0.018482"", ""1334.25""], [""0.018470"", ""183.07""], [""0.018465"", ""1233.95""], [""0.018438"", ""1140.13""], [""0.018400"", ""134.43""], [""0.018385"", ""1102.79""], [""0.018380"", ""1694.63""], [""0.018347"", ""172.73""], [""0.018308"", ""49093.55""], [""0.018307"", ""717.38""]]","[[""0.018729"", ""84.51""], [""0.018739"", ""182.58""], [""0.018771"", ""55782.64""], [""0.018775"", ""32051.32""], [""0.018776"", ""9295.20""], [""0.018777"", ""9295.20""], [""0.018790"", ""202.52""], [""0.018793"", ""1934.53""], [""0.018794"", ""1934.53""], [""0.018797"", ""1934.53""], [""0.018798"", ""1934.53""], [""0.018799"", ""1545.50""], [""0.018808"", ""3720.00""], [""0.018809"", ""9200.00""], [""0.018810"", ""8752.08""], [""0.018812"", ""1760.91""], [""0.018813"", ""1163.44""], [""0.018847"", ""569.54""], [""0.018877"", ""219.38""], [""0.018901"", ""226.29""]]"
2026-08-26T11:10:01.455731Z,1787742601455,NILUSDT,0.04393,64.84,0.04408,3038.00,111113.72,72849.72,1787742602213,"[[""0.04393"", ""64.84""], [""0.04391"", ""704.39""], [""0.04390"", ""2500.00""], [""0.04389"", ""4326.00""], [""0.04388"", ""2500.00""], [""0.04387"", ""6075.00""], [""0.04382"", ""225.34""], [""0.04381"", ""1318.83""], [""0.04380"", ""4326.00""], [""0.04377"", ""21150.00""], [""0.04373"", ""1137.00""], [""0.04371"", ""337.41""], [""0.04370"", ""8299.40""], [""0.04369"", ""27.47""], [""0.04368"", ""3979.12""], [""0.04367"", ""27.48""], [""0.04366"", ""27.49""], [""0.04365"", ""54028.82""], [""0.04364"", ""27.50""], [""0.04363"", ""31.63""]]","[[""0.04408"", ""3038.00""], [""0.04416"", ""3336.06""], [""0.04417"", ""4326.00""], [""0.04418"", ""10575.00""], [""0.04424"", ""685.00""], [""0.04426"", ""9968.00""], [""0.04427"", ""104.13""], [""0.04428"", ""104.13""], [""0.04429"", ""1091.13""], [""0.04430"", ""104.13""], [""0.04431"", ""104.04""], [""0.04432"", ""1492.45""], [""0.04433"", ""27.07""], [""0.04434"", ""30.11""], [""0.04435"", ""104.04""], [""0.04436"", ""337.05""], [""0.04443"", ""3948.00""], [""0.04448"", ""31413.00""], [""0.04459"", ""951.87""], [""0.04461"", ""1110.51""]]"
2026-08-26T11:10:01.455731Z,1787742601455,MINAUSDT,0.06298,3483.00,0.06313,16584.10,1426293.95,539405.52,1787742600953,"[[""0.06298"", ""3483.00""], [""0.06289"", ""29831.73""], [""0.06280"", ""26999.70""], [""0.06267"", ""92756.95""], [""0.06259"", ""2245.30""], [""0.06258"", ""291724.62""], [""0.06249"", ""597473.14""], [""0.06243"", ""675.90""], [""0.06240"", ""17256.69""], [""0.06218"", ""114415.62""], [""0.06200"", ""81867.94""], [""0.06195"", ""16598.34""], [""0.06186"", ""19219.21""], [""0.06178"", ""90394.26""], [""0.06177"", ""24666.90""], [""0.06168"", ""6666.21""], [""0.06155"", ""2504.43""], [""0.06146"", ""2504.52""], [""0.06137"", ""2504.70""], [""0.06128"", ""2504.79""]]","[[""0.06313"", ""16584.10""], [""0.06320"", ""35403.30""], [""0.06331"", ""38576.20""], [""0.06342"", ""32451.65""], [""0.06353"", ""43804.31""], [""0.06359"", ""568.43""], [""0.06360"", ""43003.18""], [""0.06371"", ""27263.83""], [""0.06393"", ""95112.82""], [""0.06411"", ""103893.57""], [""0.06413"", ""6671.32""], [""0.06424"", ""18.68""], [""0.06433"", ""79148.63""], [""0.06435"", ""18.65""], [""0.06442"", ""4183.20""], [""0.06453"", ""4054.05""], [""0.06475"", ""87.39""], [""0.06482"", ""2430.00""], [""0.06493"", ""6082.83""], [""0.06500"", ""49.38""]]"
2026-08-26T11:10:01.455731Z,1787742601455,SFPUSDT,0.2652,127.00,0.2655,369.00,13928.03,9207.9,1787742602513,"[[""0.2652"", ""127.00""], [""0.2651"", ""68.00""], [""0.2650"", ""120.00""], [""0.2649"", ""1555.40""], [""0.2648"", ""1122.00""], [""0.2647"", ""2084.60""], [""0.2646"", ""22.00""], [""0.2644"", ""571.43""], [""0.2642"", ""3908.30""], [""0.2641"", ""218.40""], [""0.2640"", ""3835.85""], [""0.2639"", ""4.55""], [""0.2638"", ""4.55""], [""0.2637"", ""16.00""], [""0.2636"", ""16.00""], [""0.2635"", ""154.40""], [""0.2634"", ""16.00""], [""0.2633"", ""4.56""], [""0.2628"", ""4.57""], [""0.2615"", ""74.42""]]","[[""0.2655"", ""369.00""], [""0.2656"", ""120.00""], [""0.2657"", ""613.00""], [""0.2658"", ""188.59""], [""0.2659"", ""1774.30""], [""0.2660"", ""1022.00""], [""0.2661"", ""500.50""], [""0.2662"", ""306.73""], [""0.2663"", ""1425.60""], [""0.2665"", ""2116.40""], [""0.2666"", ""16.00""], [""0.2667"", ""82.00""], [""0.2668"", ""16.00""], [""0.2669"", ""16.00""], [""0.2670"", ""16.00""], [""0.2671"", ""16.00""], [""0.2672"", ""16.00""], [""0.2673"", ""561.78""], [""0.2674"", ""16.00""], [""0.2675"", ""16.00""]]"
2026-08-26T11:10:01.455731Z,1787742601455,XYOUSDT,0.00325,27068.37,0.00329,11141.95,1632280.57,1697286.71,1787742600567,"[[""0.00325"", ""27068.37""], [""0.00324"", ""413376.70""], [""0.00323"", ""358466.79""], [""0.00322"", ""223167.54""], [""0.00321"", ""2606.24""], [""0.00320"", ""53052.00""], [""0.00319"", ""15262.48""], [""0.00318"", ""404776.90""], [""0.00316"", ""3089.47""], [""0.00315"", ""15791.01""], [""0.00313"", ""89694.47""], [""0.00311"", ""3653.76""], [""0.00310"", ""2618.00""], [""0.00309"", ""3707.74""], [""0.00307"", ""2527.88""], [""0.00305"", ""3272.91""], [""0.00303"", ""2058.62""], [""0.00301"", ""2058.62""], [""0.00299"", ""2058.62""], [""0.00298"", ""3972.45""]]","[[""0.00329"", ""11141.95""], [""0.00330"", ""217868.71""], [""0.00331"", ""219589.80""], [""0.00332"", ""140397.96""], [""0.00334"", ""15580.20""], [""0.00335"", ""6134.96""], [""0.00338"", ""2371.58""], [""0.00345"", ""53170.88""], [""0.00420"", ""297950.46""], [""0.00481"", ""56157.86""], [""0.00577"", ""376411.05""], [""0.00715"", ""16091.36""], [""0.00800"", ""4996.33""], [""0.00900"", ""17433.75""], [""0.01190"", ""84.04""], [""0.01200"", ""3783.13""], [""0.01300"", ""49740.34""], [""0.01400"", ""91190.59""], [""0.01500"", ""74685.22""], [""0.01600"", ""42506.54""]]"
2026-08-26T11:10:01.455731Z,1787742601455,GOATUSDT,0.01593,5579.53,0.01597,978.75,314262.67,248028.52,1787742604868,"[[""0.01593"", ""5579.53""], [""0.01592"", ""33909.02""], [""0.01591"", ""76.26""], [""0.01590"", ""3763.54""], [""0.01589"", ""24747.40""], [""0.01588"", ""27934.72""], [""0.01587"", ""87.81""], [""0.01586"", ""3442.66""], [""0.01585"", ""1497.18""], [""0.01584"", ""4169.02""], [""0.01583"", ""55211.17""], [""0.01582"", ""2834.15""], [""0.01581"", ""20614.84""], [""0.01580"", ""4773.60""], [""0.01579"", ""14078.77""], [""0.01578"", ""33987.05""], [""0.01577"", ""4311.43""], [""0.01576"", ""26798.08""], [""0.01575"", ""4577.34""], [""0.01574"", ""41869.10""]]","[[""0.01597"", ""978.75""], [""0.01598"", ""17743.51""], [""0.01599"", ""75.05""], [""0.01600"", ""29793.16""], [""0.01601"", ""85.58""], [""0.01602"", ""15465.45""], [""0.01603"", ""5846.60""], [""0.01604"", ""12367.20""], [""0.01605"", ""21921.92""], [""0.01606"", ""10323.62""], [""0.01607"", ""13810.81""], [""0.01608"", ""22463.33""], [""0.01609"", ""18479.32""], [""0.01610"", ""20003.36""], [""0.01611"", ""4558.24""], [""0.01612"", ""25168.38""], [""0.01613"", ""24182.76""], [""0.01614"", ""4099.97""], [""0.01615"", ""587.25""], [""0.01616"", ""74.26""]]"
2026-08-26T11:10:01.455731Z,1787742601455,XPRUSDT,0.0027056,5287.44,0.0027158,17644.44,389038.45,918433.32,1787742603168,"[[""0.0027056"", ""5287.44""], [""0.0027048"", ""2657.84""], [""0.0027039"", ""5287.44""], [""0.0027030"", ""15660.36""], [""0.0027013"", ""52089.97""], [""0.0027012"", ""28298.06""], [""0.0027008"", ""1584.32""], [""0.0027005"", ""22453.07""], [""0.0027000"", ""8151.22""], [""0.0026981"", ""51727.74""], [""0.0026980"", ""7503.20""], [""0.0026979"", ""5287.44""], [""0.0026978"", ""16779.88""], [""0.0026976"", ""55388.79""], [""0.0026975"", ""13620.40""], [""0.0026973"", ""22038.80""], [""0.0026972"", ""34002.72""], [""0.0026966"", ""19386.48""], [""0.0026957"", ""9061.04""], [""0.0026955"", ""12772.24""]]","[[""0.0027158"", ""17644.44""], [""0.0027159"", ""6609.30""], [""0.0027166"", ""10964.54""], [""0.0027189"", ""5287.44""], [""0.0027198"", ""98882.85""], [""0.0027210"", ""136010.03""], [""0.0027211"", ""454838.11""], [""0.0027225"", ""5287.44""], [""0.0027256"", ""5710.00""], [""0.0027257"", ""52729.63""], [""0.0027263"", ""9113.26""], [""0.0027266"", ""21253.63""], [""0.0027267"", ""59578.86""], [""0.0027272"", ""8437.08""], [""0.0027275"", ""512.58""], [""0.0027277"", ""13986.03""], [""0.0027279"", ""5287.44""], [""0.0027282"", ""508.39""], [""0.0027283"", ""504.83""], [""0.0027340"", ""5287.44""]]"
2026-08-26T11:10:01.455731Z,1787742601455,SUSDT,0.02767,2868.70,0.02768,6220.20,270307.66,194012.15,1787742606953,"[[""0.02767"", ""2868.70""], [""0.02766"", ""6053.00""], [""0.02765"", ""6553.00""], [""0.02764"", ""28750.70""], [""0.02762"", ""11572.99""], [""0.02761"", ""14388.11""], [""0.02760"", ""19840.26""], [""0.02759"", ""19840.26""], [""0.02757"", ""41136.16""], [""0.02756"", ""4245.65""], [""0.02755"", ""28044.42""], [""0.02754"", ""4009.00""], [""0.02753"", ""2670.70""], [""0.02752"", ""7897.75""], [""0.02751"", ""11283.45""], [""0.02750"", ""4250.60""], [""0.02749"", ""18633.46""], [""0.02748"", ""29484.90""], [""0.02747"", ""4587.35""], [""0.02746"", ""4197.20""]]","[[""0.02768"", ""6220.20""], [""0.02769"", ""4458.70""], [""0.02770"", ""5404.80""], [""0.02771"", ""3368.70""], [""0.02772"", ""6658.19""], [""0.02773"", ""6052.90""], [""0.02774"", ""17076.29""], [""0.02776"", ""59375.80""], [""0.02777"", ""2166.06""], [""0.02778"", ""25650.41""], [""0.02779"", ""1592.20""], [""0.02780"", ""1592.20""], [""0.02781"", ""4295.35""], [""0.02782"", ""15092.00""], [""0.02783"", ""4662.11""], [""0.02784"", ""6951.10""], [""0.02785"", ""1362.60""], [""0.02786"", ""18144.55""], [""0.02787"", ""3796.04""], [""0.02788"", ""91.95""]]"
2026-08-26T12:10:01.870553Z,1787746201870,PIPPINUSDT,0.018668,20177.22,0.018725,83.68,259635.04,160054.81,1787746201849,"[[""0.018668"", ""20177.22""], [""0.018667"", ""10517.67""], [""0.018666"", ""78840.00""], [""0.018638"", ""46510.54""], [""0.018629"", ""27920.41""], [""0.018625"", ""27920.41""], [""0.018617"", ""10170.07""], [""0.018616"", ""9303.82""], [""0.018607"", ""9303.82""], [""0.018540"", ""1407.51""], [""0.018539"", ""160.75""], [""0.018484"", ""1334.25""], [""0.018470"", ""183.07""], [""0.018463"", ""1237.83""], [""0.018453"", ""8128.75""], [""0.018400"", ""134.43""], [""0.018395"", ""2653.76""], [""0.018390"", ""1143.94""], [""0.018385"", ""1102.79""], [""0.018378"", ""1484.00""]]","[[""0.018725"", ""83.68""], [""0.018726"", ""152.82""], [""0.018740"", ""8462.46""], [""0.018741"", ""13072.94""], [""0.018745"", ""18609.21""], [""0.018768"", ""55808.73""], [""0.018771"", ""1330.00""], [""0.018772"", ""27908.47""], [""0.018790"", ""199.56""], [""0.018811"", ""1163.44""], [""0.018823"", ""1182.26""], [""0.018871"", ""8752.08""], [""0.018873"", ""1589.00""], [""0.018874"", ""2753.57""], [""0.018876"", ""1180.68""], [""0.018877"", ""219.38""], [""0.018880"", ""4683.91""], [""0.018883"", ""4388.56""], [""0.018884"", ""6849.06""], [""0.018900"", ""1665.00""]]"
2026-08-26T12:10:01.870553Z,1787746201870,NILUSDT,0.04453,2460.17,0.04471,312.44,113017.53,73283.03,1787746202713,"[[""0.04453"", ""2460.17""], [""0.04452"", ""1273.20""], [""0.04451"", ""6075.00""], [""0.04447"", ""685.00""], [""0.04446"", ""225.34""], [""0.04445"", ""2500.00""], [""0.04444"", ""4326.00""], [""0.04441"", ""710.88""], [""0.04440"", ""21150.00""], [""0.04437"", ""4799.30""], [""0.04434"", ""1123.00""], [""0.04433"", ""2295.00""], [""0.04428"", ""1313.12""], [""0.04427"", ""701.55""], [""0.04426"", ""31.00""], [""0.04425"", ""102.96""], [""0.04420"", ""27.15""], [""0.04419"", ""416.94""], [""0.04418"", ""61135.48""], [""0.04417"", ""1666.44""]]","[[""0.04471"", ""312.44""], [""0.04472"", ""2500.00""], [""0.04473"", ""3038.00""], [""0.04476"", ""2500.00""], [""0.04477"", ""4326.00""], [""0.04481"", ""11260.00""], [""0.04484"", ""2163.00""], [""0.04487"", ""102.78""], [""0.04488"", ""2602.78""], [""0.04489"", ""29.08""], [""0.04490"", ""8843.73""], [""0.04491"", ""102.78""], [""0.04492"", ""102.78""], [""0.04493"", ""276.66""], [""0.04494"", ""1015.60""], [""0.04495"", ""26.70""], [""0.04496"", ""102.78""], [""0.04506"", ""2564.92""], [""0.04507"", ""2163.00""], [""0.04509"", ""29250.00""]]"
2026-08-26T12:10:01.870553Z,1787746201870,MINAUSDT,0.06249,16425.00,0.06262,13830.20,1091163.29,540158.59,1787746202253,"[[""0.06249"", ""16425.00""], [""0.06242"", ""8079.78""], [""0.06241"", ""502.31""], [""0.06240"", ""72543.70""], [""0.06227"", ""52334.00""], [""0.06220"", ""179.34""], [""0.06219"", ""2079.25""], [""0.06218"", ""534015.57""], [""0.06209"", ""51183.88""], [""0.06200"", ""18406.30""], [""0.06186"", ""18406.30""], [""0.06168"", ""88534.38""], [""0.06147"", ""112595.34""], [""0.06146"", ""13548.24""], [""0.06137"", ""23571.90""], [""0.06129"", ""33091.52""], [""0.06128"", ""6973.38""], [""0.06115"", ""33743.10""], [""0.06088"", ""2430.00""], [""0.06075"", ""2520.00""]]","[[""0.06262"", ""13830.20""], [""0.06272"", ""85.85""], [""0.06273"", ""29078.60""], [""0.06280"", ""32725.20""], [""0.06291"", ""35683.70""], [""0.06302"", ""71183.64""], [""0.06313"", ""44007.15""], [""0.06320"", ""18420.71""], [""0.06342"", ""88474.43""], [""0.06360"", ""56171.06""], [""0.06362"", ""20.58""], [""0.06373"", ""18.83""], [""0.06382"", ""137580.08""], [""0.06384"", ""18.80""], [""0.06395"", ""4821.75""], [""0.06402"", ""20.39""], [""0.06413"", ""20.94""], [""0.06424"", ""2502.81""], [""0.06435"", ""2502.63""], [""0.06442"", ""2991.24""]]"
2026-08-26T12:10:01.870553Z,1787746201870,SFPUSDT,0.2635,388.00,0.2637,403.00,15129.6,8948.550000000001,1787746204113,"[[""0.2635"", ""388.00""], [""0.2634"", ""120.00""], [""0.2633"", ""231.00""], [""0.2632"", ""22.00""], [""0.2631"", ""1221.00""], [""0.2630"", ""22.00""], [""0.2629"", ""1811.80""], [""0.2627"", ""898.70""], [""0.2626"", ""48.90""], [""0.2625"", ""8250.00""], [""0.2624"", ""5.10""], [""0.2623"", ""1006.00""], [""0.2622"", ""32.80""], [""0.2621"", ""16.00""], [""0.2620"", ""679.20""], [""0.2619"", ""16.00""], [""0.2618"", ""116.22""], [""0.2615"", ""138.40""], [""0.2614"", ""101.36""], [""0.2612"", ""5.12""]]","[[""0.2637"", ""403.00""], [""0.2638"", ""120.00""], [""0.2639"", ""120.00""], [""0.2640"", ""1466.93""], [""0.2641"", ""1122.00""], [""0.2642"", ""1504.90""], [""0.2643"", ""22.00""], [""0.2645"", ""44.00""], [""0.2646"", ""306.73""], [""0.2647"", ""3019.50""], [""0.2648"", ""16.00""], [""0.2649"", ""613.60""], [""0.2650"", ""16.00""], [""0.2651"", ""16.00""], [""0.2652"", ""16.00""], [""0.2653"", ""16.00""], [""0.2654"", ""16.00""], [""0.2655"", ""77.89""], [""0.2656"", ""16.00""], [""0.2657"", ""16.00""]]"
2026-08-26T12:10:01.870553Z,1787746201870,XYOUSDT,0.00328,268787.25,0.00332,6646.12,1571065.7,1781931.21,1787746201867,"[[""0.00328"", ""268787.25""], [""0.00327"", ""268693.31""], [""0.00326"", ""331155.02""], [""0.00325"", ""107449.14""], [""0.00324"", ""2415.44""], [""0.00323"", ""53052.00""], [""0.00322"", ""13251.64""], [""0.00321"", ""400000.00""], [""0.00320"", ""2935.41""], [""0.00319"", ""7045.59""], [""0.00318"", ""2932.79""], [""0.00316"", ""2942.57""], [""0.00314"", ""8609.32""], [""0.00313"", ""85948.87""], [""0.00312"", ""2956.65""], [""0.00310"", ""2955.12""], [""0.00307"", ""2906.27""], [""0.00305"", ""2912.07""], [""0.00303"", ""2058.62""], [""0.00301"", ""2058.62""]]","[[""0.00332"", ""6646.12""], [""0.00333"", ""171661.18""], [""0.00334"", ""162655.13""], [""0.00335"", ""256095.74""], [""0.00336"", ""67647.00""], [""0.00338"", ""8883.78""], [""0.00339"", ""24140.71""], [""0.00354"", ""53170.88""], [""0.00420"", ""297950.46""], [""0.00481"", ""56157.86""], [""0.00577"", ""376411.05""], [""0.00715"", ""16091.36""], [""0.00800"", ""4996.33""], [""0.00900"", ""17433.75""], [""0.01190"", ""84.04""], [""0.01200"", ""3783.13""], [""0.01300"", ""49740.34""], [""0.01400"", ""91190.59""], [""0.01500"", ""74685.22""], [""0.01600"", ""42506.54""]]"
2026-08-26T12:10:01.870553Z,1787746201870,GOATUSDT,0.01572,978.75,0.01576,1669.64,237794.47,278123.24,1787746205968,"[[""0.01572"", ""978.75""], [""0.01571"", ""5978.75""], [""0.01570"", ""63930.77""], [""0.01569"", ""4689.23""], [""0.01568"", ""87.27""], [""0.01567"", ""76.58""], [""0.01566"", ""25303.99""], [""0.01565"", ""587.25""], [""0.01564"", ""7337.98""], [""0.01563"", ""15540.73""], [""0.01562"", ""180.86""], [""0.01561"", ""23777.01""], [""0.01560"", ""1528.44""], [""0.01559"", ""16420.37""], [""0.01558"", ""4031.66""], [""0.01557"", ""9923.01""], [""0.01556"", ""3620.92""], [""0.01555"", ""13324.96""], [""0.01554"", ""34961.32""], [""0.01552"", ""5514.62""]]","[[""0.01576"", ""1669.64""], [""0.01577"", ""30044.29""], [""0.01578"", ""14894.29""], [""0.01579"", ""76.00""], [""0.01580"", ""25179.73""], [""0.01581"", ""5628.14""], [""0.01582"", ""50537.33""], [""0.01583"", ""20602.64""], [""0.01584"", ""7284.27""], [""0.01585"", ""20908.80""], [""0.01586"", ""7771.63""], [""0.01587"", ""27829.39""], [""0.01588"", ""5637.43""], [""0.01589"", ""8021.41""], [""0.01590"", ""6422.64""], [""0.01591"", ""2811.42""], [""0.01592"", ""1599.83""], [""0.01593"", ""6628.35""], [""0.01594"", ""26798.08""], [""0.01595"", ""7777.93""]]"
2026-08-26T12:10:01.870553Z,1787746201870,XPRUSDT,0.0027188,484.23,0.0027191,18705.44,286670.75,885069.5499999999,1787746206468,"[[""0.0027188"", ""484.23""], [""0.0027173"", ""5287.44""], [""0.0027105"", ""77228.11""], [""0.0027093"", ""22110.56""], [""0.0027091"", ""7330.96""], [""0.0027089"", ""450.48""], [""0.0027088"", ""5287.44""], [""0.0027086"", ""26085.31""], [""0.0027054"", ""5287.44""], [""0.0027037"", ""443.84""], [""0.0027036"", ""5287.44""], [""0.0027035"", ""2537.68""], [""0.0027028"", ""467.63""], [""0.0027024"", ""5287.44""], [""0.0027009"", ""51727.74""], [""0.0027008"", ""30886.55""], [""0.0027007"", ""11969.32""], [""0.0027003"", ""8279.27""], [""0.0026995"", ""10390.99""], [""0.0026990"", ""9840.88""]]","[[""0.0027191"", ""18705.44""], [""0.0027264"", ""110871.89""], [""0.0027265"", ""591452.84""], [""0.0027273"", ""5710.00""], [""0.0027275"", ""52729.63""], [""0.0027293"", ""9113.26""], [""0.0027295"", ""8496.81""], [""0.0027297"", ""13914.68""], [""0.0027323"", ""5287.44""], [""0.0027325"", ""10421.07""], [""0.0027326"", ""5287.44""], [""0.0027329"", ""455.22""], [""0.0027350"", ""5287.44""], [""0.0027351"", ""20032.95""], [""0.0027353"", ""5287.44""], [""0.0027368"", ""6969.36""], [""0.0027406"", ""513.64""], [""0.0027408"", ""5287.44""], [""0.0027410"", ""437.80""], [""0.0027417"", ""8807.76""]]"
2026-08-26T12:10:01.870553Z,1787746201870,SUSDT,0.02767,3368.70,0.02769,500.00,303236.17,323216.07,1787746207250,"[[""0.02767"", ""3368.70""], [""0.02766"", ""4368.70""], [""0.02765"", ""15845.50""], [""0.02764"", ""8308.19""], [""0.02763"", ""25275.91""], [""0.02762"", ""15755.85""], [""0.02761"", ""15692.49""], [""0.02760"", ""3253.80""], [""0.02759"", ""58286.91""], [""0.02757"", ""31472.76""], [""0.02756"", ""5559.95""], [""0.02755"", ""6858.36""], [""0.02754"", ""20436.60""], [""0.02753"", ""4067.15""], [""0.02752"", ""28894.15""], [""0.02751"", ""14442.40""], [""0.02750"", ""22026.25""], [""0.02749"", ""4134.60""], [""0.02748"", ""13753.55""], [""0.02747"", ""1434.35""]]","[[""0.02769"", ""500.00""], [""0.02770"", ""6553.10""], [""0.02771"", ""23256.70""], [""0.02772"", ""46019.16""], [""0.02773"", ""12614.80""], [""0.02774"", ""12614.80""], [""0.02775"", ""24433.64""], [""0.02777"", ""20983.71""], [""0.02779"", ""31237.47""], [""0.02780"", ""4231.65""], [""0.02781"", ""5004.70""], [""0.02782"", ""4138.50""], [""0.02783"", ""1434.35""], [""0.02784"", ""27214.20""], [""0.02787"", ""7944.29""], [""0.02788"", ""6047.60""], [""0.02789"", ""2708.60""], [""0.02790"", ""1584.35""], [""0.02794"", ""1451.11""], [""0.02795"", ""83243.34""]]"
2026-08-26T13:10:01.960943Z,1787749801960,PIPPINUSDT,0.018750,9909.69,0.018812,15958.50,245396.59,160787.54,1787749801749,"[[""0.018750"", ""9909.69""], [""0.018749"", ""208.63""], [""0.018730"", ""78840.00""], [""0.018718"", ""12421.19""], [""0.018713"", ""184.29""], [""0.018709"", ""9270.61""], [""0.018708"", ""9272.83""], [""0.018707"", ""55623.64""], [""0.018701"", ""27811.82""], [""0.018691"", ""18545.90""], [""0.018650"", ""1473.34""], [""0.018649"", ""1240.92""], [""0.018648"", ""1981.49""], [""0.018618"", ""10889.78""], [""0.018617"", ""2374.91""], [""0.018579"", ""1280.82""], [""0.018572"", ""1622.87""], [""0.018570"", ""1115.81""], [""0.018564"", ""1167.86""], [""0.018554"", ""160.19""]]","[[""0.018812"", ""15958.50""], [""0.018813"", ""4873.75""], [""0.018846"", ""27780.00""], [""0.018847"", ""27782.58""], [""0.018851"", ""27782.58""], [""0.018860"", ""9200.00""], [""0.018861"", ""4160.00""], [""0.018862"", ""9262.30""], [""0.018863"", ""9262.30""], [""0.018901"", ""238.78""], [""0.018906"", ""3700.00""], [""0.018908"", ""3541.00""], [""0.018927"", ""2117.91""], [""0.018966"", ""597.11""], [""0.018967"", ""5270.00""], [""0.018973"", ""1646.50""], [""0.018976"", ""1263.18""], [""0.018979"", ""2443.41""], [""0.018984"", ""1163.44""], [""0.018987"", ""2744.20""]]"
2026-08-26T13:10:01.960943Z,1787749801960,NILUSDT,0.04523,1726.34,0.04537,247.40,53097.34,66001.34,1787749802413,"[[""0.04523"", ""1726.34""], [""0.04522"", ""618.75""], [""0.04521"", ""2500.00""], [""0.04518"", ""2500.00""], [""0.04517"", ""6075.00""], [""0.04513"", ""2500.00""], [""0.04512"", ""4326.00""], [""0.04508"", ""225.34""], [""0.04507"", ""21150.00""], [""0.04503"", ""26.65""], [""0.04502"", ""101.61""], [""0.04501"", ""3720.67""], [""0.04500"", ""3346.11""], [""0.04499"", ""27.82""], [""0.04498"", ""275.58""], [""0.04497"", ""3205.77""], [""0.04496"", ""31.51""], [""0.04495"", ""26.70""], [""0.04494"", ""28.49""], [""0.04493"", ""685.00""]]","[[""0.04537"", ""247.40""], [""0.04539"", ""3038.00""], [""0.04548"", ""997.48""], [""0.04549"", ""2500.00""], [""0.04550"", ""10575.00""], [""0.04553"", ""881.00""], [""0.04557"", ""101.43""], [""0.04558"", ""517.23""], [""0.04559"", ""2002.85""], [""0.04560"", ""291.51""], [""0.04561"", ""7411.40""], [""0.04562"", ""30.64""], [""0.04563"", ""26.30""], [""0.04564"", ""222.66""], [""0.04567"", ""26.28""], [""0.04568"", ""26.27""], [""0.04569"", ""29250.00""], [""0.04573"", ""3948.00""], [""0.04591"", ""1803.64""], [""0.04593"", ""2104.25""]]"
2026-08-26T13:10:01.960943Z,1787749801960,MINAUSDT,0.06137,14890.99,0.06153,9645.80,1303151.95,539743.7000000001,1787749802853,"[[""0.06137"", ""14890.99""], [""0.06129"", ""35016.70""], [""0.06120"", ""38022.40""], [""0.06109"", ""493.14""], [""0.06108"", ""179.34""], [""0.06107"", ""115389.56""], [""0.06098"", ""273321.40""], [""0.06089"", ""537142.87""], [""0.06080"", ""34581.80""], [""0.06058"", ""60522.66""], [""0.06040"", ""13086.15""], [""0.06035"", ""3014.01""], [""0.06026"", ""3014.01""], [""0.06018"", ""93422.56""], [""0.06017"", ""65277.27""], [""0.06008"", ""6627.33""], [""0.05995"", ""6627.33""], [""0.05968"", ""79.20""], [""0.05955"", ""2277.54""], [""0.05946"", ""165.69""]]","[[""0.06153"", ""9645.80""], [""0.06159"", ""47.00""], [""0.06160"", ""21274.40""], [""0.06169"", ""4345.82""], [""0.06170"", ""2098.82""], [""0.06171"", ""35139.90""], [""0.06182"", ""50924.61""], [""0.06193"", ""44701.14""], [""0.06200"", ""25755.18""], [""0.06211"", ""25755.18""], [""0.06233"", ""105625.74""], [""0.06251"", ""179828.88""], [""0.06253"", ""22.97""], [""0.06264"", ""19.16""], [""0.06273"", ""24849.88""], [""0.06275"", ""20.09""], [""0.06282"", ""2089.71""], [""0.06293"", ""2503.26""], [""0.06304"", ""2593.17""], [""0.06315"", ""2502.99""]]"
2026-08-26T13:10:01.960943Z,1787749801960,SFPUSDT,0.2630,139.00,0.2634,1929.00,6469.8,15916.67,1787749803912,"[[""0.2630"", ""139.00""], [""0.2629"", ""120.00""], [""0.2628"", ""20.00""], [""0.2627"", ""1122.00""], [""0.2626"", ""976.80""], [""0.2625"", ""1144.10""], [""0.2624"", ""22.00""], [""0.2623"", ""49.39""], [""0.2622"", ""528.00""], [""0.2620"", ""542.30""], [""0.2619"", ""16.00""], [""0.2618"", ""1628.60""], [""0.2617"", ""16.00""], [""0.2616"", ""104.59""], [""0.2615"", ""16.00""], [""0.2613"", ""5.45""], [""0.2611"", ""4.60""], [""0.2609"", ""4.60""], [""0.2608"", ""5.07""], [""0.2607"", ""5.30""]]","[[""0.2634"", ""1929.00""], [""0.2635"", ""999.00""], [""0.2636"", ""20.00""], [""0.2637"", ""1168.86""], [""0.2638"", ""1022.00""], [""0.2639"", ""498.30""], [""0.2640"", ""305.80""], [""0.2642"", ""44.00""], [""0.2644"", ""6695.70""], [""0.2645"", ""4.54""], [""0.2646"", ""1269.54""], [""0.2647"", ""106.32""], [""0.2648"", ""16.00""], [""0.2649"", ""878.08""], [""0.2650"", ""16.00""], [""0.2651"", ""754.72""], [""0.2652"", ""16.00""], [""0.2653"", ""16.00""], [""0.2654"", ""16.00""], [""0.2668"", ""140.81""]]"
2026-08-26T13:10:01.960943Z,1787749801960,XYOUSDT,0.00338,303076.72,0.00343,203994.00,1608360.25,1858379.1300000001,1787749797067,"[[""0.00338"", ""303076.72""], [""0.00337"", ""297742.41""], [""0.00336"", ""309280.03""], [""0.00335"", ""81499.00""], [""0.00334"", ""9536.15""], [""0.00333"", ""8593.40""], [""0.00332"", ""55051.03""], [""0.00331"", ""402415.99""], [""0.00330"", ""12282.06""], [""0.00328"", ""2914.77""], [""0.00326"", ""2903.59""], [""0.00324"", ""5420.62""], [""0.00322"", ""2907.71""], [""0.00320"", ""2912.18""], [""0.00318"", ""2934.17""], [""0.00316"", ""2941.76""], [""0.00314"", ""14088.83""], [""0.00313"", ""85948.87""], [""0.00312"", ""2953.97""], [""0.00310"", ""2956.99""]]","[[""0.00343"", ""203994.00""], [""0.00344"", ""214432.59""], [""0.00345"", ""256504.73""], [""0.00346"", ""65898.00""], [""0.00347"", ""6920.70""], [""0.00348"", ""24140.71""], [""0.00350"", ""2286.85""], [""0.00357"", ""53170.88""], [""0.00420"", ""297950.46""], [""0.00481"", ""56157.86""], [""0.00577"", ""376411.05""], [""0.00715"", ""16091.36""], [""0.00800"", ""4996.33""], [""0.00900"", ""17433.75""], [""0.01190"", ""84.04""], [""0.01200"", ""3783.13""], [""0.01300"", ""49740.34""], [""0.01400"", ""91190.59""], [""0.01500"", ""74685.22""], [""0.01600"", ""42506.54""]]"
2026-08-26T13:10:01.960943Z,1787749801960,GOATUSDT,0.01566,978.75,0.01570,7617.48,218843.25,279252.08999999997,1787749805368,"[[""0.01566"", ""978.75""], [""0.01565"", ""33425.08""], [""0.01564"", ""21275.12""], [""0.01563"", ""4677.56""], [""0.01562"", ""6576.63""], [""0.01561"", ""18623.12""], [""0.01560"", ""77.18""], [""0.01559"", ""587.25""], [""0.01558"", ""174.05""], [""0.01557"", ""12898.49""], [""0.01556"", ""10791.34""], [""0.01555"", ""5647.50""], [""0.01554"", ""31634.86""], [""0.01553"", ""2632.27""], [""0.01552"", ""30034.71""], [""0.01551"", ""1688.18""], [""0.01550"", ""1233.73""], [""0.01549"", ""14633.15""], [""0.01548"", ""18467.77""], [""0.01547"", ""2786.51""]]","[[""0.01570"", ""7617.48""], [""0.01571"", ""3604.73""], [""0.01572"", ""5686.13""], [""0.01573"", ""48192.38""], [""0.01574"", ""17916.04""], [""0.01575"", ""10266.52""], [""0.01576"", ""1076.63""], [""0.01577"", ""20574.05""], [""0.01578"", ""14947.16""], [""0.01579"", ""8518.84""], [""0.01580"", ""19791.07""], [""0.01581"", ""25825.33""], [""0.01582"", ""39679.70""], [""0.01583"", ""587.25""], [""0.01584"", ""12157.52""], [""0.01585"", ""1385.36""], [""0.01586"", ""3608.91""], [""0.01587"", ""2139.33""], [""0.01588"", ""31134.28""], [""0.01589"", ""4543.38""]]"
2026-08-26T13:10:01.960943Z,1787749801960,XPRUSDT,0.0027294,14909.39,0.0027388,6609.30,169309.47999999998,701369.48,1787749806568,"[[""0.0027294"", ""14909.39""], [""0.0027282"", ""5287.44""], [""0.0027281"", ""5287.44""], [""0.0027279"", ""5287.44""], [""0.0027278"", ""5287.44""], [""0.0027276"", ""5287.44""], [""0.0027275"", ""5287.44""], [""0.0027274"", ""13617.62""], [""0.0027273"", ""5287.44""], [""0.0027272"", ""5287.44""], [""0.0027270"", ""5287.44""], [""0.0027269"", ""5287.44""], [""0.0027267"", ""5287.44""], [""0.0027263"", ""5287.44""], [""0.0027255"", ""5923.76""], [""0.0027251"", ""5287.44""], [""0.0027248"", ""5287.44""], [""0.0027244"", ""5287.44""], [""0.0027204"", ""50259.67""], [""0.0027203"", ""5287.44""]]","[[""0.0027388"", ""6609.30""], [""0.0027403"", ""4072.88""], [""0.0027404"", ""5287.44""], [""0.0027409"", ""450.60""], [""0.0027418"", ""137840.33""], [""0.0027419"", ""401379.12""], [""0.0027421"", ""75195.69""], [""0.0027461"", ""5710.00""], [""0.0027464"", ""7188.24""], [""0.0027465"", ""5287.44""], [""0.0027486"", ""29742.80""], [""0.0027499"", ""8496.81""], [""0.0027511"", ""455.28""], [""0.0027512"", ""5287.44""], [""0.0027519"", ""1337.10""], [""0.0027525"", ""435.97""], [""0.0027571"", ""435.24""], [""0.0027573"", ""435.21""], [""0.0027574"", ""5287.44""], [""0.0027577"", ""435.15""]]"
2026-08-26T13:10:01.960943Z,1787749801960,SUSDT,0.02790,500.00,0.02792,7845.70,353763.64,285859.3,1787749806954,"[[""0.02790"", ""500.00""], [""0.02789"", ""3868.70""], [""0.02788"", ""8427.80""], [""0.02787"", ""18858.84""], [""0.02786"", ""25481.83""], [""0.02785"", ""11778.34""], [""0.02784"", ""32843.42""], [""0.02782"", ""52051.57""], [""0.02780"", ""41499.26""], [""0.02779"", ""3025.75""], [""0.02778"", ""82620.33""], [""0.02777"", ""14075.70""], [""0.02776"", ""16652.25""], [""0.02775"", ""5784.77""], [""0.02774"", ""2921.35""], [""0.02773"", ""4115.30""], [""0.02772"", ""6516.60""], [""0.02771"", ""15076.39""], [""0.02770"", ""5514.65""], [""0.02769"", ""2150.79""]]","[[""0.02792"", ""7845.70""], [""0.02793"", ""3551.50""], [""0.02794"", ""14878.00""], [""0.02795"", ""15849.00""], [""0.02796"", ""22724.13""], [""0.02797"", ""12562.99""], [""0.02798"", ""12562.99""], [""0.02800"", ""37289.78""], [""0.02802"", ""54185.33""], [""0.02803"", ""14306.25""], [""0.02804"", ""43257.92""], [""0.02805"", ""4959.53""], [""0.02806"", ""3912.40""], [""0.02807"", ""9766.80""], [""0.02808"", ""4111.45""], [""0.02809"", ""3603.65""], [""0.02810"", ""10575.57""], [""0.02811"", ""4347.96""], [""0.02813"", ""4124.45""], [""0.02814"", ""1443.90""]]"
2026-08-26T14:10:02.145399Z,1787753402145,PIPPINUSDT,0.018792,3099.00,0.018845,656.23,166783.37,146978.13,1787753401748,"[[""0.018792"", ""3099.00""], [""0.018762"", ""14790.53""], [""0.018753"", ""55457.44""], [""0.018752"", ""27727.24""], [""0.018743"", ""18488.52""], [""0.018739"", ""156.04""], [""0.018723"", ""9244.87""], [""0.018712"", ""9244.99""], [""0.018646"", ""1482.63""], [""0.018645"", ""165.92""], [""0.018633"", ""1364.04""], [""0.018587"", ""1347.47""], [""0.018585"", ""1224.57""], [""0.018581"", ""1328.37""], [""0.018576"", ""1161.16""], [""0.018554"", ""160.19""], [""0.018511"", ""203.09""], [""0.018455"", ""1270.07""], [""0.018454"", ""10738.48""], [""0.018453"", ""8128.75""]]","[[""0.018845"", ""656.23""], [""0.018852"", ""426.00""], [""0.018869"", ""4532.58""], [""0.018876"", ""220.29""], [""0.018881"", ""9236.73""], [""0.018882"", ""18479.84""], [""0.018886"", ""55423.21""], [""0.018887"", ""27710.68""], [""0.018901"", ""238.78""], [""0.018907"", ""1330.00""], [""0.018908"", ""3541.00""], [""0.018912"", ""1760.91""], [""0.018913"", ""1163.44""], [""0.018926"", ""3690.00""], [""0.018927"", ""3142.00""], [""0.018970"", ""5270.00""], [""0.018971"", ""4160.00""], [""0.018973"", ""1983.14""], [""0.018976"", ""1996.67""], [""0.018983"", ""2016.63""]]"
2026-08-26T14:10:02.145399Z,1787753402145,NILUSDT,0.04585,2003.03,0.04602,262.60,104654.01,36451.29,1787753402613,"[[""0.04585"", ""2003.03""], [""0.04584"", ""736.10""], [""0.04583"", ""726.43""], [""0.04582"", ""6075.00""], [""0.04578"", ""2500.00""], [""0.04577"", ""4326.00""], [""0.04572"", ""21150.00""], [""0.04569"", ""225.34""], [""0.04568"", ""2595.60""], [""0.04567"", ""100.08""], [""0.04566"", ""100.17""], [""0.04565"", ""26.29""], [""0.04564"", ""26.59""], [""0.04563"", ""8769.01""], [""0.04562"", ""29.46""], [""0.04561"", ""100.17""], [""0.04560"", ""26.32""], [""0.04559"", ""28.27""], [""0.04558"", ""26.33""], [""0.04551"", ""55083.82""]]","[[""0.04602"", ""262.60""], [""0.04603"", ""180.59""], [""0.04604"", ""3038.00""], [""0.04607"", ""2500.00""], [""0.04610"", ""953.27""], [""0.04611"", ""1273.20""], [""0.04612"", ""1073.50""], [""0.04613"", ""2500.00""], [""0.04614"", ""10575.00""], [""0.04617"", ""3433.50""], [""0.04620"", ""2500.00""], [""0.04621"", ""1974.00""], [""0.04622"", ""1974.00""], [""0.04626"", ""2163.00""], [""0.04627"", ""458.91""], [""0.04628"", ""458.91""], [""0.04629"", ""99.99""], [""0.04630"", ""906.92""], [""0.04631"", ""99.99""], [""0.04632"", ""25.91""]]"
2026-08-26T14:10:02.145399Z,1787753402145,MINAUSDT,0.06147,27694.00,0.06160,26121.50,1326586.67,524559.51,1787753400953,"[[""0.06147"", ""27694.00""], [""0.06138"", ""8862.75""], [""0.06137"", ""17570.20""], [""0.06129"", ""49271.70""], [""0.06120"", ""65403.58""], [""0.06108"", ""179.34""], [""0.06107"", ""306467.70""], [""0.06098"", ""515017.47""], [""0.06089"", ""37035.02""], [""0.06066"", ""96273.87""], [""0.06048"", ""67616.23""], [""0.06035"", ""2713.62""], [""0.06027"", ""101240.37""], [""0.06026"", ""22.97""], [""0.06017"", ""16585.38""], [""0.06008"", ""2505.06""], [""0.05995"", ""2505.33""], [""0.05986"", ""4611.06""], [""0.05977"", ""2505.33""], [""0.05968"", ""2505.69""]]","[[""0.06160"", ""26121.50""], [""0.06170"", ""5794.32""], [""0.06171"", ""33125.10""], [""0.06181"", ""2098.82""], [""0.06182"", ""39911.50""], [""0.06193"", ""31472.10""], [""0.06199"", ""621.01""], [""0.06200"", ""45246.52""], [""0.06211"", ""69181.09""], [""0.06222"", ""18811.54""], [""0.06240"", ""93853.87""], [""0.06262"", ""98587.50""], [""0.06264"", ""20905.29""], [""0.06275"", ""22.25""], [""0.06280"", ""13401.41""], [""0.06282"", ""5868.36""], [""0.06293"", ""2503.26""], [""0.06304"", ""2593.17""], [""0.06322"", ""2430.00""], [""0.06333"", ""12010.90""]]"
2026-08-26T14:10:02.145399Z,1787753402145,SFPUSDT,0.2646,1394.00,0.2650,510.00,12449.69,15358.69,1787753401313,"[[""0.2646"", ""1394.00""], [""0.2645"", ""2484.00""], [""0.2644"", ""1028.00""], [""0.2643"", ""1100.00""], [""0.2642"", ""113.30""], [""0.2641"", ""1000.00""], [""0.2640"", ""67.67""], [""0.2639"", ""475.20""], [""0.2636"", ""44.00""], [""0.2633"", ""616.00""], [""0.2632"", ""209.60""], [""0.2631"", ""3294.70""], [""0.2630"", ""16.00""], [""0.2629"", ""16.00""], [""0.2628"", ""4.57""], [""0.2627"", ""4.57""], [""0.2626"", ""16.00""], [""0.2625"", ""21.31""], [""0.2624"", ""528.77""], [""0.2623"", ""16.00""]]","[[""0.2650"", ""510.00""], [""0.2651"", ""2778.00""], [""0.2652"", ""535.00""], [""0.2653"", ""1857.79""], [""0.2654"", ""1143.00""], [""0.2655"", ""22.00""], [""0.2656"", ""1722.60""], [""0.2658"", ""202.40""], [""0.2660"", ""4197.60""], [""0.2661"", ""16.00""], [""0.2662"", ""82.00""], [""0.2663"", ""4.51""], [""0.2664"", ""16.00""], [""0.2665"", ""16.00""], [""0.2668"", ""1051.73""], [""0.2669"", ""866.40""], [""0.2673"", ""4.49""], [""0.2675"", ""75.20""], [""0.2678"", ""151.57""], [""0.2682"", ""106.40""]]"
2026-08-26T14:10:02.145399Z,1787753402145,XYOUSDT,0.00341,142331.32,0.00346,140822.59,1532473.28,1696245.36,1787753402467,"[[""0.00341"", ""142331.32""], [""0.00340"", ""10888.55""], [""0.00339"", ""355623.16""], [""0.00338"", ""201266.96""], [""0.00337"", ""302050.28""], [""0.00336"", ""12663.34""], [""0.00335"", ""55616.88""], [""0.00334"", ""405798.14""], [""0.00333"", ""9299.13""], [""0.00332"", ""3453.60""], [""0.00330"", ""3446.76""], [""0.00328"", ""3443.18""], [""0.00327"", ""2487.86""], [""0.00326"", ""3444.97""], [""0.00324"", ""3444.97""], [""0.00323"", ""3434.30""], [""0.00322"", ""3444.97""], [""0.00320"", ""3444.97""], [""0.00318"", ""3444.97""], [""0.00316"", ""3444.97""]]","[[""0.00346"", ""140822.59""], [""0.00347"", ""375332.00""], [""0.00348"", ""130642.35""], [""0.00349"", ""67502.10""], [""0.00351"", ""5847.95""], [""0.00352"", ""6819.01""], [""0.00353"", ""2269.57""], [""0.00357"", ""17869.76""], [""0.00366"", ""18617.95""], [""0.00367"", ""16683.17""], [""0.00420"", ""297950.46""], [""0.00481"", ""56157.86""], [""0.00577"", ""376411.05""], [""0.00715"", ""16091.36""], [""0.00800"", ""4996.33""], [""0.00900"", ""17433.75""], [""0.01190"", ""84.04""], [""0.01200"", ""3783.13""], [""0.01300"", ""49740.34""], [""0.01400"", ""91190.59""]]"
2026-08-26T14:10:02.145399Z,1787753402145,GOATUSDT,0.01577,3356.95,0.01581,978.75,191048.1,271171.21,1787753405568,"[[""0.01577"", ""3356.95""], [""0.01576"", ""26454.18""], [""0.01575"", ""33220.83""], [""0.01574"", ""76.24""], [""0.01573"", ""6085.75""], [""0.01572"", ""19863.75""], [""0.01571"", ""18697.52""], [""0.01570"", ""6502.17""], [""0.01569"", ""15962.27""], [""0.01568"", ""2834.61""], [""0.01567"", ""153.16""], [""0.01566"", ""2765.61""], [""0.01565"", ""10911.45""], [""0.01564"", ""10291.34""], [""0.01563"", ""7525.03""], [""0.01562"", ""77.85""], [""0.01561"", ""77.97""], [""0.01560"", ""1811.38""], [""0.01559"", ""5118.87""], [""0.01558"", ""19261.17""]]","[[""0.01581"", ""978.75""], [""0.01582"", ""4405.52""], [""0.01583"", ""39499.28""], [""0.01584"", ""75.76""], [""0.01585"", ""19850.33""], [""0.01586"", ""7362.92""], [""0.01587"", ""22936.14""], [""0.01588"", ""3117.25""], [""0.01589"", ""2718.83""], [""0.01590"", ""33669.94""], [""0.01591"", ""20772.54""], [""0.01592"", ""21112.10""], [""0.01593"", ""14018.09""], [""0.01594"", ""23765.92""], [""0.01595"", ""34332.88""], [""0.01596"", ""10827.45""], [""0.01597"", ""77.68""], [""0.01598"", ""8767.58""], [""0.01599"", ""2807.25""], [""0.01600"", ""75.00""]]"
2026-08-26T14:10:02.145399Z,1787753402145,XPRUSDT,0.0027328,11896.74,0.0027361,274688.06,381617.02,1563622.67,1787753406368,"[[""0.0027328"", ""11896.74""], [""0.0027327"", ""15376.24""], [""0.0027325"", ""5287.44""], [""0.0027273"", ""50259.67""], [""0.0027272"", ""7307.54""], [""0.0027271"", ""59578.86""], [""0.0027258"", ""10337.75""], [""0.0027240"", ""5923.76""], [""0.0027239"", ""5287.44""], [""0.0027238"", ""14907.80""], [""0.0027211"", ""13157.47""], [""0.0027210"", ""29264.32""], [""0.0027204"", ""5287.44""], [""0.0027201"", ""55135.92""], [""0.0027200"", ""1912.80""], [""0.0027194"", ""11321.66""], [""0.0027173"", ""7307.54""], [""0.0027172"", ""53516.00""], [""0.0027165"", ""9626.52""], [""0.0027163"", ""8924.11""]]","[[""0.0027361"", ""274688.06""], [""0.0027440"", ""6609.30""], [""0.0027465"", ""5287.44""], [""0.0027467"", ""436.89""], [""0.0027468"", ""5287.44""], [""0.0027496"", ""562510.37""], [""0.0027497"", ""5710.00""], [""0.0027499"", ""8496.81""], [""0.0027509"", ""511.04""], [""0.0027510"", ""436.21""], [""0.0027512"", ""5287.44""], [""0.0027516"", ""24490.54""], [""0.0027519"", ""1337.10""], [""0.0027525"", ""435.97""], [""0.0027531"", ""26241.22""], [""0.0027573"", ""629222.77""], [""0.0027574"", ""5287.44""], [""0.0027577"", ""435.15""], [""0.0027580"", ""435.10""], [""0.0027581"", ""476.38""]]"
2026-08-26T14:10:02.145399Z,1787753402145,SUSDT,0.02917,500.00,0.02922,5163.40,279993.13,339301.66,1787753407450,"[[""0.02917"", ""500.00""], [""0.02916"", ""500.00""], [""0.02915"", ""2868.70""], [""0.02914"", ""3043.50""], [""0.02913"", ""9331.52""], [""0.02912"", ""13909.06""], [""0.02911"", ""9005.37""], [""0.02910"", ""3348.07""], [""0.02908"", ""20204.25""], [""0.02907"", ""6789.60""], [""0.02906"", ""74358.00""], [""0.02905"", ""13386.32""], [""0.02904"", ""63919.96""], [""0.02903"", ""18546.40""], [""0.02902"", ""8299.75""], [""0.02901"", ""4143.50""], [""0.02900"", ""2465.26""], [""0.02899"", ""19705.60""], [""0.02898"", ""4883.80""], [""0.02895"", ""784.47""]]","[[""0.02922"", ""5163.40""], [""0.02923"", ""26965.80""], [""0.02924"", ""7209.60""], [""0.02925"", ""6647.85""], [""0.02926"", ""6648.29""], [""0.02927"", ""24367.31""], [""0.02928"", ""10048.17""], [""0.02930"", ""22821.38""], [""0.02932"", ""139857.27""], [""0.02933"", ""35851.35""], [""0.02934"", ""19581.25""], [""0.02935"", ""3465.56""], [""0.02936"", ""6126.76""], [""0.02937"", ""2651.08""], [""0.02938"", ""5544.73""], [""0.02939"", ""9366.72""], [""0.02940"", ""1684.35""], [""0.02941"", ""3733.20""], [""0.02942"", ""694.13""], [""0.02943"", ""873.46""]]"
2026-08-26T15:10:01.461654Z,1787757001461,PIPPINUSDT,0.018266,1822.91,0.018342,78840.00,149765.89,237770.8,1787757001448,"[[""0.018266"", ""1822.91""], [""0.018261"", ""1640.41""], [""0.018254"", ""253.41""], [""0.018246"", ""12057.43""], [""0.018225"", ""5428.21""], [""0.018224"", ""9503.87""], [""0.018222"", ""57007.90""], [""0.018220"", ""38007.39""], [""0.018206"", ""110.00""], [""0.018205"", ""9503.91""], [""0.018202"", ""9503.91""], [""0.018176"", ""133.51""], [""0.018100"", ""232.77""], [""0.018086"", ""110.58""], [""0.018082"", ""184.31""], [""0.018053"", ""280.00""], [""0.018052"", ""1132.07""], [""0.018034"", ""1479.37""], [""0.018033"", ""212.37""], [""0.018029"", ""1161.56""]]","[[""0.018342"", ""78840.00""], [""0.018343"", ""5078.59""], [""0.018345"", ""5078.59""], [""0.018348"", ""9501.19""], [""0.018349"", ""1421.00""], [""0.018355"", ""5184.95""], [""0.018358"", ""9502.66""], [""0.018384"", ""9200.00""], [""0.018385"", ""28503.56""], [""0.018386"", ""56999.34""], [""0.018396"", ""4160.00""], [""0.018398"", ""1163.44""], [""0.018399"", ""178.97""], [""0.018404"", ""1945.38""], [""0.018405"", ""2664.80""], [""0.018410"", ""2042.96""], [""0.018411"", ""1945.78""], [""0.018421"", ""1944.61""], [""0.018428"", ""1676.50""], [""0.018435"", ""10738.48""]]"
2026-08-26T15:10:01.461654Z,1787757001461,NILUSDT,0.04555,58.68,0.04570,3038.00,67882.25,69643.45,1787757001813,"[[""0.04555"", ""58.68""], [""0.04550"", ""553.91""], [""0.04549"", ""2500.00""], [""0.04548"", ""6075.00""], [""0.04544"", ""2500.00""], [""0.04543"", ""4326.00""], [""0.04538"", ""23875.34""], [""0.04537"", ""4091.58""], [""0.04535"", ""2595.60""], [""0.04531"", ""30.66""], [""0.04530"", ""5281.92""], [""0.04528"", ""233.01""], [""0.04527"", ""26.51""], [""0.04526"", ""5765.02""], [""0.04525"", ""510.10""], [""0.04524"", ""26.53""], [""0.04523"", ""31.05""], [""0.04522"", ""26.54""], [""0.04520"", ""678.80""], [""0.04519"", ""8696.00""]]","[[""0.04570"", ""3038.00""], [""0.04579"", ""990.10""], [""0.04580"", ""10575.00""], [""0.04581"", ""4326.00""], [""0.04590"", ""5218.50""], [""0.04591"", ""26.14""], [""0.04592"", ""1900.53""], [""0.04593"", ""26.13""], [""0.04594"", ""510.66""], [""0.04595"", ""26.12""], [""0.04596"", ""26.11""], [""0.04597"", ""31.29""], [""0.04598"", ""304.65""], [""0.04599"", ""222.66""], [""0.04600"", ""459.54""], [""0.04601"", ""29250.00""], [""0.04603"", ""7351.07""], [""0.04606"", ""1270.50""], [""0.04613"", ""2163.00""], [""0.04627"", ""1927.45""]]"
2026-08-26T15:10:01.461654Z,1787757001461,MINAUSDT,0.06168,26736.00,0.06192,4155.65,1338997.87,428720.70999999996,1787757000353,"[[""0.06168"", ""26736.00""], [""0.06161"", ""8337.35""], [""0.06160"", ""44176.30""], [""0.06148"", ""2106.44""], [""0.06147"", ""96977.90""], [""0.06138"", ""179.34""], [""0.06137"", ""276610.51""], [""0.06129"", ""528121.00""], [""0.06120"", ""76324.93""], [""0.06107"", ""29841.24""], [""0.06090"", ""630.84""], [""0.06089"", ""74278.49""], [""0.06066"", ""50390.06""], [""0.06057"", ""2505.78""], [""0.06048"", ""92985.36""], [""0.06035"", ""4282.56""], [""0.06026"", ""10712.90""], [""0.06017"", ""8790.48""], [""0.06008"", ""2505.06""], [""0.05995"", ""2505.33""]]","[[""0.06192"", ""4155.65""], [""0.06193"", ""23616.00""], [""0.06200"", ""44368.06""], [""0.06211"", ""26231.70""], [""0.06222"", ""35376.77""], [""0.06233"", ""56537.36""], [""0.06240"", ""34207.14""], [""0.06251"", ""12668.26""], [""0.06273"", ""26245.23""], [""0.06291"", ""51328.42""], [""0.06293"", ""15270.93""], [""0.06304"", ""10647.43""], [""0.06313"", ""72508.26""], [""0.06315"", ""4263.66""], [""0.06322"", ""19.29""], [""0.06333"", ""2503.80""], [""0.06344"", ""2992.41""], [""0.06355"", ""2633.31""], [""0.06362"", ""3072.78""], [""0.06373"", ""74.25""]]"
2026-08-26T15:10:01.461654Z,1787757001461,SFPUSDT,0.2601,135.00,0.2604,100.00,14369.39,16135.050000000001,1787757004213,"[[""0.2601"", ""135.00""], [""0.2600"", ""120.00""], [""0.2599"", ""2198.00""], [""0.2598"", ""1622.00""], [""0.2597"", ""1122.00""], [""0.2596"", ""1022.00""], [""0.2595"", ""806.30""], [""0.2593"", ""1975.60""], [""0.2592"", ""47.79""], [""0.2591"", ""1668.70""], [""0.2590"", ""44.80""], [""0.2589"", ""1152.80""], [""0.2588"", ""16.00""], [""0.2587"", ""16.00""], [""0.2586"", ""39.20""], [""0.2585"", ""1794.40""], [""0.2584"", ""32.80""], [""0.2583"", ""16.00""], [""0.2582"", ""524.00""], [""0.2581"", ""16.00""]]","[[""0.2604"", ""100.00""], [""0.2605"", ""120.00""], [""0.2606"", ""92.23""], [""0.2607"", ""141.90""], [""0.2608"", ""1122.00""], [""0.2609"", ""1022.00""], [""0.2610"", ""506.00""], [""0.2612"", ""3507.90""], [""0.2614"", ""4692.60""], [""0.2615"", ""106.32""], [""0.2616"", ""1642.00""], [""0.2617"", ""16.00""], [""0.2618"", ""16.00""], [""0.2619"", ""886.40""], [""0.2620"", ""412.00""], [""0.2624"", ""891.20""], [""0.2628"", ""701.10""], [""0.2629"", ""5.07""], [""0.2633"", ""149.60""], [""0.2647"", ""4.73""]]"
2026-08-26T15:10:01.461654Z,1787757001461,XYOUSDT,0.00349,140000.00,0.00353,64193.00,1385657.64,1818786.06,1787757004767,"[[""0.00349"", ""140000.00""], [""0.00348"", ""77713.38""], [""0.00347"", ""297685.97""], [""0.00346"", ""227685.91""], [""0.00345"", ""160130.77""], [""0.00344"", ""30943.16""], [""0.00343"", ""5093.53""], [""0.00342"", ""405585.00""], [""0.00341"", ""1964.01""], [""0.00340"", ""2349.50""], [""0.00339"", ""1974.10""], [""0.00338"", ""9466.99""], [""0.00336"", ""2679.84""], [""0.00334"", ""3404.73""], [""0.00332"", ""3110.99""], [""0.00331"", ""2437.96""], [""0.00330"", ""3110.99""], [""0.00329"", ""3432.66""], [""0.00328"", ""3443.18""], [""0.00326"", ""3444.97""]]","[[""0.00353"", ""64193.00""], [""0.00354"", ""357814.59""], [""0.00355"", ""252483.00""], [""0.00356"", ""75060.00""], [""0.00357"", ""36199.77""], [""0.00358"", ""6994.33""], [""0.00361"", ""2216.12""], [""0.00366"", ""18617.95""], [""0.00371"", ""16683.17""], [""0.00420"", ""297950.46""], [""0.00481"", ""56157.86""], [""0.00577"", ""376411.05""], [""0.00715"", ""16091.36""], [""0.00800"", ""4996.33""], [""0.00900"", ""17433.75""], [""0.01190"", ""84.04""], [""0.01200"", ""3783.13""], [""0.01300"", ""49740.34""], [""0.01400"", ""91190.59""], [""0.01500"", ""74685.22""]]"
2026-08-26T15:10:01.461654Z,1787757001461,GOATUSDT,0.01547,77.57,0.01552,54797.65,240167.46,304497.4,1787757003368,"[[""0.01547"", ""77.57""], [""0.01546"", ""1788.21""], [""0.01545"", ""32841.34""], [""0.01544"", ""31408.45""], [""0.01543"", ""82.15""], [""0.01542"", ""33922.19""], [""0.01541"", ""88.06""], [""0.01540"", ""2396.05""], [""0.01539"", ""6105.10""], [""0.01538"", ""38615.65""], [""0.01537"", ""23226.73""], [""0.01536"", ""78.13""], [""0.01535"", ""25908.13""], [""0.01534"", ""78.23""], [""0.01533"", ""12218.91""], [""0.01532"", ""2668.33""], [""0.01531"", ""12218.91""], [""0.01530"", ""3233.78""], [""0.01529"", ""2683.45""], [""0.01528"", ""10528.09""]]","[[""0.01552"", ""54797.65""], [""0.01553"", ""1692.17""], [""0.01554"", ""4273.86""], [""0.01555"", ""6938.68""], [""0.01556"", ""43207.40""], [""0.01557"", ""15796.87""], [""0.01558"", ""16851.27""], [""0.01559"", ""50408.12""], [""0.01560"", ""29229.98""], [""0.01561"", ""24747.67""], [""0.01562"", ""587.25""], [""0.01563"", ""15130.76""], [""0.01564"", ""76.73""], [""0.01566"", ""12291.79""], [""0.01567"", ""76.58""], [""0.01568"", ""11620.40""], [""0.01569"", ""3924.31""], [""0.01570"", ""12182.37""], [""0.01572"", ""587.25""], [""0.01573"", ""76.29""]]"
2026-08-26T15:10:01.461654Z,1787757001461,XPRUSDT,0.0028484,283316.03,0.0028846,10724.80,884593.79,215369.1,1787757007068,"[[""0.0028484"", ""283316.03""], [""0.0028483"", ""171322.18""], [""0.0028482"", ""283316.03""], [""0.0028479"", ""2320.98""], [""0.0028457"", ""13090.64""], [""0.0028449"", ""1319.00""], [""0.0028419"", ""16352.44""], [""0.0028384"", ""7761.77""], [""0.0028368"", ""10463.46""], [""0.0028365"", ""15495.21""], [""0.0028360"", ""9855.13""], [""0.0028359"", ""1195.45""], [""0.0028354"", ""10421.17""], [""0.0028351"", ""1763.60""], [""0.0028345"", ""15396.96""], [""0.0028293"", ""1767.22""], [""0.0028178"", ""1774.43""], [""0.0028177"", ""1390.44""], [""0.0028157"", ""27487.05""], [""0.0028156"", ""8784.60""]]","[[""0.0028846"", ""10724.80""], [""0.0028966"", ""16777.82""], [""0.0028967"", ""7307.54""], [""0.0028968"", ""31807.10""], [""0.0028969"", ""12140.72""], [""0.0028981"", ""1096.48""], [""0.0028983"", ""27577.94""], [""0.0028986"", ""12724.56""], [""0.0029038"", ""5710.00""], [""0.0029039"", ""26885.90""], [""0.0029084"", ""15201.63""], [""0.0029090"", ""8578.78""], [""0.0029134"", ""1405.26""], [""0.0029236"", ""846.95""], [""0.0029237"", ""19837.89""], [""0.0029244"", ""1403.96""], [""0.0029274"", ""6490.61""], [""0.0029328"", ""5710.00""], [""0.0029339"", ""1092.16""], [""0.0029390"", ""2049.00""]]"
2026-08-26T15:10:01.461654Z,1787757001461,SUSDT,0.02908,14633.90,0.02911,2772.30,317326.01,240738.28999999998,1787757007950,"[[""0.02908"", ""14633.90""], [""0.02907"", ""16524.64""], [""0.02906"", ""32302.90""], [""0.02905"", ""12319.56""], [""0.02904"", ""4729.67""], [""0.02903"", ""12323.41""], [""0.02902"", ""8701.90""], [""0.02900"", ""24248.44""], [""0.02898"", ""18605.29""], [""0.02897"", ""2829.85""], [""0.02896"", ""79659.42""], [""0.02895"", ""6478.20""], [""0.02894"", ""27644.30""], [""0.02893"", ""16230.10""], [""0.02892"", ""23490.30""], [""0.02891"", ""3434.35""], [""0.02890"", ""5106.64""], [""0.02886"", ""1702.88""], [""0.02885"", ""1556.09""], [""0.02883"", ""4804.17""]]","[[""0.02911"", ""2772.30""], [""0.02912"", ""3368.70""], [""0.02913"", ""2768.40""], [""0.02914"", ""8822.66""], [""0.02915"", ""12828.42""], [""0.02916"", ""9012.41""], [""0.02917"", ""3348.18""], [""0.02919"", ""17035.26""], [""0.02921"", ""77747.34""], [""0.02922"", ""18528.62""], [""0.02923"", ""5591.50""], [""0.02924"", ""16161.30""], [""0.02925"", ""8261.15""], [""0.02926"", ""11101.90""], [""0.02929"", ""6624.35""], [""0.02930"", ""3575.19""], [""0.02931"", ""24861.05""], [""0.02932"", ""4602.89""], [""0.02933"", ""2745.66""], [""0.02935"", ""981.01""]]"
2026-08-26T16:10:02.265281Z,1787760602265,PIPPINUSDT,0.018498,78840.00,0.018572,1889.80,244033.56,162259.25,1787760602449,"[[""0.018498"", ""78840.00""], [""0.018497"", ""8617.00""], [""0.018495"", ""8617.00""], [""0.018472"", ""212.32""], [""0.018462"", ""2726.53""], [""0.018461"", ""13000.37""], [""0.018452"", ""28186.89""], [""0.018451"", ""56372.64""], [""0.018443"", ""18798.96""], [""0.018431"", ""18791.26""], [""0.018408"", ""195.31""], [""0.018398"", ""75.22""], [""0.018354"", ""1660.45""], [""0.018321"", ""177.27""], [""0.018307"", ""1334.25""], [""0.018290"", ""1174.17""], [""0.018283"", ""1120.70""], [""0.018281"", ""1289.04""], [""0.018277"", ""1476.99""], [""0.018276"", ""1367.19""]]","[[""0.018572"", ""1889.80""], [""0.018573"", ""5241.93""], [""0.018576"", ""18778.50""], [""0.018585"", ""4160.00""], [""0.018586"", ""84434.13""], [""0.018629"", ""9200.00""], [""0.018631"", ""1617.16""], [""0.018632"", ""229.05""], [""0.018645"", ""10738.48""], [""0.018646"", ""2722.32""], [""0.018647"", ""3142.00""], [""0.018667"", ""2738.82""], [""0.018672"", ""2638.58""], [""0.018674"", ""2638.58""], [""0.018675"", ""3740.00""], [""0.018676"", ""2638.58""], [""0.018678"", ""2638.58""], [""0.018679"", ""1704.50""], [""0.018680"", ""1163.44""], [""0.018703"", ""204.80""]]"
2026-08-26T16:10:02.265281Z,1787760602265,NILUSDT,0.04531,117.57,0.04548,939.23,481429.9,45553.55,1787760602914,"[[""0.04531"", ""117.57""], [""0.04528"", ""3038.00""], [""0.04523"", ""339.13""], [""0.04522"", ""4326.00""], [""0.04519"", ""225.34""], [""0.04518"", ""2500.00""], [""0.04517"", ""10575.00""], [""0.04515"", ""1093.80""], [""0.04514"", ""2595.60""], [""0.04513"", ""14366.00""], [""0.04511"", ""3242.81""], [""0.04508"", ""685.00""], [""0.04506"", ""1104.00""], [""0.04500"", ""23.77""], [""0.04499"", ""3948.00""], [""0.04496"", ""27000.00""], [""0.04494"", ""31.12""], [""0.04490"", ""617.51""], [""0.04489"", ""3244.50""], [""0.04480"", ""402356.75""]]","[[""0.04548"", ""939.23""], [""0.04550"", ""1519.00""], [""0.04553"", ""4360.77""], [""0.04558"", ""5288.00""], [""0.04561"", ""378.00""], [""0.04564"", ""7556.00""], [""0.04568"", ""41.69""], [""0.04570"", ""1407.00""], [""0.04572"", ""34.52""], [""0.04579"", ""14625.00""], [""0.04584"", ""386.01""], [""0.04585"", ""2163.00""], [""0.04610"", ""1785.00""], [""0.04612"", ""1707.52""], [""0.04614"", ""1381.14""], [""0.04615"", ""28.12""], [""0.04616"", ""1796.40""], [""0.04617"", ""27.86""], [""0.04618"", ""101.16""], [""0.04620"", ""28.13""]]"
2026-08-26T16:10:02.265281Z,1787760602265,MINAUSDT,0.06250,626.78,0.06251,7869.10,989167.5700000001,446684.33,1787760603853,"[[""0.06250"", ""626.78""], [""0.06240"", ""2700.00""], [""0.06228"", ""8678.07""], [""0.06227"", ""40726.50""], [""0.06218"", ""55131.40""], [""0.06209"", ""42152.66""], [""0.06200"", ""525253.52""], [""0.06187"", ""179.34""], [""0.06186"", ""37033.81""], [""0.06178"", ""23854.38""], [""0.06160"", ""71819.00""], [""0.06137"", ""41509.73""], [""0.06128"", ""10579.23""], [""0.06127"", ""691.24""], [""0.06120"", ""94897.44""], [""0.06115"", ""6318.27""], [""0.06106"", ""13280.40""], [""0.06097"", ""2505.15""], [""0.06088"", ""4576.41""], [""0.06075"", ""6654.24""]]","[[""0.06251"", ""7869.10""], [""0.06261"", ""6624.66""], [""0.06262"", ""16751.60""], [""0.06273"", ""28952.70""], [""0.06280"", ""34641.30""], [""0.06291"", ""39425.43""], [""0.06302"", ""70424.31""], [""0.06313"", ""18511.57""], [""0.06331"", ""37040.63""], [""0.06353"", ""89441.11""], [""0.06355"", ""19.18""], [""0.06362"", ""2503.35""], [""0.06371"", ""77412.94""], [""0.06373"", ""18.83""], [""0.06384"", ""2864.97""], [""0.06395"", ""2864.97""], [""0.06413"", ""7528.23""], [""0.06424"", ""73.62""], [""0.06435"", ""562.23""], [""0.06442"", ""3153.60""]]"
2026-08-26T16:10:02.265281Z,1787760602265,SFPUSDT,0.2617,499.00,0.2619,397.00,14903.05,9637.33,1787760603113,"[[""0.2617"", ""499.00""], [""0.2616"", ""2844.00""], [""0.2615"", ""1404.00""], [""0.2614"", ""1056.00""], [""0.2613"", ""2968.90""], [""0.2612"", ""3216.00""], [""0.2611"", ""22.00""], [""0.2610"", ""47.54""], [""0.2609"", ""509.30""], [""0.2607"", ""89.10""], [""0.2606"", ""16.00""], [""0.2605"", ""98.80""], [""0.2604"", ""16.00""], [""0.2603"", ""16.00""], [""0.2602"", ""16.00""], [""0.2601"", ""224.00""], [""0.2600"", ""1111.59""], [""0.2599"", ""16.00""], [""0.2598"", ""4.62""], [""0.2597"", ""728.20""]]","[[""0.2619"", ""397.00""], [""0.2620"", ""157.00""], [""0.2621"", ""120.00""], [""0.2622"", ""1207.80""], [""0.2623"", ""1170.03""], [""0.2624"", ""1141.90""], [""0.2625"", ""22.00""], [""0.2627"", ""523.60""], [""0.2629"", ""3097.60""], [""0.2630"", ""769.17""], [""0.2631"", ""71.17""], [""0.2632"", ""16.00""], [""0.2633"", ""16.00""], [""0.2634"", ""16.00""], [""0.2637"", ""668.95""], [""0.2644"", ""4.54""], [""0.2646"", ""76.00""], [""0.2649"", ""152.80""], [""0.2651"", ""4.53""], [""0.2665"", ""5.24""]]"
2026-08-26T16:10:02.265281Z,1787760602265,XYOUSDT,0.00351,140000.00,0.00355,111399.71,1219468.98,1269142.52,1787760605467,"[[""0.00351"", ""140000.00""], [""0.00349"", ""15575.93""], [""0.00348"", ""28196.58""], [""0.00347"", ""48536.69""], [""0.00346"", ""153052.00""], [""0.00345"", ""163234.97""], [""0.00344"", ""202393.03""], [""0.00343"", ""202417.70""], [""0.00342"", ""202332.78""], [""0.00341"", ""8072.47""], [""0.00335"", ""9377.46""], [""0.00334"", ""8554.31""], [""0.00333"", ""2995.70""], [""0.00332"", ""5292.63""], [""0.00331"", ""5308.69""], [""0.00329"", ""2967.01""], [""0.00328"", ""9450.65""], [""0.00327"", ""2917.82""], [""0.00325"", ""2913.67""], [""0.00324"", ""5878.89""]]","[[""0.00355"", ""111399.71""], [""0.00356"", ""56852.46""], [""0.00357"", ""19659.59""], [""0.00358"", ""65247.79""], [""0.00360"", ""36036.24""], [""0.00361"", ""1378.49""], [""0.00362"", ""1919.40""], [""0.00363"", ""4540.60""], [""0.00366"", ""41586.16""], [""0.00375"", ""16683.17""], [""0.00420"", ""297950.46""], [""0.00481"", ""56157.86""], [""0.00577"", ""376411.05""], [""0.00715"", ""16091.36""], [""0.00800"", ""4996.33""], [""0.00900"", ""17433.75""], [""0.01190"", ""84.04""], [""0.01200"", ""3783.13""], [""0.01300"", ""49740.34""], [""0.01400"", ""91190.59""]]"
2026-08-26T16:10:02.265281Z,1787760602265,GOATUSDT,0.01554,978.75,0.01558,26124.26,212404.06,305665.47,1787760606070,"[[""0.01554"", ""978.75""], [""0.01553"", ""15789.87""], [""0.01552"", ""77.32""], [""0.01551"", ""50596.34""], [""0.01550"", ""77.42""], [""0.01549"", ""24439.68""], [""0.01548"", ""77.52""], [""0.01547"", ""3355.23""], [""0.01546"", ""20441.26""], [""0.01545"", ""77.67""], [""0.01544"", ""16283.89""], [""0.01543"", ""9483.62""], [""0.01542"", ""17866.89""], [""0.01541"", ""2655.06""], [""0.01540"", ""14897.04""], [""0.01539"", ""2658.28""], [""0.01538"", ""3019.67""], [""0.01537"", ""1595.88""], [""0.01536"", ""1551.23""], [""0.01535"", ""26481.44""]]","[[""0.01558"", ""26124.26""], [""0.01559"", ""15434.08""], [""0.01560"", ""4282.75""], [""0.01561"", ""715.82""], [""0.01562"", ""28437.98""], [""0.01563"", ""17292.91""], [""0.01564"", ""76.73""], [""0.01565"", ""587.25""], [""0.01566"", ""23657.95""], [""0.01567"", ""15343.71""], [""0.01568"", ""13346.46""], [""0.01569"", ""49137.67""], [""0.01570"", ""27039.37""], [""0.01571"", ""42524.64""], [""0.01572"", ""14354.55""], [""0.01573"", ""2862.38""], [""0.01574"", ""10130.84""], [""0.01575"", ""11080.96""], [""0.01576"", ""76.36""], [""0.01577"", ""3158.80""]]"
2026-08-26T16:10:02.265281Z,1787760602265,XPRUSDT,0.0028449,6609.30,0.0028585,17354.50,150249.81,264887.58,1787760607068,"[[""0.0028449"", ""6609.30""], [""0.0028442"", ""5287.44""], [""0.0028440"", ""5287.44""], [""0.0028439"", ""5287.44""], [""0.0028437"", ""5287.44""], [""0.0028436"", ""5287.44""], [""0.0028434"", ""968.32""], [""0.0028430"", ""5287.44""], [""0.0028394"", ""2672.01""], [""0.0028380"", ""7998.40""], [""0.0028353"", ""5287.44""], [""0.0028352"", ""2973.28""], [""0.0028350"", ""5287.44""], [""0.0028323"", ""7307.54""], [""0.0028321"", ""5287.44""], [""0.0028318"", ""5287.44""], [""0.0028317"", ""52984.24""], [""0.0028314"", ""5287.44""], [""0.0028311"", ""5287.44""], [""0.0028299"", ""5287.44""]]","[[""0.0028585"", ""17354.50""], [""0.0028592"", ""34974.81""], [""0.0028593"", ""62797.49""], [""0.0028594"", ""90053.85""], [""0.0028607"", ""5287.44""], [""0.0028611"", ""2362.48""], [""0.0028613"", ""5287.44""], [""0.0028620"", ""5287.44""], [""0.0028623"", ""433.74""], [""0.0028632"", ""440.35""], [""0.0028658"", ""13702.27""], [""0.0028667"", ""4640.80""], [""0.0028668"", ""4640.80""], [""0.0028686"", ""439.64""], [""0.0028689"", ""418.28""], [""0.0028690"", ""5287.44""], [""0.0028692"", ""418.24""], [""0.0028699"", ""5287.44""], [""0.0028701"", ""485.69""], [""0.0028702"", ""5287.44""]]"
2026-08-26T16:10:02.265281Z,1787760602265,SUSDT,0.02890,175.00,0.02893,3368.70,423654.75,246661.32,1787760607551,"[[""0.02890"", ""175.00""], [""0.02889"", ""5427.00""], [""0.02888"", ""17250.30""], [""0.02887"", ""21863.93""], [""0.02886"", ""25143.25""], [""0.02885"", ""6649.83""], [""0.02884"", ""9062.13""], [""0.02882"", ""55666.49""], [""0.02880"", ""93703.94""], [""0.02879"", ""4123.35""], [""0.02878"", ""70350.14""], [""0.02877"", ""18724.15""], [""0.02876"", ""8008.55""], [""0.02875"", ""3965.25""], [""0.02874"", ""13910.90""], [""0.02873"", ""4876.05""], [""0.02872"", ""35846.50""], [""0.02871"", ""21640.35""], [""0.02870"", ""4547.46""], [""0.02868"", ""2720.18""]]","[[""0.02893"", ""3368.70""], [""0.02894"", ""4001.21""], [""0.02895"", ""4219.32""], [""0.02896"", ""20387.07""], [""0.02897"", ""12714.11""], [""0.02898"", ""6649.83""], [""0.02899"", ""16763.50""], [""0.02901"", ""51868.08""], [""0.02902"", ""10522.00""], [""0.02903"", ""33756.65""], [""0.02904"", ""4880.20""], [""0.02905"", ""3297.32""], [""0.02906"", ""24371.49""], [""0.02907"", ""2823.73""], [""0.02908"", ""8138.88""], [""0.02911"", ""3887.25""], [""0.02912"", ""5203.19""], [""0.02913"", ""22695.32""], [""0.02914"", ""1434.35""], [""0.02915"", ""5679.12""]]"
2026-08-26T17:10:02.278207Z,1787764202278,PIPPINUSDT,0.018585,3596.24,0.018631,5098.09,220473.69,152480.35,1787764202148,"[[""0.018585"", ""3596.24""], [""0.018584"", ""78840.00""], [""0.018570"", ""3932.12""], [""0.018569"", ""18702.14""], [""0.018562"", ""56027.36""], [""0.018561"", ""28013.68""], [""0.018529"", ""9349.94""], [""0.018520"", ""9349.94""], [""0.018466"", ""176.02""], [""0.018451"", ""1367.38""], [""0.018432"", ""1529.90""], [""0.018420"", ""1335.99""], [""0.018416"", ""1280.77""], [""0.018392"", ""178.23""], [""0.018374"", ""1351.40""], [""0.018373"", ""1334.25""], [""0.018333"", ""1483.43""], [""0.018321"", ""177.27""], [""0.018290"", ""1144.19""], [""0.018287"", ""1303.44""]]","[[""0.018631"", ""5098.09""], [""0.018632"", ""229.05""], [""0.018638"", ""18695.60""], [""0.018653"", ""1695.73""], [""0.018654"", ""10738.48""], [""0.018675"", ""56043.16""], [""0.018685"", ""28019.32""], [""0.018696"", ""1330.00""], [""0.018699"", ""2672.03""], [""0.018703"", ""204.80""], [""0.018704"", ""2626.19""], [""0.018705"", ""3740.00""], [""0.018706"", ""1735.00""], [""0.018707"", ""4305.44""], [""0.018708"", ""2793.59""], [""0.018709"", ""2793.59""], [""0.018712"", ""2722.57""], [""0.018713"", ""2697.40""], [""0.018757"", ""4160.00""], [""0.018758"", ""180.31""]]"
2026-08-26T17:10:02.278207Z,1787764202278,NILUSDT,0.04436,188.86,0.04448,176.60,43860.27,58236.38,1787764203113,"[[""0.04436"", ""188.86""], [""0.04435"", ""3038.00""], [""0.04428"", ""412.62""], [""0.04427"", ""908.57""], [""0.04426"", ""2948.86""], [""0.04425"", ""8447.00""], [""0.04424"", ""2500.00""], [""0.04423"", ""10798.56""], [""0.04420"", ""1127.00""], [""0.04419"", ""5922.00""], [""0.04418"", ""3738.87""], [""0.04417"", ""2858.94""], [""0.04416"", ""617.49""], [""0.04415"", ""31.48""], [""0.04414"", ""103.32""], [""0.04413"", ""31.20""], [""0.04412"", ""27.20""], [""0.04411"", ""103.50""], [""0.04410"", ""29.58""], [""0.04409"", ""27.22""]]","[[""0.04448"", ""176.60""], [""0.04449"", ""187.51""], [""0.04451"", ""1172.12""], [""0.04452"", ""1273.20""], [""0.04453"", ""223.57""], [""0.04454"", ""670.71""], [""0.04455"", ""2500.00""], [""0.04456"", ""4019.00""], [""0.04457"", ""685.00""], [""0.04459"", ""2500.00""], [""0.04460"", ""4326.00""], [""0.04464"", ""3703.55""], [""0.04466"", ""5288.00""], [""0.04469"", ""8097.01""], [""0.04470"", ""11699.00""], [""0.04471"", ""103.14""], [""0.04472"", ""1675.17""], [""0.04473"", ""9880.65""], [""0.04474"", ""29.33""], [""0.04475"", ""26.82""]]"
2026-08-26T17:10:02.278207Z,1787764202278,MINAUSDT,0.06186,2700.00,0.06199,541.68,1218197.8,395417.28,1787764202152,"[[""0.06186"", ""2700.00""], [""0.06180"", ""494.69""], [""0.06179"", ""8486.88""], [""0.06178"", ""26783.00""], [""0.06168"", ""47507.70""], [""0.06161"", ""2101.99""], [""0.06160"", ""94232.49""], [""0.06148"", ""179.34""], [""0.06147"", ""643188.81""], [""0.06137"", ""69545.52""], [""0.06129"", ""19185.10""], [""0.06107"", ""63307.20""], [""0.06089"", ""21567.04""], [""0.06088"", ""2505.33""], [""0.06075"", ""6654.24""], [""0.06066"", ""159435.51""], [""0.06057"", ""30982.41""], [""0.06048"", ""12049.02""], [""0.06035"", ""4786.65""], [""0.06026"", ""2504.88""]]","[[""0.06199"", ""541.68""], [""0.06200"", ""17776.20""], [""0.06211"", ""30622.83""], [""0.06222"", ""36425.90""], [""0.06233"", ""44156.64""], [""0.06240"", ""42813.87""], [""0.06251"", ""24578.29""], [""0.06262"", ""24578.29""], [""0.06280"", ""81574.46""], [""0.06302"", ""60678.53""], [""0.06304"", ""19.04""], [""0.06315"", ""19.98""], [""0.06320"", ""9180.71""], [""0.06322"", ""2503.98""], [""0.06333"", ""2503.80""], [""0.06344"", ""2503.71""], [""0.06355"", ""4450.95""], [""0.06362"", ""3146.22""], [""0.06373"", ""2503.35""], [""0.06395"", ""4838.85""]]"
2026-08-26T17:10:02.278207Z,1787764202278,SFPUSDT,0.2624,146.00,0.2627,580.00,14311.91,9643.09,1787764188213,"[[""0.2624"", ""146.00""], [""0.2623"", ""100.00""], [""0.2622"", ""109.00""], [""0.2621"", ""1427.00""], [""0.2620"", ""1570.80""], [""0.2619"", ""2570.80""], [""0.2617"", ""558.80""], [""0.2616"", ""68.68""], [""0.2614"", ""1851.30""], [""0.2612"", ""66.00""], [""0.2611"", ""16.00""], [""0.2610"", ""4903.30""], [""0.2609"", ""4.60""], [""0.2608"", ""436.80""], [""0.2607"", ""4.97""], [""0.2606"", ""5.04""], [""0.2605"", ""16.00""], [""0.2604"", ""16.00""], [""0.2603"", ""424.82""], [""0.2602"", ""16.00""]]","[[""0.2627"", ""580.00""], [""0.2628"", ""120.00""], [""0.2629"", ""200.00""], [""0.2630"", ""68.17""], [""0.2631"", ""1439.90""], [""0.2632"", ""1798.60""], [""0.2633"", ""2060.30""], [""0.2635"", ""2392.50""], [""0.2637"", ""156.32""], [""0.2638"", ""16.00""], [""0.2639"", ""82.00""], [""0.2640"", ""16.00""], [""0.2641"", ""16.00""], [""0.2642"", ""16.00""], [""0.2643"", ""16.00""], [""0.2644"", ""16.00""], [""0.2646"", ""4.54""], [""0.2649"", ""152.80""], [""0.2651"", ""4.53""], [""0.2665"", ""487.43""]]"
2026-08-26T17:10:02.278207Z,1787764202278,XYOUSDT,0.00334,214350.00,0.00337,584.58,1642694.35,1585571.7,1787764205467,"[[""0.00334"", ""214350.00""], [""0.00333"", ""248074.30""], [""0.00332"", ""188965.57""], [""0.00331"", ""357867.50""], [""0.00330"", ""60322.94""], [""0.00329"", ""112975.79""], [""0.00328"", ""111539.63""], [""0.00327"", ""112003.99""], [""0.00326"", ""201921.05""], [""0.00325"", ""10986.04""], [""0.00324"", ""2094.97""], [""0.00323"", ""2183.26""], [""0.00322"", ""4650.07""], [""0.00321"", ""2145.55""], [""0.00320"", ""2094.97""], [""0.00319"", ""2133.52""], [""0.00318"", ""2094.97""], [""0.00317"", ""2061.74""], [""0.00316"", ""2094.97""], [""0.00315"", ""2133.52""]]","[[""0.00337"", ""584.58""], [""0.00338"", ""42069.46""], [""0.00339"", ""73956.76""], [""0.00340"", ""175584.92""], [""0.00341"", ""273831.03""], [""0.00342"", ""147981.67""], [""0.00343"", ""62483.13""], [""0.00344"", ""41473.81""], [""0.00345"", ""2413.36""], [""0.00346"", ""4346.45""], [""0.00347"", ""2423.71""], [""0.00348"", ""2245.65""], [""0.00349"", ""2487.51""], [""0.00350"", ""2490.06""], [""0.00351"", ""1510.30""], [""0.00352"", ""2486.76""], [""0.00375"", ""16683.17""], [""0.00420"", ""297950.46""], [""0.00481"", ""56157.86""], [""0.00577"", ""376411.05""]]"
2026-08-26T17:10:02.278207Z,1787764202278,GOATUSDT,0.01550,978.75,0.01554,21662.08,212014.23,310833.28,1787764206168,"[[""0.01550"", ""978.75""], [""0.01549"", ""3488.80""], [""0.01548"", ""77.52""], [""0.01547"", ""70966.99""], [""0.01546"", ""77.62""], [""0.01545"", ""21767.24""], [""0.01544"", ""84.39""], [""0.01543"", ""3035.78""], [""0.01542"", ""5284.10""], [""0.01541"", ""4413.14""], [""0.01540"", ""30067.15""], [""0.01539"", ""90.71""], [""0.01538"", ""89.49""], [""0.01537"", ""4743.91""], [""0.01536"", ""14138.10""], [""0.01535"", ""4932.46""], [""0.01534"", ""9606.00""], [""0.01533"", ""25538.43""], [""0.01532"", ""3957.74""], [""0.01531"", ""8675.91""]]","[[""0.01554"", ""21662.08""], [""0.01555"", ""87.23""], [""0.01556"", ""3949.36""], [""0.01557"", ""11916.99""], [""0.01558"", ""28199.68""], [""0.01559"", ""27378.16""], [""0.01560"", ""56159.07""], [""0.01561"", ""16622.60""], [""0.01562"", ""23204.36""], [""0.01563"", ""5618.18""], [""0.01564"", ""4664.50""], [""0.01565"", ""16631.11""], [""0.01566"", ""11149.32""], [""0.01567"", ""33226.48""], [""0.01568"", ""4149.63""], [""0.01569"", ""16344.45""], [""0.01570"", ""1754.22""], [""0.01571"", ""1178.21""], [""0.01572"", ""1090.73""], [""0.01573"", ""25846.92""]]"
2026-08-26T17:10:02.278207Z,1787764202278,XPRUSDT,0.0028287,3490.70,0.0028367,6609.30,230610.88999999998,511455.7,1787764207067,"[[""0.0028287"", ""3490.70""], [""0.0028286"", ""2792.56""], [""0.0028235"", ""5600.80""], [""0.0028234"", ""7105.16""], [""0.0028196"", ""5287.44""], [""0.0028157"", ""2362.12""], [""0.0028156"", ""10654.92""], [""0.0028154"", ""14015.68""], [""0.0028151"", ""27244.08""], [""0.0028147"", ""21183.38""], [""0.0028146"", ""14445.36""], [""0.0028140"", ""5287.44""], [""0.0028138"", ""7421.82""], [""0.0028137"", ""33079.84""], [""0.0028132"", ""11946.82""], [""0.0028109"", ""7353.93""], [""0.0028104"", ""1779.10""], [""0.0028103"", ""36979.34""], [""0.0028102"", ""5287.44""], [""0.0028101"", ""7292.96""]]","[[""0.0028367"", ""6609.30""], [""0.0028373"", ""5287.44""], [""0.0028375"", ""422.91""], [""0.0028382"", ""45065.34""], [""0.0028383"", ""251008.37""], [""0.0028384"", ""35231.11""], [""0.0028385"", ""5287.44""], [""0.0028403"", ""87138.68""], [""0.0028431"", ""12467.60""], [""0.0028437"", ""5287.44""], [""0.0028438"", ""2915.04""], [""0.0028451"", ""5287.44""], [""0.0028452"", ""459.42""], [""0.0028453"", ""14058.31""], [""0.0028454"", ""5287.44""], [""0.0028472"", ""8271.70""], [""0.0028490"", ""11021.41""], [""0.0028498"", ""4640.80""], [""0.0028499"", ""421.07""], [""0.0028507"", ""5287.44""]]"
2026-08-26T17:10:02.278207Z,1787764202278,SUSDT,0.02888,4174.00,0.02889,11109.70,284773.65,234848.46,1787764207850,"[[""0.02888"", ""4174.00""], [""0.02887"", ""3468.70""], [""0.02886"", ""3368.70""], [""0.02885"", ""12932.70""], [""0.02884"", ""3900.05""], [""0.02883"", ""11691.24""], [""0.02882"", ""3680.05""], [""0.02880"", ""58004.21""], [""0.02879"", ""2080.44""], [""0.02878"", ""49481.08""], [""0.02877"", ""5644.02""], [""0.02876"", ""54428.35""], [""0.02875"", ""1522.70""], [""0.02874"", ""7302.05""], [""0.02873"", ""4108.00""], [""0.02872"", ""4011.00""], [""0.02871"", ""16510.30""], [""0.02870"", ""31777.00""], [""0.02869"", ""2664.06""], [""0.02868"", ""4025.00""]]","[[""0.02889"", ""11109.70""], [""0.02890"", ""3368.70""], [""0.02891"", ""3545.30""], [""0.02892"", ""20312.16""], [""0.02893"", ""6649.83""], [""0.02894"", ""13529.67""], [""0.02895"", ""46838.99""], [""0.02897"", ""23639.50""], [""0.02899"", ""18575.15""], [""0.02900"", ""1434.35""], [""0.02901"", ""37923.11""], [""0.02902"", ""6548.05""], [""0.02903"", ""6698.05""], [""0.02904"", ""4727.66""], [""0.02906"", ""250.00""], [""0.02907"", ""12349.19""], [""0.02910"", ""692.76""], [""0.02911"", ""1710.99""], [""0.02912"", ""11355.70""], [""0.02913"", ""3589.60""]]"
2026-08-26T18:10:01.252621Z,1787767801252,PIPPINUSDT,0.018738,5226.65,0.018783,78840.00,224182.69,246864.99,1787767801849,"[[""0.018738"", ""5226.65""], [""0.018737"", ""2960.61""], [""0.018735"", ""1064.00""], [""0.018733"", ""1781.48""], [""0.018725"", ""12817.08""], [""0.018706"", ""27817.75""], [""0.018705"", ""55635.50""], [""0.018699"", ""18547.80""], [""0.018690"", ""165.13""], [""0.018683"", ""9279.38""], [""0.018674"", ""9279.38""], [""0.018643"", ""211.74""], [""0.018622"", ""10738.48""], [""0.018621"", ""56601.69""], [""0.018607"", ""1364.04""], [""0.018603"", ""2523.77""], [""0.018592"", ""2275.24""], [""0.018590"", ""2914.50""], [""0.018586"", ""1483.43""], [""0.018576"", ""1495.04""]]","[[""0.018783"", ""78840.00""], [""0.018843"", ""5280.16""], [""0.018844"", ""4160.00""], [""0.018845"", ""55598.83""], [""0.018846"", ""27789.61""], [""0.018848"", ""18522.46""], [""0.018850"", ""173.71""], [""0.018879"", ""3700.00""], [""0.018880"", ""3732.21""], [""0.018881"", ""9200.00""], [""0.018887"", ""3142.00""], [""0.018919"", ""5280.00""], [""0.018920"", ""2680.96""], [""0.018924"", ""1917.68""], [""0.018927"", ""2680.96""], [""0.018928"", ""3789.96""], [""0.018933"", ""2680.96""], [""0.018955"", ""1582.00""], [""0.018956"", ""1760.91""], [""0.019000"", ""14352.58""]]"
2026-08-26T18:10:01.252621Z,1787767801252,NILUSDT,0.04404,424.24,0.04424,2068.37,43427.06,65841.42,1787767802613,"[[""0.04404"", ""424.24""], [""0.04403"", ""276.27""], [""0.04401"", ""3257.80""], [""0.04400"", ""685.00""], [""0.04399"", ""3038.00""], [""0.04396"", ""2500.00""], [""0.04395"", ""8560.00""], [""0.04390"", ""2500.00""], [""0.04389"", ""10575.00""], [""0.04388"", ""5922.00""], [""0.04387"", ""3019.60""], [""0.04386"", ""1239.04""], [""0.04385"", ""524.07""], [""0.04384"", ""32.58""], [""0.04383"", ""278.10""], [""0.04382"", ""31.11""], [""0.04381"", ""30.27""], [""0.04380"", ""27.40""], [""0.04379"", ""31.75""], [""0.04378"", ""474.83""]]","[[""0.04424"", ""2068.37""], [""0.04425"", ""1519.00""], [""0.04428"", ""786.43""], [""0.04429"", ""2500.00""], [""0.04430"", ""4326.00""], [""0.04432"", ""2500.00""], [""0.04433"", ""5288.00""], [""0.04434"", ""2500.00""], [""0.04435"", ""7440.00""], [""0.04439"", ""13295.00""], [""0.04440"", ""388.01""], [""0.04441"", ""3948.00""], [""0.04442"", ""103.77""], [""0.04443"", ""103.77""], [""0.04444"", ""27.90""], [""0.04445"", ""2035.71""], [""0.04446"", ""2298.67""], [""0.04447"", ""31.39""], [""0.04448"", ""26.98""], [""0.04451"", ""14654.42""]]"
2026-08-26T18:10:01.252621Z,1787767801252,MINAUSDT,0.06170,2415.78,0.06182,7415.90,1252623.03,456144.79,1787767799352,"[[""0.06170"", ""2415.78""], [""0.06169"", ""8333.65""], [""0.06168"", ""27951.70""], [""0.06160"", ""76739.40""], [""0.06148"", ""2106.44""], [""0.06147"", ""121788.37""], [""0.06138"", ""179.34""], [""0.06137"", ""57494.80""], [""0.06129"", ""568198.84""], [""0.06120"", ""47733.51""], [""0.06107"", ""23666.72""], [""0.06089"", ""86602.45""], [""0.06066"", ""111963.52""], [""0.06057"", ""60480.72""], [""0.06048"", ""35854.51""], [""0.06035"", ""3238.83""], [""0.06026"", ""4596.66""], [""0.06017"", ""2505.06""], [""0.06008"", ""8267.67""], [""0.05995"", ""2505.06""]]","[[""0.06182"", ""7415.90""], [""0.06193"", ""29149.20""], [""0.06199"", ""7925.13""], [""0.06200"", ""39041.20""], [""0.06211"", ""31540.40""], [""0.06222"", ""27105.54""], [""0.06233"", ""78149.39""], [""0.06240"", ""20224.93""], [""0.06262"", ""61621.23""], [""0.06272"", ""492.13""], [""0.06280"", ""36920.95""], [""0.06282"", ""8632.71""], [""0.06293"", ""8632.71""], [""0.06302"", ""83010.07""], [""0.06304"", ""19.04""], [""0.06315"", ""4268.88""], [""0.06322"", ""2503.98""], [""0.06333"", ""2503.80""], [""0.06344"", ""4483.89""], [""0.06355"", ""2503.71""]]"
2026-08-26T18:10:01.252621Z,1787767801252,SFPUSDT,0.2613,477.00,0.2616,177.00,12381.44,14961.210000000001,1787767804213,"[[""0.2613"", ""477.00""], [""0.2612"", ""20.00""], [""0.2611"", ""776.00""], [""0.2610"", ""141.90""], [""0.2609"", ""1619.20""], [""0.2608"", ""1123.20""], [""0.2607"", ""1725.48""], [""0.2605"", ""526.90""], [""0.2603"", ""5566.00""], [""0.2602"", ""5.43""], [""0.2601"", ""4.63""], [""0.2600"", ""16.00""], [""0.2599"", ""290.07""], [""0.2598"", ""16.00""], [""0.2597"", ""16.00""], [""0.2596"", ""16.00""], [""0.2595"", ""16.00""], [""0.2594"", ""4.63""], [""0.2593"", ""16.00""], [""0.2588"", ""5.00""]]","[[""0.2616"", ""177.00""], [""0.2617"", ""120.00""], [""0.2618"", ""65.00""], [""0.2619"", ""1243.00""], [""0.2620"", ""1122.00""], [""0.2621"", ""1070.04""], [""0.2622"", ""22.00""], [""0.2624"", ""521.40""], [""0.2626"", ""4852.22""], [""0.2627"", ""325.51""], [""0.2628"", ""2561.07""], [""0.2629"", ""223.20""], [""0.2630"", ""1540.80""], [""0.2631"", ""16.00""], [""0.2632"", ""16.00""], [""0.2633"", ""16.00""], [""0.2634"", ""882.40""], [""0.2635"", ""16.00""], [""0.2636"", ""16.00""], [""0.2650"", ""155.57""]]"
2026-08-26T18:10:01.252621Z,1787767801252,XYOUSDT,0.00338,71764.00,0.00342,142104.15,1697029.76,1728258.35,1787767805067,"[[""0.00338"", ""71764.00""], [""0.00337"", ""371387.00""], [""0.00336"", ""251090.10""], [""0.00335"", ""149257.55""], [""0.00334"", ""207174.48""], [""0.00333"", ""155503.41""], [""0.00332"", ""163444.23""], [""0.00331"", ""278339.43""], [""0.00330"", ""22309.05""], [""0.00329"", ""2487.51""], [""0.00328"", ""2090.58""], [""0.00327"", ""2090.58""], [""0.00326"", ""1921.05""], [""0.00325"", ""5423.55""], [""0.00324"", ""2094.97""], [""0.00323"", ""2183.26""], [""0.00322"", ""2094.97""], [""0.00321"", ""2145.55""], [""0.00320"", ""2094.97""], [""0.00319"", ""2133.52""]]","[[""0.00342"", ""142104.15""], [""0.00343"", ""4034.09""], [""0.00344"", ""337129.21""], [""0.00345"", ""151937.36""], [""0.00346"", ""194471.10""], [""0.00347"", ""84824.37""], [""0.00349"", ""22147.10""], [""0.00351"", ""6239.35""], [""0.00353"", ""3959.84""], [""0.00355"", ""3738.32""], [""0.00357"", ""3346.27""], [""0.00358"", ""2135.88""], [""0.00359"", ""1937.73""], [""0.00360"", ""1963.35""], [""0.00363"", ""16683.17""], [""0.00420"", ""297950.46""], [""0.00481"", ""56157.86""], [""0.00577"", ""376411.05""], [""0.00715"", ""16091.36""], [""0.00800"", ""4996.33""]]"
2026-08-26T18:10:01.252621Z,1787767801252,GOATUSDT,0.01557,978.75,0.01561,14230.58,186654.52,268680.16,1787767801268,"[[""0.01557"", ""978.75""], [""0.01556"", ""17494.12""], [""0.01555"", ""79.93""], [""0.01554"", ""43781.76""], [""0.01553"", ""77.27""], [""0.01552"", ""25799.93""], [""0.01551"", ""77.37""], [""0.01550"", ""4261.25""], [""0.01549"", ""12517.51""], [""0.01548"", ""2533.84""], [""0.01547"", ""23465.50""], [""0.01546"", ""3766.91""], [""0.01545"", ""15617.67""], [""0.01544"", ""1943.19""], [""0.01543"", ""18210.90""], [""0.01542"", ""2362.83""], [""0.01541"", ""7474.51""], [""0.01540"", ""1236.73""], [""0.01539"", ""83.24""], [""0.01538"", ""4891.31""]]","[[""0.01561"", ""14230.58""], [""0.01562"", ""11439.05""], [""0.01563"", ""76.78""], [""0.01564"", ""22569.53""], [""0.01565"", ""2604.68""], [""0.01566"", ""19304.26""], [""0.01567"", ""3306.58""], [""0.01568"", ""1965.23""], [""0.01569"", ""11156.15""], [""0.01570"", ""79.82""], [""0.01571"", ""11160.78""], [""0.01572"", ""39909.94""], [""0.01573"", ""38848.61""], [""0.01574"", ""51374.51""], [""0.01575"", ""18613.14""], [""0.01576"", ""82.41""], [""0.01577"", ""13597.12""], [""0.01578"", ""76.05""], [""0.01579"", ""3360.91""], [""0.01580"", ""4924.03""]]"
2026-08-26T18:10:01.252621Z,1787767801252,XPRUSDT,0.0028372,2876.96,0.0028476,69863.22,341843.58,588937.28,1787767806868,"[[""0.0028372"", ""2876.96""], [""0.0028371"", ""9724.20""], [""0.0028353"", ""7776.40""], [""0.0028336"", ""70591.87""], [""0.0028335"", ""7307.54""], [""0.0028332"", ""5287.44""], [""0.0028331"", ""69514.78""], [""0.0028329"", ""5287.44""], [""0.0028299"", ""8021.36""], [""0.0028298"", ""5287.44""], [""0.0028293"", ""3517.52""], [""0.0028266"", ""12846.60""], [""0.0028258"", ""5287.44""], [""0.0028257"", ""43521.20""], [""0.0028234"", ""7105.16""], [""0.0028227"", ""9913.65""], [""0.0028225"", ""5287.44""], [""0.0028218"", ""7307.54""], [""0.0028217"", ""50094.16""], [""0.0028207"", ""5287.44""]]","[[""0.0028476"", ""69863.22""], [""0.0028477"", ""301918.91""], [""0.0028482"", ""10532.96""], [""0.0028495"", ""92121.42""], [""0.0028506"", ""5287.44""], [""0.0028509"", ""420.92""], [""0.0028519"", ""32371.91""], [""0.0028553"", ""14020.68""], [""0.0028560"", ""7699.92""], [""0.0028561"", ""5287.44""], [""0.0028563"", ""490.48""], [""0.0028566"", ""5287.44""], [""0.0028569"", ""420.04""], [""0.0028583"", ""8271.70""], [""0.0028587"", ""13710.07""], [""0.0028600"", ""7246.80""], [""0.0028601"", ""5287.44""], [""0.0028603"", ""2973.28""], [""0.0028622"", ""5287.44""], [""0.0028625"", ""437.77""]]"
2026-08-26T18:10:01.252621Z,1787767801252,SUSDT,0.03070,5380.10,0.03073,565.08,321157.66,180726.96,1787767807751,"[[""0.03070"", ""5380.10""], [""0.03069"", ""6159.70""], [""0.03068"", ""4062.38""], [""0.03067"", ""5659.70""], [""0.03066"", ""17851.13""], [""0.03065"", ""16707.83""], [""0.03064"", ""6703.22""], [""0.03063"", ""65.29""], [""0.03062"", ""29520.26""], [""0.03060"", ""67361.92""], [""0.03059"", ""18608.55""], [""0.03058"", ""52175.53""], [""0.03057"", ""14561.35""], [""0.03056"", ""4691.30""], [""0.03055"", ""3999.35""], [""0.03054"", ""15963.55""], [""0.03053"", ""31739.35""], [""0.03052"", ""3869.80""], [""0.03051"", ""14643.00""], [""0.03050"", ""1434.35""]]","[[""0.03073"", ""565.08""], [""0.03074"", ""2933.76""], [""0.03075"", ""231.24""], [""0.03076"", ""10981.01""], [""0.03077"", ""17146.78""], [""0.03078"", ""6703.14""], [""0.03079"", ""3677.34""], [""0.03080"", ""9420.04""], [""0.03081"", ""64.91""], [""0.03082"", ""32059.17""], [""0.03084"", ""36178.40""], [""0.03085"", ""5603.62""], [""0.03086"", ""1434.35""], [""0.03087"", ""5449.40""], [""0.03088"", ""15295.56""], [""0.03089"", ""7299.45""], [""0.03090"", ""2538.87""], [""0.03091"", ""4835.45""], [""0.03092"", ""15479.54""], [""0.03093"", ""2829.85""]]"
2026-08-26T19:10:02.244192Z,1787771402244,PIPPINUSDT,0.018776,9726.35,0.018810,780.45,230400.52,222491.09,1787771402449,"[[""0.018776"", ""9726.35""], [""0.018775"", ""1381.08""], [""0.018774"", ""2130.00""], [""0.018772"", ""9726.35""], [""0.018771"", ""20965.60""], [""0.018770"", ""9245.40""], [""0.018768"", ""55494.28""], [""0.018762"", ""27747.14""], [""0.018748"", ""177.80""], [""0.018745"", ""18508.92""], [""0.018707"", ""1516.82""], [""0.018701"", ""1529.90""], [""0.018690"", ""165.13""], [""0.018663"", ""1637.28""], [""0.018643"", ""211.74""], [""0.018622"", ""10738.48""], [""0.018621"", ""56601.69""], [""0.018618"", ""1327.66""], [""0.018597"", ""1351.40""], [""0.018575"", ""217.50""]]","[[""0.018810"", ""780.45""], [""0.018812"", ""780.45""], [""0.018815"", ""78840.00""], [""0.018838"", ""3880.00""], [""0.018848"", ""9248.92""], [""0.018849"", ""9248.92""], [""0.018865"", ""27747.88""], [""0.018866"", ""55475.84""], [""0.018903"", ""9200.00""], [""0.018904"", ""3732.21""], [""0.018907"", ""3142.00""], [""0.018928"", ""199.52""], [""0.018947"", ""3690.00""], [""0.018948"", ""2753.57""], [""0.018949"", ""2255.47""], [""0.018955"", ""2583.78""], [""0.018956"", ""2994.80""], [""0.018958"", ""1760.91""], [""0.018961"", ""3012.93""], [""0.018968"", ""1163.44""]]"
2026-08-26T19:10:02.244192Z,1787771402244,NILUSDT,0.04416,626.60,0.04430,2065.57,70287.56,61912.99,1787771403216,"[[""0.04416"", ""626.60""], [""0.04415"", ""326.08""], [""0.04414"", ""3038.00""], [""0.04410"", ""2500.00""], [""0.04409"", ""8456.00""], [""0.04405"", ""2500.00""], [""0.04404"", ""10575.00""], [""0.04402"", ""685.00""], [""0.04400"", ""5922.00""], [""0.04395"", ""103.95""], [""0.04394"", ""27.31""], [""0.04393"", ""2618.01""], [""0.04392"", ""30.86""], [""0.04391"", ""27.33""], [""0.04390"", ""31.44""], [""0.04389"", ""31.04""], [""0.04388"", ""27.35""], [""0.04387"", ""1786.23""], [""0.04386"", ""3975.36""], [""0.04384"", ""27000.00""]]","[[""0.04430"", ""2065.57""], [""0.04431"", ""385.13""], [""0.04435"", ""2500.00""], [""0.04436"", ""1519.00""], [""0.04440"", ""623.57""], [""0.04441"", ""2500.00""], [""0.04442"", ""4326.00""], [""0.04443"", ""7562.00""], [""0.04446"", ""5288.00""], [""0.04451"", ""8693.67""], [""0.04452"", ""17724.77""], [""0.04453"", ""336.78""], [""0.04454"", ""103.77""], [""0.04455"", ""26.94""], [""0.04456"", ""103.77""], [""0.04457"", ""28.49""], [""0.04458"", ""26.92""], [""0.04459"", ""28.73""], [""0.04460"", ""173.88""], [""0.04462"", ""7896.00""]]"
2026-08-26T19:10:02.244192Z,1787771402244,MINAUSDT,0.06129,6342.80,0.06142,12953.00,1177121.05,481291.64,1787771403753,"[[""0.06129"", ""6342.80""], [""0.06121"", ""8816.10""], [""0.06120"", ""38291.90""], [""0.06107"", ""61621.60""], [""0.06099"", ""2123.36""], [""0.06098"", ""81058.12""], [""0.06090"", ""179.34""], [""0.06089"", ""555735.62""], [""0.06080"", ""54873.94""], [""0.06066"", ""25328.49""], [""0.06048"", ""90986.83""], [""0.06027"", ""120103.83""], [""0.06026"", ""31848.57""], [""0.06017"", ""52083.20""], [""0.06009"", ""21765.59""], [""0.06008"", ""13734.90""], [""0.05995"", ""4073.31""], [""0.05968"", ""2962.53""], [""0.05955"", ""2595.51""], [""0.05946"", ""2595.51""]]","[[""0.06142"", ""12953.00""], [""0.06152"", ""7455.57""], [""0.06153"", ""22640.50""], [""0.06160"", ""52927.30""], [""0.06171"", ""73121.62""], [""0.06182"", ""49978.50""], [""0.06193"", ""20347.25""], [""0.06199"", ""492.13""], [""0.06200"", ""20347.25""], [""0.06222"", ""69409.89""], [""0.06240"", ""31581.11""], [""0.06242"", ""2503.80""], [""0.06253"", ""11710.08""], [""0.06262"", ""78576.19""], [""0.06264"", ""6277.00""], [""0.06275"", ""2727.45""], [""0.06282"", ""2089.71""], [""0.06293"", ""8632.71""], [""0.06304"", ""3251.70""], [""0.06315"", ""4268.88""]]"
2026-08-26T19:10:02.244192Z,1787771402244,SFPUSDT,0.2615,178.00,0.2617,1481.00,10969.01,14256.529999999999,1787771372213,"[[""0.2615"", ""178.00""], [""0.2614"", ""1520.00""], [""0.2613"", ""120.00""], [""0.2612"", ""22.00""], [""0.2611"", ""1963.50""], [""0.2610"", ""1143.00""], [""0.2609"", ""22.00""], [""0.2607"", ""2071.30""], [""0.2605"", ""642.48""], [""0.2604"", ""360.80""], [""0.2603"", ""2529.80""], [""0.2602"", ""16.00""], [""0.2601"", ""4.86""], [""0.2600"", ""16.00""], [""0.2599"", ""16.00""], [""0.2598"", ""16.00""], [""0.2597"", ""16.00""], [""0.2596"", ""16.00""], [""0.2595"", ""290.27""], [""0.2588"", ""5.00""]]","[[""0.2617"", ""1481.00""], [""0.2618"", ""228.00""], [""0.2619"", ""167.09""], [""0.2620"", ""1438.80""], [""0.2621"", ""1122.00""], [""0.2622"", ""1498.30""], [""0.2623"", ""22.00""], [""0.2625"", ""610.50""], [""0.2627"", ""2971.10""], [""0.2628"", ""1419.12""], [""0.2629"", ""1968.23""], [""0.2630"", ""229.60""], [""0.2631"", ""16.00""], [""0.2632"", ""16.00""], [""0.2633"", ""16.00""], [""0.2634"", ""16.00""], [""0.2635"", ""897.60""], [""0.2636"", ""16.00""], [""0.2637"", ""16.00""], [""0.2651"", ""107.19""]]"
2026-08-26T19:10:02.244192Z,1787771402244,XYOUSDT,0.00333,3378.34,0.00336,36649.58,1694504.76,1472580.02,1787771403067,"[[""0.00333"", ""3378.34""], [""0.00332"", ""202893.00""], [""0.00331"", ""153449.56""], [""0.00330"", ""307383.73""], [""0.00329"", ""162805.58""], [""0.00328"", ""207316.85""], [""0.00327"", ""367249.60""], [""0.00326"", ""253052.00""], [""0.00325"", ""5373.90""], [""0.00323"", ""2183.26""], [""0.00321"", ""6144.15""], [""0.00319"", ""3442.71""], [""0.00317"", ""3417.78""], [""0.00316"", ""3411.32""], [""0.00315"", ""3422.17""], [""0.00314"", ""2094.97""], [""0.00313"", ""325.87""], [""0.00312"", ""2377.88""], [""0.00310"", ""2368.73""], [""0.00308"", ""2413.36""]]","[[""0.00336"", ""36649.58""], [""0.00337"", ""237486.00""], [""0.00338"", ""367606.59""], [""0.00339"", ""309126.84""], [""0.00340"", ""61989.73""], [""0.00341"", ""9628.99""], [""0.00342"", ""2104.15""], [""0.00343"", ""50857.93""], [""0.00344"", ""4483.47""], [""0.00345"", ""2413.36""], [""0.00347"", ""2125.09""], [""0.00348"", ""2395.52""], [""0.00349"", ""2487.51""], [""0.00351"", ""3959.84""], [""0.00354"", ""2569.05""], [""0.00355"", ""3738.32""], [""0.00357"", ""2166.56""], [""0.00369"", ""16683.17""], [""0.00420"", ""297950.46""], [""0.00481"", ""56157.86""]]"
2026-08-26T19:10:02.244192Z,1787771402244,GOATUSDT,0.01558,19509.05,0.01562,978.75,270849.17,288874.81,1787771402768,"[[""0.01558"", ""19509.05""], [""0.01557"", ""34865.56""], [""0.01556"", ""32588.04""], [""0.01555"", ""90.62""], [""0.01554"", ""22388.61""], [""0.01553"", ""9827.55""], [""0.01552"", ""6726.68""], [""0.01551"", ""17163.77""], [""0.01550"", ""31738.84""], [""0.01549"", ""11947.02""], [""0.01548"", ""4865.93""], [""0.01547"", ""30978.62""], [""0.01546"", ""155.24""], [""0.01545"", ""3147.25""], [""0.01544"", ""17782.77""], [""0.01543"", ""4659.34""], [""0.01542"", ""6315.92""], [""0.01541"", ""12947.98""], [""0.01540"", ""88.39""], [""0.01539"", ""3061.99""]]","[[""0.01562"", ""978.75""], [""0.01563"", ""21946.02""], [""0.01564"", ""76.73""], [""0.01565"", ""35277.00""], [""0.01566"", ""76.63""], [""0.01567"", ""3198.73""], [""0.01568"", ""28124.40""], [""0.01569"", ""3115.25""], [""0.01570"", ""13247.34""], [""0.01571"", ""7621.19""], [""0.01572"", ""19347.49""], [""0.01573"", ""3750.29""], [""0.01574"", ""2581.62""], [""0.01575"", ""13512.06""], [""0.01576"", ""41401.61""], [""0.01577"", ""26109.40""], [""0.01578"", ""41984.61""], [""0.01579"", ""8450.20""], [""0.01580"", ""587.25""], [""0.01581"", ""17488.24""]]"
2026-08-26T19:10:02.244192Z,1787771402244,XPRUSDT,0.0028407,2695.47,0.0028488,35102.49,294810.19,955990.62,1787771407068,"[[""0.0028407"", ""2695.47""], [""0.0028400"", ""101683.60""], [""0.0028392"", ""5287.44""], [""0.0028390"", ""5287.44""], [""0.0028389"", ""5287.44""], [""0.0028387"", ""5287.44""], [""0.0028386"", ""5287.44""], [""0.0028384"", ""5287.44""], [""0.0028383"", ""5287.44""], [""0.0028381"", ""5287.44""], [""0.0028380"", ""5287.44""], [""0.0028378"", ""5287.44""], [""0.0028377"", ""5287.44""], [""0.0028375"", ""99577.20""], [""0.0028374"", ""5287.44""], [""0.0028365"", ""5287.44""], [""0.0028359"", ""5287.44""], [""0.0028338"", ""5287.44""], [""0.0028336"", ""6254.88""], [""0.0028335"", ""5287.44""]]","[[""0.0028488"", ""35102.49""], [""0.0028489"", ""23444.38""], [""0.0028490"", ""267060.81""], [""0.0028494"", ""437266.32""], [""0.0028501"", ""12616.03""], [""0.0028509"", ""5287.44""], [""0.0028510"", ""5287.44""], [""0.0028512"", ""5287.44""], [""0.0028513"", ""5287.44""], [""0.0028515"", ""5287.44""], [""0.0028516"", ""5287.44""], [""0.0028518"", ""420.79""], [""0.0028520"", ""10518.93""], [""0.0028532"", ""28644.55""], [""0.0028534"", ""5287.44""], [""0.0028537"", ""5287.44""], [""0.0028540"", ""5287.44""], [""0.0028543"", ""82331.92""], [""0.0028559"", ""5710.00""], [""0.0028564"", ""5287.44""]]"
2026-08-26T19:10:02.244192Z,1787771402244,SUSDT,0.03169,6982.00,0.03176,3029.40,169707.41,227310.56,1787771407950,"[[""0.03169"", ""6982.00""], [""0.03168"", ""6982.00""], [""0.03167"", ""7142.70""], [""0.03166"", ""3332.56""], [""0.03165"", ""14534.85""], [""0.03164"", ""6632.56""], [""0.03163"", ""6632.56""], [""0.03162"", ""11707.84""], [""0.03160"", ""21304.58""], [""0.03159"", ""1614.17""], [""0.03156"", ""18000.04""], [""0.03155"", ""2460.32""], [""0.03154"", ""12181.54""], [""0.03153"", ""1060.33""], [""0.03152"", ""12051.34""], [""0.03151"", ""2908.08""], [""0.03150"", ""7194.28""], [""0.03149"", ""4061.82""], [""0.03148"", ""18862.02""], [""0.03147"", ""4061.82""]]","[[""0.03176"", ""3029.40""], [""0.03177"", ""6029.40""], [""0.03178"", ""14892.02""], [""0.03179"", ""18872.04""], [""0.03180"", ""16606.04""], [""0.03181"", ""11071.28""], [""0.03182"", ""11816.20""], [""0.03184"", ""28695.15""], [""0.03186"", ""22728.64""], [""0.03188"", ""53783.29""], [""0.03193"", ""6358.14""], [""0.03194"", ""2415.00""], [""0.03195"", ""6022.41""], [""0.03196"", ""10221.19""], [""0.03197"", ""2706.66""], [""0.03198"", ""1004.04""], [""0.03199"", ""4094.53""], [""0.03200"", ""2077.75""], [""0.03201"", ""4244.59""], [""0.03202"", ""642.79""]]"
2026-08-26T20:10:02.144124Z,1787775002144,PIPPINUSDT,0.019174,78840.00,0.019237,4664.81,238253.01,143073.95,1787775002848,"[[""0.019174"", ""78840.00""], [""0.019142"", ""6508.27""], [""0.019141"", ""11624.26""], [""0.019132"", ""3932.12""], [""0.019131"", ""9065.41""], [""0.019128"", ""9068.40""], [""0.019125"", ""54355.18""], [""0.019124"", ""27177.59""], [""0.019105"", ""10738.48""], [""0.019104"", ""9064.62""], [""0.019096"", ""9064.62""], [""0.019089"", ""223.21""], [""0.019020"", ""157.19""], [""0.018984"", ""1302.76""], [""0.018957"", ""180.00""], [""0.018927"", ""1336.44""], [""0.018908"", ""1844.28""], [""0.018849"", ""1196.96""], [""0.018847"", ""2374.36""], [""0.018835"", ""198.86""]]","[[""0.019237"", ""4664.81""], [""0.019238"", ""3740.00""], [""0.019240"", ""236.13""], [""0.019244"", ""18136.50""], [""0.019246"", ""1063.00""], [""0.019247"", ""54375.35""], [""0.019248"", ""27192.81""], [""0.019283"", ""9200.00""], [""0.019284"", ""3732.21""], [""0.019288"", ""3142.00""], [""0.019306"", ""1909.54""], [""0.019326"", ""3504.77""], [""0.019335"", ""2367.08""], [""0.019340"", ""1163.44""], [""0.019345"", ""1550.00""], [""0.019346"", ""4123.21""], [""0.019348"", ""208.96""], [""0.019349"", ""2360.82""], [""0.019413"", ""169.39""], [""0.019464"", ""233.93""]]"
2026-08-26T20:10:02.144124Z,1787775002144,NILUSDT,0.04420,234.92,0.04435,109.93,49945.92,56987.23,1787775001613,"[[""0.04420"", ""234.92""], [""0.04419"", ""294.76""], [""0.04418"", ""2500.00""], [""0.04417"", ""2263.98""], [""0.04416"", ""2500.00""], [""0.04415"", ""3038.00""], [""0.04411"", ""2500.00""], [""0.04410"", ""10800.07""], [""0.04407"", ""10575.00""], [""0.04403"", ""1131.00""], [""0.04400"", ""6635.51""], [""0.04399"", ""2791.62""], [""0.04398"", ""27.29""], [""0.04397"", ""103.68""], [""0.04396"", ""27.30""], [""0.04395"", ""958.32""], [""0.04394"", ""3405.96""], [""0.04393"", ""27.32""], [""0.04392"", ""103.86""], [""0.04391"", ""27.33""]]","[[""0.04435"", ""109.93""], [""0.04436"", ""1519.00""], [""0.04443"", ""1076.09""], [""0.04444"", ""4326.00""], [""0.04445"", ""7841.00""], [""0.04448"", ""5288.00""], [""0.04452"", ""4326.00""], [""0.04456"", ""26.93""], [""0.04457"", ""27.13""], [""0.04458"", ""5948.92""], [""0.04459"", ""1759.50""], [""0.04460"", ""2426.58""], [""0.04461"", ""326.07""], [""0.04462"", ""30.09""], [""0.04463"", ""117.63""], [""0.04464"", ""27.92""], [""0.04466"", ""308.43""], [""0.04467"", ""388.01""], [""0.04468"", ""14625.00""], [""0.04471"", ""6489.00""]]"
2026-08-26T20:10:02.144124Z,1787775002144,MINAUSDT,0.06147,7220.20,0.06160,3695.30,1127675.08,472616.05,1787775002753,"[[""0.06147"", ""7220.20""], [""0.06139"", ""492.45""], [""0.06138"", ""8659.43""], [""0.06137"", ""39525.60""], [""0.06129"", ""104564.30""], [""0.06121"", ""2115.73""], [""0.06120"", ""529653.30""], [""0.06108"", ""179.34""], [""0.06107"", ""59123.57""], [""0.06098"", ""56449.91""], [""0.06089"", ""24961.64""], [""0.06066"", ""93318.83""], [""0.06048"", ""127934.30""], [""0.06035"", ""34243.47""], [""0.06027"", ""19336.35""], [""0.06026"", ""6688.44""], [""0.06017"", ""2505.06""], [""0.06008"", ""6627.15""], [""0.05986"", ""1646.01""], [""0.05977"", ""2430.00""]]","[[""0.06160"", ""3695.30""], [""0.06171"", ""41110.17""], [""0.06182"", ""38059.30""], [""0.06193"", ""47653.10""], [""0.06200"", ""50257.70""], [""0.06211"", ""41301.70""], [""0.06222"", ""24575.32""], [""0.06240"", ""62500.68""], [""0.06262"", ""19180.15""], [""0.06264"", ""2503.71""], [""0.06275"", ""10685.43""], [""0.06280"", ""88399.19""], [""0.06282"", ""14975.56""], [""0.06293"", ""5253.84""], [""0.06304"", ""5253.84""], [""0.06315"", ""4256.46""], [""0.06322"", ""2503.98""], [""0.06333"", ""2503.80""], [""0.06344"", ""2503.71""], [""0.06355"", ""5443.11""]]"
2026-08-26T20:10:02.144124Z,1787775002144,SFPUSDT,0.2613,2402.00,0.2615,751.00,10950.95,15780.8,1787775001713,"[[""0.2613"", ""2402.00""], [""0.2612"", ""120.00""], [""0.2611"", ""120.00""], [""0.2610"", ""676.00""], [""0.2609"", ""2462.90""], [""0.2608"", ""1022.00""], [""0.2607"", ""1678.60""], [""0.2606"", ""47.50""], [""0.2605"", ""44.00""], [""0.2603"", ""605.00""], [""0.2602"", ""37.60""], [""0.2601"", ""1640.70""], [""0.2600"", ""16.00""], [""0.2599"", ""4.62""], [""0.2598"", ""16.00""], [""0.2597"", ""16.00""], [""0.2596"", ""16.00""], [""0.2595"", ""5.40""], [""0.2594"", ""4.63""], [""0.2593"", ""16.00""]]","[[""0.2615"", ""751.00""], [""0.2616"", ""120.00""], [""0.2617"", ""1518.00""], [""0.2618"", ""141.90""], [""0.2619"", ""4634.30""], [""0.2620"", ""2115.49""], [""0.2621"", ""22.00""], [""0.2623"", ""810.70""], [""0.2625"", ""2392.50""], [""0.2626"", ""1260.47""], [""0.2627"", ""82.00""], [""0.2628"", ""16.00""], [""0.2629"", ""16.00""], [""0.2630"", ""16.00""], [""0.2631"", ""16.00""], [""0.2632"", ""883.20""], [""0.2633"", ""16.00""], [""0.2634"", ""16.00""], [""0.2635"", ""907.20""], [""0.2649"", ""46.04""]]"
2026-08-26T20:10:02.144124Z,1787775002144,XYOUSDT,0.00332,15553.28,0.00335,139782.89,1666500.81,1343912.85,1787774999667,"[[""0.00332"", ""15553.28""], [""0.00331"", ""225707.00""], [""0.00330"", ""163596.50""], [""0.00329"", ""273147.30""], [""0.00328"", ""370712.31""], [""0.00327"", ""161698.40""], [""0.00326"", ""111943.73""], [""0.00325"", ""67861.44""], [""0.00324"", ""233380.92""], [""0.00323"", ""4656.86""], [""0.00321"", ""3589.05""], [""0.00320"", ""8177.31""], [""0.00319"", ""3442.71""], [""0.00318"", ""2562.80""], [""0.00317"", ""3417.78""], [""0.00315"", ""3422.17""], [""0.00314"", ""3558.39""], [""0.00313"", ""3569.71""], [""0.00311"", ""3258.23""], [""0.00309"", ""3244.92""]]","[[""0.00335"", ""139782.89""], [""0.00336"", ""170780.23""], [""0.00337"", ""297536.95""], [""0.00338"", ""199628.79""], [""0.00339"", ""72588.00""], [""0.00340"", ""9383.90""], [""0.00341"", ""55121.94""], [""0.00342"", ""2060.93""], [""0.00343"", ""4437.46""], [""0.00345"", ""2161.39""], [""0.00346"", ""2281.15""], [""0.00347"", ""2125.09""], [""0.00349"", ""2487.51""], [""0.00351"", ""3959.84""], [""0.00353"", ""3234.89""], [""0.00355"", ""3064.93""], [""0.00357"", ""2485.47""], [""0.00361"", ""16683.17""], [""0.00420"", ""297950.46""], [""0.00481"", ""56157.86""]]"
2026-08-26T20:10:02.144124Z,1787775002144,GOATUSDT,0.01562,50696.69,0.01566,978.75,348500.7,239173.93,1787775006370,"[[""0.01562"", ""50696.69""], [""0.01561"", ""78.92""], [""0.01560"", ""83.36""], [""0.01559"", ""22176.37""], [""0.01558"", ""8729.24""], [""0.01557"", ""1076.63""], [""0.01556"", ""58045.94""], [""0.01555"", ""11781.06""], [""0.01554"", ""13642.18""], [""0.01553"", ""8250.95""], [""0.01552"", ""21891.32""], [""0.01551"", ""41358.90""], [""0.01550"", ""2011.50""], [""0.01549"", ""34164.95""], [""0.01548"", ""5551.06""], [""0.01547"", ""4153.27""], [""0.01546"", ""31661.42""], [""0.01545"", ""3405.97""], [""0.01544"", ""13110.20""], [""0.01543"", ""16630.77""]]","[[""0.01566"", ""978.75""], [""0.01567"", ""76.58""], [""0.01568"", ""24992.01""], [""0.01569"", ""18312.24""], [""0.01570"", ""25258.07""], [""0.01571"", ""2346.52""], [""0.01572"", ""3127.43""], [""0.01573"", ""6789.25""], [""0.01574"", ""152.48""], [""0.01575"", ""33020.63""], [""0.01576"", ""11628.98""], [""0.01577"", ""12133.11""], [""0.01578"", ""152.10""], [""0.01579"", ""9074.83""], [""0.01580"", ""13426.11""], [""0.01581"", ""7711.61""], [""0.01582"", ""4040.51""], [""0.01583"", ""39627.66""], [""0.01584"", ""10880.60""], [""0.01585"", ""15444.46""]]"
2026-08-26T20:10:02.144124Z,1787775002144,XPRUSDT,0.0028321,3656.24,0.0028438,6609.30,435895.45,896267.72,1787775007267,"[[""0.0028321"", ""3656.24""], [""0.0028319"", ""5287.44""], [""0.0028317"", ""48348.00""], [""0.0028296"", ""5287.44""], [""0.0028282"", ""7307.54""], [""0.0028264"", ""41532.24""], [""0.0028262"", ""168216.65""], [""0.0028238"", ""9674.55""], [""0.0028237"", ""11850.24""], [""0.0028234"", ""7105.16""], [""0.0028230"", ""7295.31""], [""0.0028217"", ""10892.00""], [""0.0028207"", ""19809.14""], [""0.0028206"", ""22331.84""], [""0.0028205"", ""12408.38""], [""0.0028204"", ""29807.28""], [""0.0028202"", ""5287.44""], [""0.0028199"", ""2915.04""], [""0.0028197"", ""11596.08""], [""0.0028196"", ""5287.44""]]","[[""0.0028438"", ""6609.30""], [""0.0028463"", ""5287.44""], [""0.0028477"", ""19883.35""], [""0.0028478"", ""88664.93""], [""0.0028510"", ""3512.40""], [""0.0028511"", ""448.16""], [""0.0028567"", ""7246.80""], [""0.0028568"", ""5287.44""], [""0.0028569"", ""420.04""], [""0.0028576"", ""5287.44""], [""0.0028603"", ""8260.72""], [""0.0028626"", ""6301.60""], [""0.0028627"", ""5287.44""], [""0.0028629"", ""419.16""], [""0.0028666"", ""710067.87""], [""0.0028667"", ""5710.00""], [""0.0028669"", ""5287.44""], [""0.0028671"", ""420.35""], [""0.0028675"", ""6578.40""], [""0.0028678"", ""5287.44""]]"
2026-08-26T20:10:02.144124Z,1787775002144,SUSDT,0.03148,2868.70,0.03151,3368.70,325843.32,168904.65,1787775008250,"[[""0.03148"", ""2868.70""], [""0.03147"", ""5151.90""], [""0.03146"", ""10797.20""], [""0.03145"", ""8140.00""], [""0.03144"", ""25644.08""], [""0.03143"", ""6633.99""], [""0.03142"", ""35207.26""], [""0.03140"", ""74969.95""], [""0.03138"", ""64570.44""], [""0.03137"", ""3905.25""], [""0.03136"", ""10557.45""], [""0.03135"", ""15388.10""], [""0.03134"", ""7466.70""], [""0.03133"", ""6432.45""], [""0.03132"", ""1765.75""], [""0.03131"", ""15706.75""], [""0.03130"", ""17592.45""], [""0.03129"", ""3911.20""], [""0.03128"", ""7228.33""], [""0.03123"", ""1905.37""]]","[[""0.03151"", ""3368.70""], [""0.03152"", ""4632.70""], [""0.03153"", ""162.00""], [""0.03154"", ""19164.15""], [""0.03155"", ""16620.00""], [""0.03156"", ""6192.26""], [""0.03157"", ""20183.46""], [""0.03159"", ""12641.89""], [""0.03161"", ""27483.74""], [""0.03162"", ""3511.35""], [""0.03163"", ""27000.20""], [""0.03164"", ""552.70""], [""0.03165"", ""3844.15""], [""0.03166"", ""3844.15""], [""0.03167"", ""3200.50""], [""0.03168"", ""634.86""], [""0.03169"", ""685.81""], [""0.03170"", ""1434.35""], [""0.03171"", ""8541.78""], [""0.03173"", ""5205.90""]]"
2026-08-26T21:10:01.459807Z,1787778601459,PIPPINUSDT,0.019156,1811.46,0.019223,1893.71,134603.2,217543.87,1787778601148,"[[""0.019156"", ""1811.46""], [""0.019155"", ""2452.15""], [""0.019151"", ""7512.63""], [""0.019150"", ""54331.14""], [""0.019149"", ""27166.63""], [""0.019132"", ""9049.89""], [""0.019128"", ""9882.23""], [""0.019127"", ""9049.42""], [""0.019122"", ""166.32""], [""0.019089"", ""223.21""], [""0.019043"", ""1327.78""], [""0.019039"", ""1274.61""], [""0.019035"", ""1796.36""], [""0.019020"", ""157.19""], [""0.018993"", ""1719.81""], [""0.018986"", ""1364.04""], [""0.018985"", ""2782.80""], [""0.018968"", ""1158.57""], [""0.018957"", ""180.00""], [""0.018849"", ""1196.96""]]","[[""0.019223"", ""1893.71""], [""0.019257"", ""8695.35""], [""0.019258"", ""78840.00""], [""0.019264"", ""12718.02""], [""0.019297"", ""27150.73""], [""0.019298"", ""54273.94""], [""0.019347"", ""1063.00""], [""0.019348"", ""208.96""], [""0.019352"", ""517.96""], [""0.019353"", ""3610.00""], [""0.019354"", ""9200.00""], [""0.019355"", ""4850.00""], [""0.019365"", ""1625.38""], [""0.019399"", ""2696.63""], [""0.019408"", ""1545.00""], [""0.019409"", ""1760.91""], [""0.019410"", ""2753.57""], [""0.019412"", ""2807.88""], [""0.019413"", ""169.39""], [""0.019415"", ""1163.44""]]"
2026-08-26T21:10:01.459807Z,1787778601459,NILUSDT,0.04418,3038.00,0.04424,8857.88,87559.33,81578.97,1787778602213,"[[""0.04418"", ""3038.00""], [""0.04412"", ""2500.00""], [""0.04411"", ""4083.16""], [""0.04410"", ""2500.00""], [""0.04409"", ""10575.00""], [""0.04406"", ""685.00""], [""0.04402"", ""3581.50""], [""0.04401"", ""7081.00""], [""0.04400"", ""5922.00""], [""0.04399"", ""1131.00""], [""0.04394"", ""693.00""], [""0.04391"", ""695.00""], [""0.04389"", ""27000.00""], [""0.04385"", ""5922.00""], [""0.04382"", ""2163.00""], [""0.04363"", ""905.00""], [""0.04355"", ""905.00""], [""0.04354"", ""5922.00""], [""0.04352"", ""1131.00""], [""0.04348"", ""1126.67""]]","[[""0.04424"", ""8857.88""], [""0.04430"", ""2199.97""], [""0.04432"", ""645.91""], [""0.04436"", ""1519.00""], [""0.04439"", ""860.65""], [""0.04440"", ""2500.00""], [""0.04442"", ""2500.00""], [""0.04443"", ""5456.00""], [""0.04444"", ""1131.00""], [""0.04448"", ""2500.00""], [""0.04449"", ""9200.01""], [""0.04450"", ""5288.00""], [""0.04451"", ""6826.00""], [""0.04452"", ""4326.00""], [""0.04455"", ""479.84""], [""0.04460"", ""904.00""], [""0.04461"", ""1808.00""], [""0.04465"", ""2055.71""], [""0.04466"", ""7896.00""], [""0.04470"", ""14625.00""]]"
2026-08-26T21:10:01.459807Z,1787778601459,MINAUSDT,0.06139,2453.14,0.06153,2892.30,1214241.21,533973.33,1787778602053,"[[""0.06139"", ""2453.14""], [""0.06138"", ""199.37""], [""0.06137"", ""30736.90""], [""0.06129"", ""19033.60""], [""0.06120"", ""30164.40""], [""0.06109"", ""179.34""], [""0.06108"", ""2120.23""], [""0.06107"", ""128984.02""], [""0.06098"", ""577322.68""], [""0.06089"", ""44548.68""], [""0.06080"", ""33984.61""], [""0.06058"", ""57901.58""], [""0.06040"", ""116691.30""], [""0.06035"", ""19800.78""], [""0.06026"", ""15661.44""], [""0.06018"", ""109724.78""], [""0.06017"", ""22.61""], [""0.06008"", ""11703.78""], [""0.05995"", ""7074.18""], [""0.05986"", ""5933.79""]]","[[""0.06153"", ""2892.30""], [""0.06159"", ""208.32""], [""0.06160"", ""55482.35""], [""0.06171"", ""69650.57""], [""0.06182"", ""67744.60""], [""0.06193"", ""66745.14""], [""0.06200"", ""31598.38""], [""0.06211"", ""7550.62""], [""0.06233"", ""80841.42""], [""0.06251"", ""89708.96""], [""0.06252"", ""494.94""], [""0.06253"", ""13798.44""], [""0.06264"", ""8295.02""], [""0.06273"", ""16475.14""], [""0.06275"", ""2757.24""], [""0.06282"", ""2089.71""], [""0.06293"", ""8632.71""], [""0.06304"", ""3251.70""], [""0.06315"", ""3251.70""], [""0.06322"", ""2504.07""]]"
2026-08-26T21:10:01.459807Z,1787778601459,SFPUSDT,0.2616,2226.00,0.2619,20.00,17411.44,13458.58,1787778603713,"[[""0.2616"", ""2226.00""], [""0.2615"", ""120.00""], [""0.2613"", ""771.00""], [""0.2612"", ""104.00""], [""0.2611"", ""2100.00""], [""0.2610"", ""61.60""], [""0.2609"", ""553.37""], [""0.2608"", ""1988.80""], [""0.2606"", ""3242.92""], [""0.2605"", ""16.00""], [""0.2604"", ""5527.00""], [""0.2603"", ""5.10""], [""0.2602"", ""4.78""], [""0.2601"", ""16.00""], [""0.2600"", ""594.87""], [""0.2599"", ""16.00""], [""0.2598"", ""16.00""], [""0.2597"", ""16.00""], [""0.2596"", ""16.00""], [""0.2595"", ""16.00""]]","[[""0.2619"", ""20.00""], [""0.2620"", ""1406.00""], [""0.2621"", ""22.00""], [""0.2622"", ""2702.95""], [""0.2623"", ""315.70""], [""0.2624"", ""1022.00""], [""0.2626"", ""1089.00""], [""0.2628"", ""66.00""], [""0.2630"", ""2408.50""], [""0.2631"", ""2408.50""], [""0.2632"", ""870.78""], [""0.2633"", ""16.00""], [""0.2634"", ""1005.92""], [""0.2636"", ""5.12""], [""0.2641"", ""5.40""], [""0.2643"", ""5.15""], [""0.2647"", ""76.00""], [""0.2661"", ""4.51""], [""0.2664"", ""4.55""], [""0.2667"", ""4.50""]]"
2026-08-26T21:10:01.459807Z,1787778601459,XYOUSDT,0.00330,41292.40,0.00332,161157.11,1684374.45,1406715.96,1787778601367,"[[""0.00330"", ""41292.40""], [""0.00329"", ""87016.96""], [""0.00328"", ""251747.69""], [""0.00327"", ""193707.42""], [""0.00326"", ""253982.89""], [""0.00325"", ""112132.72""], [""0.00324"", ""160132.10""], [""0.00323"", ""294941.61""], [""0.00322"", ""253052.00""], [""0.00321"", ""6076.92""], [""0.00319"", ""3442.71""], [""0.00318"", ""2578.33""], [""0.00317"", ""3417.78""], [""0.00315"", ""3422.17""], [""0.00313"", ""3569.71""], [""0.00311"", ""3258.23""], [""0.00309"", ""3244.92""], [""0.00307"", ""3303.43""], [""0.00305"", ""2136.46""], [""0.00304"", ""1918.00""]]","[[""0.00332"", ""161157.11""], [""0.00334"", ""212722.00""], [""0.00335"", ""179665.64""], [""0.00336"", ""307587.20""], [""0.00337"", ""143184.56""], [""0.00338"", ""1390.79""], [""0.00340"", ""2316.48""], [""0.00341"", ""4420.81""], [""0.00342"", ""2060.93""], [""0.00343"", ""2104.15""], [""0.00345"", ""2161.39""], [""0.00346"", ""2281.15""], [""0.00347"", ""2125.09""], [""0.00349"", ""2487.51""], [""0.00351"", ""3959.84""], [""0.00353"", ""3234.89""], [""0.00355"", ""3064.93""], [""0.00359"", ""16683.17""], [""0.00420"", ""297950.46""], [""0.00481"", ""56157.86""]]"
2026-08-26T21:10:01.459807Z,1787778601459,GOATUSDT,0.01577,978.75,0.01582,18987.34,288181.02,305527.81,1787778605468,"[[""0.01577"", ""978.75""], [""0.01576"", ""59956.55""], [""0.01575"", ""80.72""], [""0.01574"", ""42331.23""], [""0.01573"", ""76.29""], [""0.01572"", ""21989.35""], [""0.01571"", ""3763.13""], [""0.01570"", ""6318.35""], [""0.01569"", ""16785.29""], [""0.01568"", ""89.83""], [""0.01567"", ""17511.81""], [""0.01566"", ""2986.07""], [""0.01565"", ""16011.48""], [""0.01564"", ""35540.80""], [""0.01563"", ""10735.28""], [""0.01562"", ""35783.44""], [""0.01561"", ""4797.40""], [""0.01560"", ""5152.78""], [""0.01559"", ""2616.25""], [""0.01558"", ""4676.22""]]","[[""0.01582"", ""18987.34""], [""0.01583"", ""75.81""], [""0.01584"", ""24698.42""], [""0.01585"", ""21975.93""], [""0.01586"", ""7248.93""], [""0.01587"", ""36476.20""], [""0.01588"", ""19068.46""], [""0.01589"", ""25662.62""], [""0.01590"", ""32207.03""], [""0.01591"", ""26000.43""], [""0.01592"", ""23044.38""], [""0.01593"", ""7933.44""], [""0.01594"", ""15742.97""], [""0.01595"", ""14112.19""], [""0.01596"", ""26828.53""], [""0.01597"", ""1737.08""], [""0.01598"", ""2807.25""], [""0.01599"", ""75.05""], [""0.01601"", ""770.84""], [""0.01602"", ""74.91""]]"
2026-08-26T21:10:01.459807Z,1787778601459,XPRUSDT,0.0028378,6609.30,0.0028482,322295.46,389740.7,596954.01,1787778606568,"[[""0.0028378"", ""6609.30""], [""0.0028377"", ""3160.64""], [""0.0028367"", ""5287.44""], [""0.0028315"", ""3520.16""], [""0.0028310"", ""423.88""], [""0.0028288"", ""10145.19""], [""0.0028262"", ""18463.41""], [""0.0028261"", ""188100.00""], [""0.0028259"", ""5287.44""], [""0.0028249"", ""29306.64""], [""0.0028247"", ""5287.44""], [""0.0028227"", ""9186.20""], [""0.0028209"", ""21889.36""], [""0.0028208"", ""5287.44""], [""0.0028191"", ""28196.80""], [""0.0028190"", ""5817.92""], [""0.0028189"", ""29625.12""], [""0.0028187"", ""5287.44""], [""0.0028182"", ""5943.84""], [""0.0028180"", ""2915.04""]]","[[""0.0028482"", ""322295.46""], [""0.0028483"", ""56399.44""], [""0.0028498"", ""3360.71""], [""0.0028530"", ""10515.24""], [""0.0028549"", ""7087.22""], [""0.0028560"", ""16097.30""], [""0.0028561"", ""8789.76""], [""0.0028567"", ""5287.44""], [""0.0028568"", ""480.87""], [""0.0028570"", ""5287.44""], [""0.0028583"", ""12619.20""], [""0.0028585"", ""473.01""], [""0.0028586"", ""419.79""], [""0.0028592"", ""34974.81""], [""0.0028593"", ""5287.44""], [""0.0028616"", ""87363.71""], [""0.0028619"", ""7246.80""], [""0.0028620"", ""7246.80""], [""0.0028643"", ""434.13""], [""0.0028644"", ""5287.44""]]"
2026-08-26T21:10:01.459807Z,1787778601459,SUSDT,0.03120,3368.70,0.03123,4955.89,374466.8,256119.1,1787778606953,"[[""0.03120"", ""3368.70""], [""0.03119"", ""4092.70""], [""0.03117"", ""8664.70""], [""0.03116"", ""18962.80""], [""0.03115"", ""19194.01""], [""0.03114"", ""23086.47""], [""0.03113"", ""14821.73""], [""0.03111"", ""112619.54""], [""0.03109"", ""33522.28""], [""0.03108"", ""5425.05""], [""0.03107"", ""66226.59""], [""0.03106"", ""5429.35""], [""0.03105"", ""2016.25""], [""0.03103"", ""1816.45""], [""0.03102"", ""3929.55""], [""0.03101"", ""26728.20""], [""0.03100"", ""3928.80""], [""0.03099"", ""10618.45""], [""0.03098"", ""3482.80""], [""0.03096"", ""6532.38""]]","[[""0.03123"", ""4955.89""], [""0.03124"", ""3835.97""], [""0.03125"", ""25603.89""], [""0.03126"", ""4435.86""], [""0.03127"", ""23247.40""], [""0.03128"", ""22792.66""], [""0.03129"", ""19424.02""], [""0.03131"", ""28138.88""], [""0.03132"", ""645.33""], [""0.03133"", ""49422.89""], [""0.03134"", ""1516.10""], [""0.03135"", ""42567.32""], [""0.03136"", ""7755.05""], [""0.03137"", ""3847.85""], [""0.03138"", ""1748.70""], [""0.03139"", ""2775.35""], [""0.03140"", ""2775.35""], [""0.03141"", ""4950.66""], [""0.03142"", ""1836.73""], [""0.03144"", ""3843.20""]]"
